SSI_clock_ID,xres,yres,upper_left_x_meters,upper_left_y_meters,lower_right_x_meters,lower_right_y_meters,upper_left_x_deg,upper_left_y_deg,lower_right_x_deg,lower_right_y_deg,RECORD_TYPE,RECORD_BYTES,FILE_RECORDS,^IMAGE_HEADER,^TELEMETRY_TABLE,^BAD_DATA_VALUES_HEADER,^IMAGE,^LINE_PREFIX_TABLE,DATA_SET_ID,SPACECRAFT_NAME,INSTRUMENT_NAME,SPACECRAFT_CLOCK_CNT_PARTITION,SPACECRAFT_CLOCK_START_COUNT,IMAGE_TIME,IMAGE_ID,ORBIT_NUMBER,OBSERVATION_ID,TARGET_NAME,NTV_TIME_FROM_CLOSEST_APPROACH,NTV_SAT_TIME_FROM_CLOSEST_APRH,NOTE,FILTER_NAME,FILTER_NUMBER,EXPOSURE_DURATION,GAIN_MODE_ID,FRAME_DURATION,LIGHT_FLOOD_STATE_FLAG,EXPOSURE_TYPE,BLEMISH_PROTECTION_FLAG,INVERTED_CLOCK_STATE_FLAG,ON_CHIP_MOSAIC_FLAG,COMPRESSION_TYPE,ENTROPY,TELEMETRY_FORMAT_ID,OBSTRUCTION_ID,INSTRUMENT_MODE_ID,POSITIVE_LONGITUDE_DIRECTION,TARGET_CENTER_DISTANCE,CENTRAL_BODY_DISTANCE,SUB_SPACECRAFT_LATITUDE,SUB_SPACECRAFT_LONGITUDE,SUB_SPACECRAFT_LINE,SUB_SPACECRAFT_LINE_SAMPLE,SUB_SPACECRAFT_AZIMUTH,TWIST_ANGLE,CONE_ANGLE,RIGHT_ASCENSION,DECLINATION,NORTH_AZIMUTH,SMEAR_AZIMUTH,SMEAR_MAGNITUDE,HORIZONTAL_PIXEL_SCALE,VERTICAL_PIXEL_SCALE,SLANT_DISTANCE,SOLAR_DISTANCE,SUB_SOLAR_LATITUDE,SUB_SOLAR_LONGITUDE,SUB_SOLAR_AZIMUTH,INCIDENCE_ANGLE,EMISSION_ANGLE,PHASE_ANGLE,LOCAL_HOUR_ANGLE,INTERCEPT_POINT_LATITUDE,INTERCEPT_POINT_LONGITUDE,INTERCEPT_POINT_LINE,INTERCEPT_POINT_LINE_SAMPLE,A_AXIS_RADIUS,B_AXIS_RADIUS,C_AXIS_RADIUS,MEAN_RADIANCE,MEAN_REFLECTANCE,REFLECTANCE_SCALING_FACTOR,RADIANCE_SCALING_FACTOR,UNEVEN_BIT_WEIGHT_CORR_FLAG,DARK_CURRENT_FILE_NAME,SLOPE_FILE_NAME,BLEMISH_FILE_NAME,SHUTTER_OFFSET_FILE_NAME,DATA_TYPE,SOURCE_PRODUCT_ID,PROCESSING_HISTORY_TEXT,PRODUCT_TYPE,ENCODING_COMPRESSION_RATIO,ENCODING_MIN_COMPRESSION_RATIO,ENCODING_MAX_COMPRESSION_RATIO,HUFFMAN_TABLE_TYPE,CUT_OUT_WINDOW,PRODUCT_VERSION_ID
C0349875100R,1570.2686769539,-1570.2686769539,-4910230.1528348,2455900.2107559,4908659.884157936,626537.2021046064,360.1123330315693,90.08496605736394,-0.05473394841573054,22.98203417959605,FIXED_LENGTH,1000,806,"['C0349875100R.IMG', 1]","['C0349875100R.IMG', 3]","['C0349875100R.IMG', 5]","['C0349875100R.IMG', 7]","['C0349875100R.IMG', 7]",GO-J/JSA-SSI-2-REDR-V1.0,GALILEO ORBITER,SOLID STATE IMAGING SYSTEM,1,03498751.00,1996-06-28 01:43:04.667000+00:00,G1E0001,1,G1ESGLOBAL01,EUROPA,000T01:11:02Z,000T00:20:02Z,NOT APPLICABLE,CLEAR,0,4.17,100K,8.667,ON,NORMAL,OFF,NOT INVERTED,N,BARC RATE CONTROL,2.608,IM4,NOT POSSIBLE,N/A,WEST,156159.5,790216.3,23.862,217.368,787.162,10.683,315.159,256.518,144.097,322.579,-40.242,305.896,UNK,UNK,1569.62,1569.52,154595.0,778437000.0,-1.395,245.91,177.551,37.505,0.0,37.505,208.412,23.862,217.368,787.2,10.7,1565.0,1565.0,1565.0,N/A,N/A,N/A,N/A,N/A,N/A,N/A,N/A,N/A,LSB_UNSIGNED_INTEGER,"frozenset({'SSI_SNI P.G01AJHV14_MOD_FIXED_PICNOS', 'S971016A.BSP', 'N/A', 'CKG01B.PLT'})","VICAR programs run: SSIMERGE,CATLABEL,BADLABELS.",REDR,,,,,"frozenset({728, 1, 800})",
C0349875113R,1570.284417406,-1570.284417406,-1213829.8546548,1392842.2782391,1375569.1496476943,-303064.89255938004,224.52453759199628,51.090898892757195,129.54269737310344,-11.116734482866981,FIXED_LENGTH,1000,805,"['C0349875113R.IMG', 1]","['C0349875113R.IMG', 3]","['C0349875113R.IMG', 5]","['C0349875113R.IMG', 6]","['C0349875113R.IMG', 6]",GO-J/JSA-SSI-2-REDR-V1.0,GALILEO ORBITER,SOLID STATE IMAGING SYSTEM,1,03498751.13,1996-06-28 01:43:13.333000+00:00,G1E0002,1,G1ESGLOBAL01,EUROPA,000T01:11:11Z,000T00:20:11Z,NOT APPLICABLE,CLEAR,0,4.17,100K,8.667,ON,NORMAL,OFF,NOT INVERTED,N,BARC RATE CONTROL,2.892,IM4,NOT POSSIBLE,N/A,WEST,156161.1,790222.6,23.863,217.364,145.267,21.882,33.968,255.962,144.085,322.488,-40.601,306.481,UNK,UNK,1569.7,1569.7,154596.0,778437000.0,-1.395,245.92,178.056,37.516,0.0,37.516,208.555,23.863,217.364,145.3,21.9,1565.0,1565.0,1565.0,N/A,N/A,N/A,N/A,N/A,N/A,N/A,N/A,N/A,LSB_UNSIGNED_INTEGER,"frozenset({'SSI_SNI P.G01AJHV14_MOD_FIXED_PICNOS', 'S971016A.BSP', 'N/A', 'CKG01B.PLT'})","VICAR programs run: SSIMERGE,CATLABEL,BADLABELS.",REDR,,,,,"frozenset({800, 1})",
C0349875126R,1570.3002710192,-1570.3002710192,-2229826.3848473,909203.85692012,-323481.8558299914,-1535753.6650567744,261.79234372513724,33.35054015271398,191.86564986435204,-56.33303673463574,FIXED_LENGTH,1000,809,"['C0349875126R.IMG', 1]","['C0349875126R.IMG', 3]","['C0349875126R.IMG', 5]","['C0349875126R.IMG', 10]","['C0349875126R.IMG', 10]",GO-J/JSA-SSI-2-REDR-V1.0,GALILEO ORBITER,SOLID STATE IMAGING SYSTEM,1,03498751.26,1996-06-28 01:43:22+00:00,G1E0003,1,G1ESGLOBAL01,EUROPA,000T01:11:20Z,000T00:20:20Z,NOT APPLICABLE,CLEAR,0,4.17,100K,8.667,ON,NORMAL,OFF,NOT INVERTED,N,BARC RATE CONTROL,3.196,IM4,NOT POSSIBLE,N/A,WEST,156162.6,790229.0,23.864,217.36,161.297,740.127,324.939,256.319,143.664,323.042,-40.688,306.327,UNK,UNK,1680.49,1626.24,154742.0,778437000.0,-1.395,245.93,215.05,21.003,24.896,37.729,200.961,0.349,224.997,400.0,400.0,1565.0,1565.0,1565.0,N/A,N/A,N/A,N/A,N/A,N/A,N/A,N/A,N/A,LSB_UNSIGNED_INTEGER,"frozenset({'SSI_SNI P.G01AJHV14_MOD_FIXED_PICNOS', 'S971016A.BSP', 'N/A', 'CKG01B.PLT'})","VICAR programs run: SSIMERGE,CATLABEL,BADLABELS.",REDR,,,,,"frozenset({800, 1})",
C0349875139R,1570.3162360104,-1570.3162360104,-3646274.3000161,1651972.6802829,-924916.2630100767,-197859.8457373511,313.749121855276,60.59607071134743,213.92688749903292,-7.257704286721992,FIXED_LENGTH,1000,808,"['C0349875139R.IMG', 1]","['C0349875139R.IMG', 3]","['C0349875139R.IMG', 5]","['C0349875139R.IMG', 9]","['C0349875139R.IMG', 9]",GO-J/JSA-SSI-2-REDR-V1.0,GALILEO ORBITER,SOLID STATE IMAGING SYSTEM,1,03498751.39,1996-06-28 01:43:30.667000+00:00,G1E0004,1,G1ESGLOBAL01,EUROPA,000T01:11:28Z,000T00:20:28Z,NOT APPLICABLE,CLEAR,0,4.17,100K,8.667,ON,NORMAL,OFF,NOT INVERTED,N,BARC RATE CONTROL,3.064,IM4,NOT POSSIBLE,N/A,WEST,156164.2,790235.4,23.866,217.357,794.87,731.17,230.014,256.905,143.63,323.163,-40.322,305.719,UNK,UNK,1569.78,1569.76,154599.0,778437000.0,-1.395,245.94,177.57,37.538,0.0,37.538,208.591,23.866,217.357,794.9,731.2,1565.0,1565.0,1565.0,N/A,N/A,N/A,N/A,N/A,N/A,N/A,N/A,N/A,LSB_UNSIGNED_INTEGER,"frozenset({'SSI_SNI P.G01AJHV14_MOD_FIXED_PICNOS', 'S971016A.BSP', 'N/A', 'CKG01B.PLT'})","VICAR programs run: SSIMERGE,CATLABEL,BADLABELS.",REDR,,,,,"frozenset({728, 1, 800})",
C0349875152R,1570.3323496307,-1570.3323496307,-2514102.0917588,2408889.8243335,2591048.376890606,339191.7875202375,272.2198713974336,88.36057634207417,84.95765908447247,12.441906447124069,FIXED_LENGTH,1000,809,"['C0349875152R.IMG', 1]","['C0349875152R.IMG', 3]","['C0349875152R.IMG', 5]","['C0349875152R.IMG', 10]","['C0349875152R.IMG', 10]",GO-J/JSA-SSI-2-REDR-V1.0,GALILEO ORBITER,SOLID STATE IMAGING SYSTEM,1,03498751.52,1996-06-28 01:43:39.354000+00:00,G1E0005,1,G1ESGLOBAL01,EUROPA,000T01:11:37Z,000T00:20:37Z,NOT APPLICABLE,GREEN,1,45.83,100K,8.667,ON,NORMAL,OFF,NOT INVERTED,N,BARC RATE CONTROL,3.293,IM4,NOT POSSIBLE,N/A,WEST,156165.8,790241.8,23.863,217.357,722.089,199.618,121.887,256.618,143.955,322.766,-40.288,305.867,UNK,UNK,1608.64,1665.82,154724.0,778437000.0,-1.395,245.95,163.26,52.952,22.602,37.419,206.212,46.175,219.548,400.0,400.0,1565.0,1565.0,1565.0,N/A,N/A,N/A,N/A,N/A,N/A,N/A,N/A,N/A,LSB_UNSIGNED_INTEGER,"frozenset({'SSI_SNI P.G01AJHV14_MOD_FIXED_PICNOS', 'S971016A.BSP', 'N/A', 'CKG01B.PLT'})","VICAR programs run: SSIMERGE,CATLABEL,BADLABELS.",REDR,,,,,"frozenset({800, 1})",
C0349875165R,1570.3485377053,-1570.3485377053,-2532972.1913186,2416766.3995285,2613059.9667416685,336054.58706897753,272.9120462141866,88.64949728681867,84.1502511466755,12.326830681859196,FIXED_LENGTH,1000,809,"['C0349875165R.IMG', 1]","['C0349875165R.IMG', 3]","['C0349875165R.IMG', 5]","['C0349875165R.IMG', 10]","['C0349875165R.IMG', 10]",GO-J/JSA-SSI-2-REDR-V1.0,GALILEO ORBITER,SOLID STATE IMAGING SYSTEM,1,03498751.65,1996-06-28 01:43:48.021000+00:00,G1E0006,1,G1ESGLOBAL01,EUROPA,000T01:11:46Z,000T00:20:46Z,NOT APPLICABLE,RED,2,45.83,100K,8.667,ON,NORMAL,OFF,NOT INVERTED,N,BARC RATE CONTROL,3.245,IM4,NOT POSSIBLE,N/A,WEST,156167.4,790248.3,23.868,217.349,739.462,197.946,120.762,256.623,143.921,322.79,-40.275,305.867,UNK,UNK,1610.0,1677.7,154731.0,778437000.0,-1.395,245.96,162.689,53.444,23.593,37.434,205.556,47.109,220.326,400.0,400.0,1565.0,1565.0,1565.0,N/A,N/A,N/A,N/A,N/A,N/A,N/A,N/A,N/A,LSB_UNSIGNED_INTEGER,"frozenset({'SSI_SNI P.G01AJHV14_MOD_FIXED_PICNOS', 'S971016A.BSP', 'N/A', 'CKG01B.PLT'})","VICAR programs run: SSIMERGE,CATLABEL,BADLABELS.",REDR,,,,,"frozenset({376, 1, 800})",
C0349875178R,1570.3650410449,-1570.3650410449,-2520435.8908771,2408939.9729629,2503161.875425535,334487.7537425873,272.45220171610345,88.36241584579565,88.18142708070738,12.269357610922828,FIXED_LENGTH,1000,810,"['C0349875178R.IMG', 1]","['C0349875178R.IMG', 3]","['C0349875178R.IMG', 5]","['C0349875178R.IMG', 11]","['C0349875178R.IMG', 11]",GO-J/JSA-SSI-2-REDR-V1.0,GALILEO ORBITER,SOLID STATE IMAGING SYSTEM,1,03498751.78,1996-06-28 01:43:56.796000+00:00,G1E0007,1,G1ESGLOBAL01,EUROPA,000T01:11:54Z,000T00:20:54Z,NOT APPLICABLE,VIOLET,3,262.5,100K,8.667,ON,NORMAL,OFF,NOT INVERTED,N,BARC RATE CONTROL,3.324,IM4,NOT POSSIBLE,N/A,WEST,156169.0,790254.8,23.866,217.349,722.111,205.7,121.099,256.635,143.912,322.803,-40.28,305.861,UNK,UNK,1606.4,1665.74,154725.0,778437000.0,-1.395,245.971,163.116,52.624,22.404,37.445,205.468,45.952,219.938,400.0,400.0,1565.0,1565.0,1565.0,N/A,N/A,N/A,N/A,N/A,N/A,N/A,N/A,N/A,LSB_UNSIGNED_INTEGER,"frozenset({'SSI_SNI P.G01AJHV14_MOD_FIXED_PICNOS', 'S971016A.BSP', 'N/A', 'CKG01B.PLT'})","VICAR programs run: SSIMERGE,CATLABEL,BADLABELS.",REDR,,,,,"frozenset({800, 1})",
C0349875200R,1570.3814534344,-1570.3814534344,-2526743.7585759,2418387.438289,2748167.5435102503,343913.53830215754,272.6835808434198,88.70895866927948,79.19436514854522,12.615105161411275,FIXED_LENGTH,1000,809,"['C0349875200R.IMG', 1]","['C0349875200R.IMG', 3]","['C0349875200R.IMG', 5]","['C0349875200R.IMG', 10]","['C0349875200R.IMG', 10]",GO-J/JSA-SSI-2-REDR-V1.0,GALILEO ORBITER,SOLID STATE IMAGING SYSTEM,1,03498752.00,1996-06-28 01:44:05.463000+00:00,G1E0008,1,G1ESGLOBAL01,EUROPA,000T01:12:03Z,000T00:21:03Z,NOT APPLICABLE,IR-7560,4,262.5,100K,8.667,ON,NORMAL,OFF,NOT INVERTED,N,BARC RATE CONTROL,3.088,IM4,NOT POSSIBLE,N/A,WEST,156170.6,790261.2,23.87,217.341,726.153,199.837,121.538,256.644,143.915,322.822,-40.275,305.858,UNK,UNK,1608.49,1668.46,154726.0,778437000.0,-1.395,245.981,163.147,53.054,22.812,37.457,206.232,46.376,219.748,400.0,400.0,1565.0,1565.0,1565.0,N/A,N/A,N/A,N/A,N/A,N/A,N/A,N/A,N/A,LSB_UNSIGNED_INTEGER,"frozenset({'SSI_SNI P.G01AJHV14_MOD_FIXED_PICNOS', 'S971016A.BSP', 'N/A', 'CKG01B.PLT'})","VICAR programs run: SSIMERGE,CATLABEL,BADLABELS.",REDR,,,,,"frozenset({800, 1})",
C0349875213R,1570.3982317613,-1570.3982317613,-2525200.3566722,2413702.0822171,2610001.861187251,337635.6198286617,272.62696726136187,88.53709495069057,84.262425629117,12.38482460273104,FIXED_LENGTH,1000,808,"['C0349875213R.IMG', 1]","['C0349875213R.IMG', 3]","['C0349875213R.IMG', 5]","['C0349875213R.IMG', 9]","['C0349875213R.IMG', 9]",GO-J/JSA-SSI-2-REDR-V1.0,GALILEO ORBITER,SOLID STATE IMAGING SYSTEM,1,03498752.13,1996-06-28 01:44:14.263000+00:00,G1E0009,1,G1ESGLOBAL01,EUROPA,000T01:12:12Z,000T00:21:12Z,NOT APPLICABLE,IR-9680,5,529.17,40K,8.667,ON,NORMAL,OFF,NOT INVERTED,N,BARC RATE CONTROL,3.134,IM4,NOT POSSIBLE,N/A,WEST,156172.3,790267.8,23.868,217.341,737.093,206.305,119.882,256.727,143.888,322.838,-40.264,305.778,UNK,UNK,1606.81,1675.66,154737.0,778437000.0,-1.395,245.991,162.514,52.959,23.198,37.466,205.606,46.681,220.697,400.0,400.0,1565.0,1565.0,1565.0,N/A,N/A,N/A,N/A,N/A,N/A,N/A,N/A,N/A,LSB_UNSIGNED_INTEGER,"frozenset({'SSI_SNI P.G01AJHV14_MOD_FIXED_PICNOS', 'S971016A.BSP', 'N/A', 'CKG01B.PLT'})","VICAR programs run: SSIMERGE,CATLABEL,BADLABELS.",REDR,,,,,"frozenset({800, 1})",
C0349875226R,1570.4148669603,-1570.4148669603,-2522086.2763382,2409016.4059171,2496959.638466919,334498.36666254373,272.51273956596947,88.36521948580294,88.4089315629537,12.26974690383052,FIXED_LENGTH,1000,808,"['C0349875226R.IMG', 1]","['C0349875226R.IMG', 3]","['C0349875226R.IMG', 5]","['C0349875226R.IMG', 9]","['C0349875226R.IMG', 9]",GO-J/JSA-SSI-2-REDR-V1.0,GALILEO ORBITER,SOLID STATE IMAGING SYSTEM,1,03498752.26,1996-06-28 01:44:22.929000+00:00,G1E0010,1,G1ESGLOBAL01,EUROPA,000T01:12:20Z,000T00:21:20Z,NOT APPLICABLE,IR-8890,7,529.17,40K,8.667,ON,NORMAL,OFF,NOT INVERTED,N,BARC RATE CONTROL,3.075,IM4,NOT POSSIBLE,N/A,WEST,156173.9,790274.3,23.872,217.333,724.097,208.258,120.61,256.677,143.88,322.86,-40.269,305.837,UNK,UNK,1605.4,1666.8,154726.0,778438000.0,-1.395,246.001,163.004,52.553,22.428,37.484,205.824,45.963,220.177,400.0,400.0,1565.0,1565.0,1565.0,N/A,N/A,N/A,N/A,N/A,N/A,N/A,N/A,N/A,LSB_UNSIGNED_INTEGER,"frozenset({'SSI_SNI P.G01AJHV14_MOD_FIXED_PICNOS', 'S971016A.BSP', 'N/A', 'CKG01B.PLT'})","VICAR programs run: SSIMERGE,CATLABEL,BADLABELS.",REDR,,,,,"frozenset({376, 1, 800})",
C0349887313R,1626.6756259094,-1626.6756259094,-1493288.2245848,1291580.4469721,525416.2271687654,-437575.7433695921,234.77536034909915,47.37650993157603,160.7271880253155,-16.050731954146762,FIXED_LENGTH,1000,809,"['C0349887313R.IMG', 1]","['C0349887313R.IMG', 3]","['C0349887313R.IMG', 5]","['C0349887313R.IMG', 10]","['C0349887313R.IMG', 10]",GO-J/JSA-SSI-2-REDR-V1.0,GALILEO ORBITER,SOLID STATE IMAGING SYSTEM,1,03498873.13,1996-06-28 03:46:34.662000+00:00,G1E0041,1,G1ESEUTERM01,EUROPA,000T03:14:32Z,000T02:23:32Z,NOT APPLICABLE,CLEAR,0,4.17,100K,8.667,ON,NORMAL,OFF,NOT INVERTED,N,BARC RATE CONTROL,2.878,IM4,NOT POSSIBLE,N/A,WEST,161713.8,800260.0,23.932,213.625,213.302,131.991,214.861,270.791,134.079,335.857,-36.018,294.883,UNK,UNK,1698.77,1662.21,160243.0,778527000.0,-1.394,254.599,184.13,63.9,20.04,47.003,240.738,19.106,192.903,400.0,400.0,1565.0,1565.0,1565.0,N/A,N/A,N/A,N/A,N/A,N/A,N/A,N/A,N/A,LSB_UNSIGNED_INTEGER,"frozenset({'SSI_SNI P.G01AJHV14_MOD_FIXED_PICNOS', 'S971016A.BSP', 'N/A', 'CKG01B.PLT'})","VICAR programs run: SSIMERGE,CATLABEL,BADLABELS.",REDR,,,,,"frozenset({248, 449, 800, 1})",
C0359251000R,33147.970996936,-33147.970996936,-4939047.6785435,2287209.9987886,4773307.823558747,-2452949.8537732475,361.1693897531559,83.89723418099163,4.910119970107019,-89.97674390425065,FIXED_LENGTH,1000,811,"['C0359251000R.IMG', 1]","['C0359251000R.IMG', 3]","['C0359251000R.IMG', 5]","['C0359251000R.IMG', 12]","['C0359251000R.IMG', 12]",GO-J/JSA-SSI-2-REDR-V1.0,GALILEO ORBITER,SOLID STATE IMAGING SYSTEM,1,03592510.00,1996-09-01 21:43:46.869000+00:00,OPN0216,2,G2ESOPNAV216,EUROPA,-005T15:54:18Z,-004T14:21:18Z,NOT APPLICABLE,CLEAR,0,12.5,100K,8.667,ON,NORMAL,OFF,NOT INVERTED,N,NONE,2.851,IM8,NOT POSSIBLE,N/A,WEST,3265455.0,3891497.0,-5.044,160.481,314.968,555.439,151.319,65.122,99.069,201.205,-5.22,91.892,UNK,UNK,33139.9,33141.0,3263890.0,775312000.0,-1.115,74.213,182.684,86.185,0.0,86.185,93.732,-5.044,160.481,315.0,555.4,1565.0,1565.0,1565.0,N/A,N/A,N/A,N/A,N/A,N/A,N/A,N/A,N/A,LSB_UNSIGNED_INTEGER,"frozenset({'CKG02AKE.PLT', 'S971016A.BSP', 'N/A', 'SSI_S NIP.G02AKF'})","VICAR programs run: SSIMERGE,CATLABEL,BADLABELS.",REDR,,,,,,
C0359258600R,32711.937789379,-32711.937789379,-4939502.6061962,2257123.7074672,3500177.343463582,-2453395.334203376,361.18607697113504,82.79363782124942,51.60986598733956,-89.99308458831085,FIXED_LENGTH,1000,811,"['C0359258600R.IMG', 1]","['C0359258600R.IMG', 3]","['C0359258600R.IMG', 5]","['C0359258600R.IMG', 12]","['C0359258600R.IMG', 12]",GO-J/JSA-SSI-2-REDR-V1.0,GALILEO ORBITER,SOLID STATE IMAGING SYSTEM,1,03592586.00,1996-09-01 23:00:37.532000+00:00,OPN0217,2,G2ESOPNAV217,EUROPA,-005T14:37:27Z,-004T13:04:27Z,NOT APPLICABLE,CLEAR,0,12.5,100K,8.667,ON,NORMAL,OFF,NOT INVERTED,N,NONE,3.006,IM8,NOT POSSIBLE,N/A,WEST,3222506.0,3867211.0,-5.069,166.66,232.538,242.03,46.671,65.065,98.485,200.693,-4.93,91.851,UNK,UNK,32704.4,32704.3,3220940.0,775248000.0,-1.115,79.617,182.693,86.956,0.0,86.956,92.957,-5.069,166.66,232.5,242.0,1565.0,1565.0,1565.0,N/A,N/A,N/A,N/A,N/A,N/A,N/A,N/A,N/A,LSB_UNSIGNED_INTEGER,"frozenset({'CKG02AKE.PLT', 'S971016A.BSP', 'N/A', 'SSI_S NIP.G02AKF'})","VICAR programs run: SSIMERGE,CATLABEL,BADLABELS.",REDR,,,,,,
C0360063900R,6874.3449856104,-6874.3449856104,-4915156.6647114,2461015.5048485,4908282.319725861,-2371649.0200356115,360.2930425951098,90.2726003483205,-0.04088449358076218,-86.99454502841111,FIXED_LENGTH,1000,814,"['C0360063900R.IMG', 1]","['C0360063900R.IMG', 3]","['C0360063900R.IMG', 5]","['C0360063900R.IMG', 15]","['C0360063900R.IMG', 15]",GO-J/JSA-SSI-2-REDR-V1.0,GALILEO ORBITER,SOLID STATE IMAGING SYSTEM,1,03600639.00,1996-09-07 14:43:05.915000+00:00,G2E0001,2,G2ESPHOTOM01,EUROPA,000T01:05:00Z,-000T02:24:54Z,NOT APPLICABLE,GREEN,1,45.83,100K,8.667,ON,NORMAL,OFF,NOT INVERTED,N,INTEGER COSINE TRANSFORM,3.122,IM8,NOT POSSIBLE,N/A,WEST,678339.8,763058.3,1.026,292.587,282.957,463.563,118.505,274.806,170.327,290.03,-24.551,274.627,UNK,UNK,6871.66,6871.34,676775.0,775045000.0,-1.09,292.472,91.527,2.119,0.0,2.119,179.885,1.026,292.587,283.0,463.6,1565.0,1565.0,1565.0,N/A,N/A,N/A,N/A,N/A,N/A,N/A,N/A,N/A,LSB_UNSIGNED_INTEGER,"frozenset({'CKG02B.PLT', 'S971016A.BSP', 'SSI_SNI P.G02AKF', 'N/A'})","VICAR programs run: SSIMERGE,CATLABEL,BADLABELS.",REDR,3.826,2.284,19.816,SKEWED,"frozenset({640, 1, 105})",0.0
C0360063913R,6874.2283797463,-6874.2283797463,-4915073.2915186,2460973.7599492,4873827.921240131,-2378483.019392195,360.28998437995483,90.27106910213223,1.2229385658905585,-87.24522321043888,FIXED_LENGTH,1000,813,"['C0360063913R.IMG', 1]","['C0360063913R.IMG', 3]","['C0360063913R.IMG', 5]","['C0360063913R.IMG', 14]","['C0360063913R.IMG', 14]",GO-J/JSA-SSI-2-REDR-V1.0,GALILEO ORBITER,SOLID STATE IMAGING SYSTEM,1,03600639.13,1996-09-07 14:43:14.690000+00:00,G2E0002,2,G2ESPHOTOM01,EUROPA,000T01:05:09Z,-000T02:24:45Z,NOT APPLICABLE,VIOLET,3,262.5,100K,8.667,ON,NORMAL,OFF,NOT INVERTED,N,INTEGER COSINE TRANSFORM,3.404,IM8,NOT POSSIBLE,N/A,WEST,678328.3,763064.5,1.026,292.586,311.371,464.9,126.215,274.815,170.312,290.042,-24.533,274.622,UNK,UNK,6871.5,6871.2,676763.0,775045000.0,-1.09,292.483,91.83,2.119,0.0,2.119,179.897,1.026,292.586,311.4,464.9,1565.0,1565.0,1565.0,N/A,N/A,N/A,N/A,N/A,N/A,N/A,N/A,N/A,LSB_UNSIGNED_INTEGER,"frozenset({'CKG02B.PLT', 'S971016A.BSP', 'SSI_SNI P.G02AKF', 'N/A'})","VICAR programs run: SSIMERGE,CATLABEL,BADLABELS.",REDR,3.186,1.931,21.016,SKEWED,"frozenset({640, 1, 105})",0.0
C0360063926R,6874.1115395902,-6874.1115395902,-4914989.750807,2460931.9311733,4887493.304648625,-2371568.481158611,360.28692002003675,90.2695347792633,0.7216781339220972,-86.9915907788984,FIXED_LENGTH,1000,815,"['C0360063926R.IMG', 1]","['C0360063926R.IMG', 4]","['C0360063926R.IMG', 6]","['C0360063926R.IMG', 16]","['C0360063926R.IMG', 16]",GO-J/JSA-SSI-2-REDR-V1.0,GALILEO ORBITER,SOLID STATE IMAGING SYSTEM,1,03600639.26,1996-09-07 14:43:23.490000+00:00,G2E0003,2,G2ESPHOTOM01,EUROPA,000T01:05:18Z,-000T02:24:36Z,NOT APPLICABLE,IR-9680,5,529.17,40K,8.667,ON,NORMAL,OFF,NOT INVERTED,N,INTEGER COSINE TRANSFORM,2.753,IM8,NOT POSSIBLE,N/A,WEST,678316.8,763070.8,1.026,292.585,291.842,463.556,120.44,274.828,170.302,290.055,-24.542,274.615,UNK,UNK,6871.21,6870.98,676752.0,775045000.0,-1.09,292.493,92.131,2.118,0.0,2.118,179.908,1.026,292.585,291.8,463.6,1565.0,1565.0,1565.0,N/A,N/A,N/A,N/A,N/A,N/A,N/A,N/A,N/A,LSB_UNSIGNED_INTEGER,"frozenset({'CKG02B.PLT', 'S971016A.BSP', 'SSI_SNI P.G02AKF', 'N/A'})","VICAR programs run: SSIMERGE,CATLABEL,BADLABELS,COP Y.",REDR,2.318,1.78,6.948,SKEWED,"frozenset({640, 1, 105})",0.0
C0368639400R,420.60773107948,-420.60773107948,-626284.91157735,-205256.57276679,-252364.63864769228,-556043.4204870763,202.97277990147637,-7.529023903237476,189.25699660234113,-20.396249180491452,FIXED_LENGTH,1000,813,"['C0368639400R.IMG', 1]","['C0368639400R.IMG', 3]","['C0368639400R.IMG', 5]","['C0368639400R.IMG', 14]","['C0368639400R.IMG', 14]",GO-J/JSA-SSI-2-REDR-V1.0,GALILEO ORBITER,SOLID STATE IMAGING SYSTEM,1,03686394.00,1996-11-06 19:50:52.696000+00:00,C3E0001,3,C3ESWEDGES01,EUROPA,000T06:18:52Z,000T01:00:47Z,NOT APPLICABLE,CLEAR,0,12.5,100K,8.667,ON,NORMAL,OFF,NOT INVERTED,N,HUFFMAN,5.456,IM8,NOT POSSIBLE,N/A,WEST,42948.08,716056.0,0.662,206.202,-479.122,-236.214,234.107,295.096,104.061,358.465,-0.793,270.06,UNK,UNK,428.417,434.561,41453.8,771515000.0,-0.826,271.571,182.316,75.686,17.598,65.026,255.432,-13.013,196.075,400.0,400.0,1565.0,1565.0,1565.0,N/A,N/A,N/A,N/A,N/A,N/A,N/A,N/A,N/A,LSB_UNSIGNED_INTEGER,"frozenset({'SSI_SNI P.C03AI2_FIXED_PICNOS', 'S980127A.BSP', 'N/A', 'CKC03B.PLT'})","VICAR programs run: SSIMERGE,CATLABEL,BADLABELS.",REDR,1.424,1.328,1.493,UNIFORM,"frozenset({536, 225, 568, 161})",0.0
C0368639413R,421.40486712044,-421.40486712044,-323638.9379485,-208595.40922462,96501.71457057865,-563418.3073400304,191.87141179932485,-7.651495886283615,176.46021705462852,-20.66676767668914,FIXED_LENGTH,1000,810,"['C0368639413R.IMG', 1]","['C0368639413R.IMG', 3]","['C0368639413R.IMG', 5]","['C0368639413R.IMG', 11]","['C0368639413R.IMG', 11]",GO-J/JSA-SSI-2-REDR-V1.0,GALILEO ORBITER,SOLID STATE IMAGING SYSTEM,1,03686394.13,1996-11-06 19:51:01.362000+00:00,C3E0002,3,C3ESWEDGES01,EUROPA,000T06:19:01Z,000T01:00:56Z,NOT APPLICABLE,CLEAR,0,12.5,100K,8.667,ON,NORMAL,OFF,NOT INVERTED,N,HUFFMAN,4.694,IM8,NOT POSSIBLE,N/A,WEST,42977.19,716097.4,0.662,206.151,-486.503,-928.726,213.711,295.092,104.423,358.158,-0.941,270.066,UNK,UNK,456.92,437.839,41570.4,771516000.0,-0.826,271.581,179.446,86.928,26.442,64.685,267.12,-13.195,184.543,400.0,400.0,1565.0,1565.0,1565.0,N/A,N/A,N/A,N/A,N/A,N/A,N/A,N/A,N/A,LSB_UNSIGNED_INTEGER,"frozenset({'SSI_SNI P.C03AI2_FIXED_PICNOS', 'S980127A.BSP', 'N/A', 'CKC03B.PLT'})","VICAR programs run: SSIMERGE,CATLABEL,BADLABELS.",REDR,1.569,1.52,1.648,UNIFORM,"frozenset({264, 1, 800})",0.0
C0368639426R,424.52654188498,-424.52654188498,-414337.90487974,-985750.63025692,426224.64805252047,-1507918.2767754453,195.19834394487967,-36.15835516394522,164.36563799112784,-55.312005832184994,FIXED_LENGTH,1000,810,"['C0368639426R.IMG', 1]","['C0368639426R.IMG', 3]","['C0368639426R.IMG', 5]","['C0368639426R.IMG', 11]","['C0368639426R.IMG', 11]",GO-J/JSA-SSI-2-REDR-V1.0,GALILEO ORBITER,SOLID STATE IMAGING SYSTEM,1,03686394.26,1996-11-06 19:51:10.029000+00:00,C3E0003,3,C3ESWEDGES01,EUROPA,000T06:19:10Z,000T01:01:05Z,NOT APPLICABLE,CLEAR,0,12.5,100K,8.667,ON,NORMAL,OFF,NOT INVERTED,N,HUFFMAN,4.517,IM8,NOT POSSIBLE,N/A,WEST,43006.36,716138.9,0.662,206.099,-2165.248,-566.83,249.349,294.864,104.131,358.812,-1.71,270.302,UNK,UNK,462.015,636.937,41981.5,771516000.0,-0.826,271.591,180.489,87.326,49.868,64.978,267.094,-43.576,184.497,400.0,400.0,1565.0,1565.0,1565.0,N/A,N/A,N/A,N/A,N/A,N/A,N/A,N/A,N/A,LSB_UNSIGNED_INTEGER,"frozenset({'SSI_SNI P.C03AI2_FIXED_PICNOS', 'S980127A.BSP', 'N/A', 'CKC03B.PLT'})","VICAR programs run: SSIMERGE,CATLABEL,BADLABELS.",REDR,1.754,1.576,1.644,UNIFORM,"frozenset({96, 513, 161, 400})",0.0
C0368639600R,850.02139515222,-850.02139515222,-339158.53666574,90952.289281288,37400.94138669345,-251606.33296505664,192.44068677130593,3.3362242720043267,178.62809469188625,-9.229181163675456,FIXED_LENGTH,1000,809,"['C0368639600R.IMG', 1]","['C0368639600R.IMG', 3]","['C0368639600R.IMG', 5]","['C0368639600R.IMG', 10]","['C0368639600R.IMG', 10]",GO-J/JSA-SSI-2-REDR-V1.0,GALILEO ORBITER,SOLID STATE IMAGING SYSTEM,1,03686396.00,1996-11-06 19:52:53.100000+00:00,C3E0010,3,C3ESAJTERM01,EUROPA,000T06:20:53Z,000T01:02:48Z,NOT APPLICABLE,CLEAR,0,12.5,400K,2.333,OFF,NORMAL,OFF,NOT INVERTED,N,HUFFMAN,5.055,AI8,NOT POSSIBLE,N/A,WEST,43357.11,716633.0,0.659,205.498,108.548,-425.209,188.322,295.199,103.56,358.734,-0.216,269.951,UNK,UNK,908.737,851.929,41890.8,771517000.0,-0.826,271.712,178.944,86.063,20.82,65.505,266.092,-2.25,185.62,200.0,200.0,1565.0,1565.0,1565.0,N/A,N/A,N/A,N/A,N/A,N/A,N/A,N/A,N/A,LSB_UNSIGNED_INTEGER,"frozenset({'SSI_SNI P.C03AI2_FIXED_PICNOS', 'S980127A.BSP', 'N/A', 'CKC03B.PLT'})","VICAR programs run: SSIMERGE,CATLABEL,BADLABELS.",REDR,1.5,1.482,1.5,UNIFORM,"frozenset({40, 1, 400})",0.0
C0368976678R,29226.85148294,-29226.85148294,-6751402.6925591,2221240.7127034,-1928972.1978739994,-2338148.1186352405,427.6484507534549,81.47741236910105,250.75670021527174,-85.76569723063572,FIXED_LENGTH,1000,817,"['C0368976678R.IMG', 1]","['C0368976678R.IMG', 3]","['C0368976678R.IMG', 5]","['C0368976678R.IMG', 18]","['C0368976678R.IMG', 18]",GO-J/JSA-SSI-2-REDR-V1.0,GALILEO ORBITER,SOLID STATE IMAGING SYSTEM,1,03689766.78,1996-11-09 04:41:12.628000+00:00,C3E0020,3,C3ESPLUMES01,EUROPA,002T15:09:12Z,002T09:51:07Z,NOT APPLICABLE,CLEAR,0,129.17,10K,8.667,ON,NORMAL,OFF,NOT INVERTED,Y,INTEGER COSINE TRANSFORM,0.305,IM8,NOT POSSIBLE,N/A,WEST,2879084.0,2268987.0,0.027,338.417,687.438,576.237,238.486,80.96,103.032,107.928,23.542,90.466,UNK,UNK,29213.3,29205.2,2877520.0,770799000.0,-0.817,151.37,354.055,172.91,0.0,172.91,352.954,0.027,338.417,687.4,576.2,1565.0,1565.0,1565.0,N/A,N/A,N/A,N/A,N/A,N/A,N/A,N/A,N/A,LSB_UNSIGNED_INTEGER,"frozenset({'CKC03AK2.PLT', 'SSI_S NIP.C03AI2_FIXED_PICNOS', 'S980127A.BSP', 'N/A'})","VICAR programs run: SSIMERGE,UNMOSAIC,CATLABEL,BADL ABELS.",REDR,78.22,71.709,80.503,SKEWED,"frozenset({336, 465, 297, 495})",0.0
C0368976713R,29228.850219385,-29228.850219385,-6751864.4006779,2425994.568209,-1899875.2642599894,-2192163.7664538305,427.6653866859607,88.98799608197069,249.68939452202264,-80.41083983310293,FIXED_LENGTH,1000,816,"['C0368976713R.IMG', 1]","['C0368976713R.IMG', 3]","['C0368976713R.IMG', 5]","['C0368976713R.IMG', 17]","['C0368976713R.IMG', 17]",GO-J/JSA-SSI-2-REDR-V1.0,GALILEO ORBITER,SOLID STATE IMAGING SYSTEM,1,03689767.13,1996-11-09 04:41:29.961000+00:00,C3E0021,3,C3ESPLUMES01,EUROPA,002T15:09:29Z,002T09:51:24Z,NOT APPLICABLE,CLEAR,0,129.17,10K,8.667,ON,NORMAL,OFF,NOT INVERTED,Y,INTEGER COSINE TRANSFORM,0.263,IM8,NOT POSSIBLE,N/A,WEST,2879281.0,2269105.0,0.027,338.43,683.845,377.896,274.452,80.911,103.032,108.06,23.525,90.462,UNK,UNK,29228.1,29204.3,2877720.0,770799000.0,-0.817,151.391,354.046,172.917,0.0,172.917,352.96,0.027,338.43,683.8,377.9,1565.0,1565.0,1565.0,N/A,N/A,N/A,N/A,N/A,N/A,N/A,N/A,N/A,LSB_UNSIGNED_INTEGER,"frozenset({'CKC03AK2.PLT', 'SSI_S NIP.C03AI2_FIXED_PICNOS', 'S980127A.BSP', 'N/A'})","VICAR programs run: SSIMERGE,UNMOSAIC,CATLABEL,BADL ABELS.",REDR,78.22,71.709,80.503,SKEWED,"frozenset({297, 260, 261, 495})",0.0
C0368976739R,29230.848574717,-29230.848574717,-6781556.8693343,2309237.0374026,-1900005.1573565612,-2250775.3402532525,428.75453722202747,84.70520879543074,249.69415913548067,-82.56077312972677,FIXED_LENGTH,1000,814,"['C0368976739R.IMG', 1]","['C0368976739R.IMG', 3]","['C0368976739R.IMG', 5]","['C0368976739R.IMG', 15]","['C0368976739R.IMG', 15]",GO-J/JSA-SSI-2-REDR-V1.0,GALILEO ORBITER,SOLID STATE IMAGING SYSTEM,1,03689767.39,1996-11-09 04:41:47.295000+00:00,C3E0022,3,C3ESPLUMES01,EUROPA,002T15:09:47Z,002T09:51:42Z,NOT APPLICABLE,CLEAR,0,129.17,10K,8.667,ON,NORMAL,OFF,NOT INVERTED,Y,INTEGER COSINE TRANSFORM,0.263,IM8,NOT POSSIBLE,N/A,WEST,2879478.0,2269223.0,0.027,338.444,680.058,179.51,308.214,80.856,103.032,108.191,23.508,90.464,UNK,UNK,29217.4,29216.0,2877910.0,770798000.0,-0.817,151.411,354.042,172.923,0.0,172.923,352.967,0.027,338.444,680.1,179.5,1565.0,1565.0,1565.0,N/A,N/A,N/A,N/A,N/A,N/A,N/A,N/A,N/A,LSB_UNSIGNED_INTEGER,"frozenset({'CKC03AK2.PLT', 'SSI_S NIP.C03AI2_FIXED_PICNOS', 'S980127A.BSP', 'N/A'})","VICAR programs run: SSIMERGE,UNMOSAIC,CATLABEL,BADL ABELS.",REDR,78.22,71.709,80.503,SKEWED,"frozenset({320, 1, 297, 495})",0.0
C0368976765R,29232.839634239,-29232.839634239,-6752785.9555092,2221695.8122022,-1900134.5762255257,-2192462.9725678894,427.69919027265945,81.49410589057337,249.6989063537784,-80.42181502358953,FIXED_LENGTH,1000,818,"['C0368976765R.IMG', 1]","['C0368976765R.IMG', 3]","['C0368976765R.IMG', 5]","['C0368976765R.IMG', 19]","['C0368976765R.IMG', 19]",GO-J/JSA-SSI-2-REDR-V1.0,GALILEO ORBITER,SOLID STATE IMAGING SYSTEM,1,03689767.65,1996-11-09 04:42:04.570000+00:00,C3E0023,3,C3ESPLUMES01,EUROPA,002T15:10:04Z,002T09:51:59Z,NOT APPLICABLE,CLEAR,0,12.5,10K,8.667,ON,NORMAL,OFF,NOT INVERTED,Y,INTEGER COSINE TRANSFORM,0.158,IM8,NOT POSSIBLE,N/A,WEST,2879674.0,2269341.0,0.027,338.458,438.726,481.911,205.304,80.888,103.032,108.033,23.674,90.495,UNK,UNK,29228.2,29224.0,2878110.0,770798000.0,-0.817,151.431,354.067,172.929,0.0,172.929,352.973,0.027,338.458,438.7,481.9,1565.0,1565.0,1565.0,N/A,N/A,N/A,N/A,N/A,N/A,N/A,N/A,N/A,LSB_UNSIGNED_INTEGER,"frozenset({'CKC03AK2.PLT', 'SSI_S NIP.C03AI2_FIXED_PICNOS', 'S980127A.BSP', 'N/A'})","VICAR programs run: SSIMERGE,UNMOSAIC,CATLABEL,BADL ABELS.",REDR,78.22,71.709,80.503,SKEWED,"frozenset({240, 401, 400, 351})",0.0
C0368976800R,29234.836882957,-29234.836882957,-6753247.3199631,2192612.7662218,-1900264.3973922385,-2221847.603104707,427.7161135991805,80.42730961012406,249.7036683287746,-81.49967373825719,FIXED_LENGTH,1000,817,"['C0368976800R.IMG', 1]","['C0368976800R.IMG', 3]","['C0368976800R.IMG', 5]","['C0368976800R.IMG', 18]","['C0368976800R.IMG', 18]",GO-J/JSA-SSI-2-REDR-V1.0,GALILEO ORBITER,SOLID STATE IMAGING SYSTEM,1,03689768.00,1996-11-09 04:42:21.903000+00:00,C3E0024,3,C3ESPLUMES01,EUROPA,002T15:10:21Z,002T09:52:16Z,NOT APPLICABLE,CLEAR,0,12.5,10K,8.667,ON,NORMAL,OFF,NOT INVERTED,Y,INTEGER COSINE TRANSFORM,0.155,IM8,NOT POSSIBLE,N/A,WEST,2879871.0,2269458.0,0.027,338.472,434.905,283.764,343.285,80.834,103.032,108.165,23.656,90.497,UNK,UNK,29226.0,29224.0,2878310.0,770798000.0,-0.817,151.452,354.063,172.936,0.0,172.936,352.98,0.027,338.472,434.9,283.8,1565.0,1565.0,1565.0,N/A,N/A,N/A,N/A,N/A,N/A,N/A,N/A,N/A,LSB_UNSIGNED_INTEGER,"frozenset({'CKC03AK2.PLT', 'SSI_S NIP.C03AI2_FIXED_PICNOS', 'S980127A.BSP', 'N/A'})","VICAR programs run: SSIMERGE,UNMOSAIC,CATLABEL,BADL ABELS.",REDR,78.22,71.709,80.503,SKEWED,"frozenset({240, 221, 351, 200})",0.0
C0368976826R,29236.83363508,-29236.83363508,-6753708.5697035,2192762.522631,-1900394.1862802198,-2221999.3562660795,427.7330327178914,80.43280283048396,249.7084291197535,-81.50524020155707,FIXED_LENGTH,1000,814,"['C0368976826R.IMG', 1]","['C0368976826R.IMG', 3]","['C0368976826R.IMG', 5]","['C0368976826R.IMG', 15]","['C0368976826R.IMG', 15]",GO-J/JSA-SSI-2-REDR-V1.0,GALILEO ORBITER,SOLID STATE IMAGING SYSTEM,1,03689768.26,1996-11-09 04:42:39.236000+00:00,C3E0025,3,C3ESPLUMES01,EUROPA,002T15:10:39Z,002T09:52:34Z,NOT APPLICABLE,CLEAR,0,12.5,10K,8.667,ON,NORMAL,OFF,NOT INVERTED,Y,INTEGER COSINE TRANSFORM,0.099,IM8,NOT POSSIBLE,N/A,WEST,2880067.0,2269576.0,0.027,338.486,430.903,85.593,354.386,80.784,103.032,108.296,23.639,90.493,UNK,UNK,29223.8,29222.9,2878500.0,770798000.0,-0.817,151.472,354.053,172.942,0.0,172.942,352.986,0.027,338.486,430.9,85.6,1565.0,1565.0,1565.0,N/A,N/A,N/A,N/A,N/A,N/A,N/A,N/A,N/A,LSB_UNSIGNED_INTEGER,"frozenset({'CKC03AK2.PLT', 'SSI_S NIP.C03AI2_FIXED_PICNOS', 'S980127A.BSP', 'N/A'})","VICAR programs run: SSIMERGE,UNMOSAIC,CATLABEL,BADL ABELS.",REDR,78.22,71.709,80.503,SKEWED,"frozenset({240, 1, 351})",0.0
C0373716400R,48175.58297087,-48175.58297087,-7852620.0242518,2119725.6507183,-3035061.7271648003,-2071550.0677473894,468.0422442442678,77.75373464262528,291.3292109655757,-75.98660430983686,FIXED_LENGTH,1000,811,"['C0373716400R.IMG', 1]","['C0373716400R.IMG', 3]","['C0373716400R.IMG', 5]","['C0373716400R.IMG', 12]","['C0373716400R.IMG', 12]",GO-J/JSA-SSI-2-REDR-V1.0,GALILEO ORBITER,SOLID STATE IMAGING SYSTEM,1,03737164.00,1996-12-12 11:24:57.462000+00:00,OPN0119,3,C3ESOPNAV119,EUROPA,-006T15:58:02Z,-006T19:28:07Z,NOT APPLICABLE,CLEAR,0,6.25,40K,8.667,ON,NORMAL,OFF,NOT INVERTED,N,NONE,3.423,IM8,NOT POSSIBLE,N/A,WEST,4745144.0,4107504.0,0.0,19.646,365.953,193.329,9.355,66.12,91.146,197.061,-8.951,90.288,UNK,UNK,48168.6,48168.7,4743580.0,769710000.0,-0.667,282.411,180.961,97.235,0.0,97.235,82.765,0.0,19.646,366.0,193.3,1565.0,1565.0,1565.0,N/A,N/A,N/A,N/A,N/A,N/A,N/A,N/A,N/A,LSB_UNSIGNED_INTEGER,"frozenset({'SSI_S NIP.C03CFL', 'S980127A.BSP', 'N/A', 'CKC03CLB.PLT'})","VICAR programs run: SSIMERGE,CATLABEL,BADLABELS.",REDR,,,,,,
C0373718900R,48047.041630113,-48047.041630113,-7879714.8273385,2114069.831725,-3123057.705957313,-2066022.7900948315,469.0361097139259,77.5462733378839,294.55699470368944,-75.78385803474816,FIXED_LENGTH,1000,811,"['C0373718900R.IMG', 1]","['C0373718900R.IMG', 3]","['C0373718900R.IMG', 5]","['C0373718900R.IMG', 12]","['C0373718900R.IMG', 12]",GO-J/JSA-SSI-2-REDR-V1.0,GALILEO ORBITER,SOLID STATE IMAGING SYSTEM,1,03737189.00,1996-12-12 11:50:14.128000+00:00,OPN0120,3,C3ESOPNAV120,EUROPA,-006T15:32:45Z,-006T19:02:50Z,NOT APPLICABLE,CLEAR,0,6.25,40K,8.667,ON,NORMAL,OFF,NOT INVERTED,N,NONE,3.197,IM8,NOT POSSIBLE,N/A,WEST,4732493.0,4101299.0,0.0,21.129,137.198,437.605,98.143,66.148,91.301,197.259,-8.891,90.291,UNK,UNK,48040.3,48040.4,4730930.0,769729000.0,-0.667,284.189,180.963,96.94,0.0,96.94,83.059,0.0,21.129,137.2,437.6,1565.0,1565.0,1565.0,N/A,N/A,N/A,N/A,N/A,N/A,N/A,N/A,N/A,LSB_UNSIGNED_INTEGER,"frozenset({'SSI_S NIP.C03CFL', 'S980127A.BSP', 'N/A', 'CKC03CLB.PLT'})","VICAR programs run: SSIMERGE,CATLABEL,BADLABELS.",REDR,,,,,,
C0373977900R,28104.171132064,-28104.171132064,-3175771.3379232,2220229.5194331,1742458.610188,-2332646.203961268,296.49058537875425,81.44032075152089,116.08481156209763,-85.56388129589838,FIXED_LENGTH,1000,811,"['C0373977900R.IMG', 1]","['C0373977900R.IMG', 3]","['C0373977900R.IMG', 5]","['C0373977900R.IMG', 12]","['C0373977900R.IMG', 12]",GO-J/JSA-SSI-2-REDR-V1.0,GALILEO ORBITER,SOLID STATE IMAGING SYSTEM,1,03739779.00,1996-12-14 07:29:00.698000+00:00,OPN0123,3,C3ESOPNAV123,EUROPA,-004T19:53:59Z,-004T23:24:04Z,NOT APPLICABLE,CLEAR,0,6.25,40K,8.667,ON,NORMAL,OFF,NOT INVERTED,N,NONE,3.353,IM8,NOT POSSIBLE,N/A,WEST,2768718.0,3385239.0,-0.003,205.534,352.654,423.622,116.514,66.143,91.271,197.182,-8.99,90.285,UNK,UNK,28096.4,28096.6,2767150.0,769281000.0,-0.659,108.305,180.95,97.228,0.0,97.228,82.771,-0.003,205.534,352.7,423.6,1565.0,1565.0,1565.0,N/A,N/A,N/A,N/A,N/A,N/A,N/A,N/A,N/A,LSB_UNSIGNED_INTEGER,"frozenset({'SSI_S NIP.C03CFL', 'S980127A.BSP', 'N/A', 'CKC03CLB.PLT'})","VICAR programs run: SSIMERGE,CATLABEL,BADLABELS.",REDR,,,,,,
C0373980600R,28115.373419609,-28115.373419609,-3205152.5698354,2305460.6204079,1658807.031756957,-2221114.5001491494,297.5683194283472,84.56668590459988,119.1532381905908,-81.47278276175142,FIXED_LENGTH,1000,811,"['C0373980600R.IMG', 1]","['C0373980600R.IMG', 3]","['C0373980600R.IMG', 5]","['C0373980600R.IMG', 12]","['C0373980600R.IMG', 12]",GO-J/JSA-SSI-2-REDR-V1.0,GALILEO ORBITER,SOLID STATE IMAGING SYSTEM,1,03739806.00,1996-12-14 07:56:18.697000+00:00,OPN0124,3,C3ESOPNAV124,EUROPA,-004T19:26:41Z,-004T22:56:46Z,NOT APPLICABLE,CLEAR,0,6.25,40K,8.667,ON,NORMAL,OFF,NOT INVERTED,N,NONE,3.549,IM8,NOT POSSIBLE,N/A,WEST,2769816.0,3376931.0,-0.004,207.768,376.435,202.148,6.792,66.114,91.088,197.006,-8.929,90.286,UNK,UNK,28107.5,28107.4,2768250.0,769259000.0,-0.659,110.226,180.951,97.541,0.0,97.541,82.458,-0.004,207.768,376.4,202.1,1565.0,1565.0,1565.0,N/A,N/A,N/A,N/A,N/A,N/A,N/A,N/A,N/A,LSB_UNSIGNED_INTEGER,"frozenset({'SSI_S NIP.C03CFL', 'S980127A.BSP', 'N/A', 'CKC03CLB.PLT'})","VICAR programs run: SSIMERGE,CATLABEL,BADLABELS.",REDR,,,,,,
C0373984400R,28143.519808257,-28143.519808257,-3320935.3373743,2307768.6242771,1547893.5894541605,-2223338.064852277,301.815351387581,84.65134587950708,123.22165825154984,-81.55434542049883,FIXED_LENGTH,1000,811,"['C0373984400R.IMG', 1]","['C0373984400R.IMG', 3]","['C0373984400R.IMG', 5]","['C0373984400R.IMG', 12]","['C0373984400R.IMG', 12]",GO-J/JSA-SSI-2-REDR-V1.0,GALILEO ORBITER,SOLID STATE IMAGING SYSTEM,1,03739844.00,1996-12-14 08:34:44.032000+00:00,OPN0125,3,C3ESOPNAV125,EUROPA,-004T18:48:15Z,-004T22:18:20Z,NOT APPLICABLE,CLEAR,0,12.5,40K,8.667,ON,NORMAL,OFF,NOT INVERTED,N,NONE,3.22,IM8,NOT POSSIBLE,N/A,WEST,2772580.0,3365207.0,-0.004,210.899,161.35,688.192,140.372,66.018,90.38,196.401,-8.529,90.289,UNK,UNK,28135.7,28135.4,2771020.0,769228000.0,-0.659,112.93,180.956,97.969,0.0,97.969,82.03,-0.004,210.899,161.4,688.2,1565.0,1565.0,1565.0,N/A,N/A,N/A,N/A,N/A,N/A,N/A,N/A,N/A,LSB_UNSIGNED_INTEGER,"frozenset({'SSI_S NIP.C03CFL', 'S980127A.BSP', 'N/A', 'CKC03CLB.PLT'})","VICAR programs run: SSIMERGE,CATLABEL,BADLABELS.",REDR,,,,,,
C0373986400R,28163.987215895,-28163.987215895,-3323350.4914756,2224954.9900557,1549019.2968742345,-2393938.9133510794,301.90394174409715,81.61365591342104,123.18036613622539,-87.81216142583312,FIXED_LENGTH,1000,811,"['C0373986400R.IMG', 1]","['C0373986400R.IMG', 3]","['C0373986400R.IMG', 5]","['C0373986400R.IMG', 12]","['C0373986400R.IMG', 12]",GO-J/JSA-SSI-2-REDR-V1.0,GALILEO ORBITER,SOLID STATE IMAGING SYSTEM,1,03739864.00,1996-12-14 08:54:57.365000+00:00,OPN0126,3,C3ESOPNAV126,EUROPA,-004T18:28:02Z,-004T21:58:07Z,NOT APPLICABLE,CLEAR,0,12.5,40K,8.667,ON,NORMAL,OFF,NOT INVERTED,N,NONE,3.478,IM8,NOT POSSIBLE,N/A,WEST,2774592.0,3359021.0,-0.004,212.541,235.943,392.264,87.3,66.012,90.334,196.34,-8.551,90.286,UNK,UNK,28156.1,28155.8,2773030.0,769212000.0,-0.659,114.353,180.952,98.188,0.0,98.188,81.812,-0.004,212.541,235.9,392.3,1565.0,1565.0,1565.0,N/A,N/A,N/A,N/A,N/A,N/A,N/A,N/A,N/A,LSB_UNSIGNED_INTEGER,"frozenset({'SSI_S NIP.C03CFL', 'S980127A.BSP', 'N/A', 'CKC03CLB.PLT'})","VICAR programs run: SSIMERGE,CATLABEL,BADLABELS.",REDR,,,,,,
C0374649000R,1219.1194010714,-1219.1194010714,-5128835.3203074,-237728.28320892,-2744237.7718117414,-1409302.0276385352,368.1309972287079,-8.720119909578663,280.66148675108695,-51.6946595665284,FIXED_LENGTH,1000,813,"['C0374649000R.IMG', 1]","['C0374649000R.IMG', 3]","['C0374649000R.IMG', 5]","['C0374649000R.IMG', 14]","['C0374649000R.IMG', 14]",GO-J/JSA-SSI-2-REDR-V1.0,GALILEO ORBITER,SOLID STATE IMAGING SYSTEM,1,03746490.00,1996-12-19 00:34:34.450000+00:00,E4E0001,4,E4ESGLOMAP01,EUROPA,-000T02:48:25Z,-000T06:18:30Z,NOT APPLICABLE,CLEAR,0,12.5,100K,8.667,ON,NORMAL,OFF,NOT INVERTED,N,INTEGER COSINE TRANSFORM,4.589,IM8,NOT POSSIBLE,N/A,WEST,121568.1,666861.6,-0.108,281.422,990.974,57.122,120.122,78.239,133.232,238.702,-22.619,89.981,UNK,UNK,1282.25,1394.88,120246.0,768752000.0,-0.639,225.696,173.118,74.93,32.605,55.532,107.064,-27.55,298.991,400.0,400.0,1565.0,1565.0,1565.0,N/A,N/A,N/A,N/A,N/A,N/A,N/A,N/A,N/A,LSB_UNSIGNED_INTEGER,"frozenset({'SSI_S NIP.E04APH', 'S980127A.BSP', 'N/A', 'CKMN16AA.PLT'})","VICAR programs run: SSIMERGE,CATLABEL,BADLABELS.",REDR,6.412,5.515,7.969,SKEWED,"frozenset({544, 121, 1, 760})",0.0
C0374649001R,1219.1194010714,-1219.1194010714,-5128835.3203074,-237728.28320892,-2744237.7718117414,-1409302.0276385352,368.1309972287079,-8.720119909578663,280.66148675108695,-51.6946595665284,FIXED_LENGTH,1000,810,"['C0374649001R.IMG', 1]","['C0374649001R.IMG', 3]","['C0374649001R.IMG', 5]","['C0374649001R.IMG', 11]","['C0374649001R.IMG', 11]",GO-J/JSA-SSI-2-REDR-V1.0,GALILEO ORBITER,SOLID STATE IMAGING SYSTEM,1,03746490.01,1996-12-19 00:34:34.450000+00:00,E4E0001,4,E4ESGLOMAP01,EUROPA,-000T02:48:25Z,-000T06:18:30Z,NOT APPLICABLE,CLEAR,0,12.5,100K,8.667,ON,NORMAL,OFF,NOT INVERTED,N,INTEGER COSINE TRANSFORM,4.477,IM8,NOT POSSIBLE,N/A,WEST,121568.1,666861.6,-0.108,281.422,990.974,57.122,120.122,78.239,133.232,238.702,-22.619,89.981,UNK,UNK,1282.25,1394.88,120246.0,768752000.0,-0.639,225.696,173.118,74.93,32.605,55.532,107.064,-27.55,298.991,400.0,400.0,1565.0,1565.0,1565.0,N/A,N/A,N/A,N/A,N/A,N/A,N/A,N/A,N/A,LSB_UNSIGNED_INTEGER,"frozenset({'SSI_S NIP.E04APH', 'S980127A.BSP', 'N/A', 'CKMN16AA.PLT'})","VICAR programs run: SSIMERGE,CATLABEL,BADLABELS.",REDR,3.517,3.114,3.574,SKEWED,"frozenset({120, 1, 600})",1.0
C0374649013R,1218.6930921533,-1218.6930921533,-2909020.4109699,-244957.31152281,-889645.9572718816,-1414902.6799899782,286.70588480536975,-8.985288163334404,212.63313611559204,-51.900097301648564,FIXED_LENGTH,1000,811,"['C0374649013R.IMG', 1]","['C0374649013R.IMG', 3]","['C0374649013R.IMG', 5]","['C0374649013R.IMG', 12]","['C0374649013R.IMG', 12]",GO-J/JSA-SSI-2-REDR-V1.0,GALILEO ORBITER,SOLID STATE IMAGING SYSTEM,1,03746490.13,1996-12-19 00:34:43.114000+00:00,E4E0002,4,E4ESGLOMAP01,EUROPA,-000T02:48:16Z,-000T06:18:21Z,NOT APPLICABLE,CLEAR,0,6.25,100K,8.667,ON,NORMAL,OFF,NOT INVERTED,N,INTEGER COSINE TRANSFORM,4.059,IM8,NOT POSSIBLE,N/A,WEST,121524.7,666841.2,-0.108,281.431,998.19,772.741,58.072,77.983,132.812,238.26,-22.537,90.069,UNK,UNK,1294.48,1403.02,120220.0,768752000.0,-0.639,225.706,152.402,44.291,33.756,55.948,125.406,-27.889,262.19,400.0,400.0,1565.0,1565.0,1565.0,N/A,N/A,N/A,N/A,N/A,N/A,N/A,N/A,N/A,LSB_UNSIGNED_INTEGER,"frozenset({'SSI_S NIP.E04APH', 'S980127A.BSP', 'N/A', 'CKMN16AA.PLT'})","VICAR programs run: SSIMERGE,CATLABEL,BADLABELS.",REDR,5.598,4.628,7.678,SKEWED,"frozenset({664, 1, 784})",0.0
C0374649026R,1218.0666668539,-1218.0666668539,-3990386.4006134,493317.00007583,-2835659.200435903,-506715.73341122194,326.37151048754646,18.095379043789993,284.014919540601,-18.586858474608945,FIXED_LENGTH,1000,813,"['C0374649026R.IMG', 1]","['C0374649026R.IMG', 3]","['C0374649026R.IMG', 5]","['C0374649026R.IMG', 14]","['C0374649026R.IMG', 14]",GO-J/JSA-SSI-2-REDR-V1.0,GALILEO ORBITER,SOLID STATE IMAGING SYSTEM,1,03746490.26,1996-12-19 00:34:51.784000+00:00,E4E0003,4,E4ESGLOMAP01,EUROPA,-000T02:48:08Z,-000T06:18:13Z,NOT APPLICABLE,CLEAR,0,12.5,100K,8.667,ON,NORMAL,OFF,NOT INVERTED,N,INTEGER COSINE TRANSFORM,4.679,IM8,NOT POSSIBLE,N/A,WEST,121481.2,666820.8,-0.108,281.441,398.056,-6.998,180.274,77.938,133.27,238.818,-22.291,90.327,UNK,UNK,1287.04,1218.34,119998.0,768752000.0,-0.638,225.717,180.955,74.196,18.709,55.489,106.238,-0.119,299.913,400.0,400.0,1565.0,1565.0,1565.0,N/A,N/A,N/A,N/A,N/A,N/A,N/A,N/A,N/A,LSB_UNSIGNED_INTEGER,"frozenset({'SSI_S NIP.E04APH', 'S980127A.BSP', 'N/A', 'CKMN16AA.PLT'})","VICAR programs run: SSIMERGE,CATLABEL,BADLABELS.",REDR,6.328,5.761,7.183,SKEWED,"frozenset({664, 1, 720})",0.0
C0374649039R,1217.6143423232,-1217.6143423232,-2950279.5514491,489480.96561393,-1861732.3294121593,-511398.0237757403,288.2193128564552,17.95466932244966,248.2902721244406,-18.758609739872504,FIXED_LENGTH,1000,812,"['C0374649039R.IMG', 1]","['C0374649039R.IMG', 3]","['C0374649039R.IMG', 5]","['C0374649039R.IMG', 13]","['C0374649039R.IMG', 13]",GO-J/JSA-SSI-2-REDR-V1.0,GALILEO ORBITER,SOLID STATE IMAGING SYSTEM,1,03746490.39,1996-12-19 00:35:00.447000+00:00,E4E0004,4,E4ESGLOMAP01,EUROPA,-000T02:47:59Z,-000T06:18:04Z,NOT APPLICABLE,CLEAR,0,6.25,40K,8.667,ON,NORMAL,OFF,NOT INVERTED,N,INTEGER COSINE TRANSFORM,5.076,IM8,NOT POSSIBLE,N/A,WEST,121437.8,666800.4,-0.108,281.451,408.169,710.423,1.507,77.735,132.859,238.376,-22.208,90.362,UNK,UNK,1255.35,1217.57,119920.0,768753000.0,-0.638,225.727,180.936,41.745,14.161,55.906,138.267,-0.382,267.473,400.0,400.0,1565.0,1565.0,1565.0,N/A,N/A,N/A,N/A,N/A,N/A,N/A,N/A,N/A,LSB_UNSIGNED_INTEGER,"frozenset({'SSI_S NIP.E04APH', 'S980127A.BSP', 'N/A', 'CKMN16AA.PLT'})","VICAR programs run: SSIMERGE,CATLABEL,BADLABELS.",REDR,4.072,2.453,4.687,SKEWED,"frozenset({800, 1, 776})",0.0
C0374649052R,1217.4066880597,-1217.4066880597,-4977975.9474761,1440192.1119746,-2700208.034116402,252003.18442833284,362.5973190192175,52.827739887437296,279.04643032150244,9.243738086812023,FIXED_LENGTH,1000,811,"['C0374649052R.IMG', 1]","['C0374649052R.IMG', 3]","['C0374649052R.IMG', 5]","['C0374649052R.IMG', 12]","['C0374649052R.IMG', 12]",GO-J/JSA-SSI-2-REDR-V1.0,GALILEO ORBITER,SOLID STATE IMAGING SYSTEM,1,03746490.52,1996-12-19 00:35:09.117000+00:00,E4E0005,4,E4ESGLOMAP01,EUROPA,-000T02:47:50Z,-000T06:17:55Z,NOT APPLICABLE,CLEAR,0,12.5,100K,8.667,ON,NORMAL,OFF,NOT INVERTED,N,INTEGER COSINE TRANSFORM,4.489,IM8,NOT POSSIBLE,N/A,WEST,121394.4,666780.0,-0.108,281.46,-218.746,94.05,243.689,77.635,133.219,238.84,-21.929,90.638,UNK,UNK,1268.41,1410.14,120078.0,768753000.0,-0.638,225.737,189.365,74.416,32.929,55.539,108.405,28.537,297.564,400.0,400.0,1565.0,1565.0,1565.0,N/A,N/A,N/A,N/A,N/A,N/A,N/A,N/A,N/A,LSB_UNSIGNED_INTEGER,"frozenset({'SSI_S NIP.E04APH', 'S980127A.BSP', 'N/A', 'CKMN16AA.PLT'})","VICAR programs run: SSIMERGE,CATLABEL,BADLABELS.",REDR,7.139,6.486,7.479,SKEWED,"frozenset({640, 1, 800})",0.0
C0374667300R,629.42173079896,-629.42173079896,-4054734.7898069,358770.38655541,-3470002.0018946663,-152949.48058414448,328.7318761208709,13.160069759220285,307.2832711975103,-5.610345528930607,FIXED_LENGTH,1000,810,"['C0374667300R.IMG', 1]","['C0374667300R.IMG', 3]","['C0374667300R.IMG', 5]","['C0374667300R.IMG', 11]","['C0374667300R.IMG', 11]",GO-J/JSA-SSI-2-REDR-V1.0,GALILEO ORBITER,SOLID STATE IMAGING SYSTEM,1,03746673.00,1996-12-19 03:39:36.444000+00:00,E4E0010,4,E4ESMACSTR01,EUROPA,000T00:16:36Z,-000T03:13:28Z,NOT APPLICABLE,CLEAR,0,12.5,100K,8.667,ON,NORMAL,OFF,NOT INVERTED,N,INTEGER COSINE TRANSFORM,5.261,IM8,NOT POSSIBLE,N/A,WEST,63490.45,655005.5,-0.139,294.154,162.085,-655.773,192.699,78.113,133.947,239.564,-22.264,90.437,UNK,UNK,701.49,634.179,62085.8,768862000.0,-0.638,238.719,181.951,80.854,26.471,54.82,99.244,5.187,319.475,400.0,400.0,1565.0,1565.0,1565.0,N/A,N/A,N/A,N/A,N/A,N/A,N/A,N/A,N/A,LSB_UNSIGNED_INTEGER,"frozenset({'SSI_S NIP.E04APH', 'S980127A.BSP', 'N/A', 'CKMN16AA.PLT'})","VICAR programs run: SSIMERGE,CATLABEL,BADLABELS.",REDR,3.939,3.578,4.263,SKEWED,"frozenset({400, 201, 177, 624})",0.0
C0374682500R,121.62549437669,-121.62549437669,-4379247.5505271,-397472.11562302,-4242905.371330831,-502799.7937532335,340.63534064545877,-14.579689308152956,335.63416815022026,-18.44321774782877,FIXED_LENGTH,1000,818,"['C0374682500R.IMG', 1]","['C0374682500R.IMG', 3]","['C0374682500R.IMG', 5]","['C0374682500R.IMG', 19]","['C0374682500R.IMG', 19]",GO-J/JSA-SSI-2-REDR-V1.0,GALILEO ORBITER,SOLID STATE IMAGING SYSTEM,1,03746825.00,1996-12-19 06:13:17.775000+00:00,E4E0015,4,E4ESDRKMAT01,EUROPA,000T02:50:17Z,-000T00:39:47Z,NOT APPLICABLE,CLEAR,0,20.83,100K,8.667,ON,NORMAL,OFF,NOT INVERTED,N,INTEGER COSINE TRANSFORM,5.762,IM8,NOT POSSIBLE,N/A,WEST,13348.92,667475.7,-0.374,312.325,4070.049,-4884.671,145.221,77.909,129.079,233.98,-23.123,88.545,UNK,UNK,139.204,130.552,12019.7,768968000.0,-0.637,249.534,179.718,88.498,33.78,59.707,91.339,-16.316,338.155,400.0,400.0,1565.0,1565.0,1565.0,N/A,N/A,N/A,N/A,N/A,N/A,N/A,N/A,N/A,LSB_UNSIGNED_INTEGER,"frozenset({'SSI_S NIP.E04APH', 'S980127A.BSP', 'N/A', 'CKMN16AA.PLT'})","VICAR programs run: SSIMERGE,CATLABEL,BADLABELS.",REDR,2.864,2.492,3.169,SKEWED,"frozenset({272, 1, 688})",0.0
C0374682513R,120.78705060838,-120.78705060838,-4278518.90665,-401013.00801982,-4149639.1236508586,-505976.95499850216,336.94050955055855,-14.709572912536183,332.2130654849934,-18.559759316450037,FIXED_LENGTH,1000,814,"['C0374682513R.IMG', 1]","['C0374682513R.IMG', 3]","['C0374682513R.IMG', 5]","['C0374682513R.IMG', 15]","['C0374682513R.IMG', 15]",GO-J/JSA-SSI-2-REDR-V1.0,GALILEO ORBITER,SOLID STATE IMAGING SYSTEM,1,03746825.13,1996-12-19 06:13:26.438000+00:00,E4E0016,4,E4ESDRKMAT01,EUROPA,000T02:50:26Z,-000T00:39:38Z,NOT APPLICABLE,CLEAR,0,12.5,100K,8.667,ON,NORMAL,OFF,NOT INVERTED,N,INTEGER COSINE TRANSFORM,5.841,IM8,NOT POSSIBLE,N/A,WEST,13302.0,667496.8,-0.375,312.371,4068.518,-4223.812,141.572,77.47,128.646,233.522,-23.042,88.817,UNK,UNK,133.559,128.972,11930.5,768968000.0,-0.637,249.544,178.785,85.072,30.56,60.136,94.96,-16.381,334.594,400.0,400.0,1565.0,1565.0,1565.0,N/A,N/A,N/A,N/A,N/A,N/A,N/A,N/A,N/A,LSB_UNSIGNED_INTEGER,"frozenset({'SSI_S NIP.E04APH', 'S980127A.BSP', 'N/A', 'CKMN16AA.PLT'})","VICAR programs run: SSIMERGE,CATLABEL,BADLABELS.",REDR,3.166,2.829,3.224,SKEWED,"frozenset({400, 1, 760})",0.0
C0374682526R,120.01688752021,-120.01688752021,-4182228.4794168,-404936.97849319,-4059571.2203711458,-509231.65374825255,333.4084768437891,-14.853508217951074,328.9092814084761,-18.679145041128145,FIXED_LENGTH,1000,811,"['C0374682526R.IMG', 1]","['C0374682526R.IMG', 3]","['C0374682526R.IMG', 5]","['C0374682526R.IMG', 12]","['C0374682526R.IMG', 12]",GO-J/JSA-SSI-2-REDR-V1.0,GALILEO ORBITER,SOLID STATE IMAGING SYSTEM,1,03746825.26,1996-12-19 06:13:35.105000+00:00,E4E0017,4,E4ESDRKMAT01,EUROPA,000T02:50:35Z,-000T00:39:29Z,NOT APPLICABLE,CLEAR,0,12.5,100K,8.667,ON,NORMAL,OFF,NOT INVERTED,N,INTEGER COSINE TRANSFORM,6.335,IM8,NOT POSSIBLE,N/A,WEST,13255.07,667517.9,-0.376,312.417,4077.412,-3555.867,137.089,77.112,128.216,233.063,-22.959,89.008,UNK,UNK,128.718,127.708,11848.6,768968000.0,-0.637,249.554,177.862,81.779,27.63,60.567,98.391,-16.443,331.17,400.0,400.0,1565.0,1565.0,1565.0,N/A,N/A,N/A,N/A,N/A,N/A,N/A,N/A,N/A,LSB_UNSIGNED_INTEGER,"frozenset({'SSI_S NIP.E04APH', 'S980127A.BSP', 'N/A', 'CKMN16AA.PLT'})","VICAR programs run: SSIMERGE,CATLABEL,BADLABELS.",REDR,2.514,2.296,2.648,SKEWED,"frozenset({400, 1, 760})",0.0
C0374685100R,35.170871939913,-35.170871939913,-3988306.5362423,152184.362884,-3959396.079507692,122781.51394223273,326.2952189059692,5.582280218399855,325.23475337799954,4.50375323374943,FIXED_LENGTH,1000,811,"['C0374685100R.IMG', 1]","['C0374685100R.IMG', 3]","['C0374685100R.IMG', 5]","['C0374685100R.IMG', 12]","['C0374685100R.IMG', 12]",GO-J/JSA-SSI-2-REDR-V1.0,GALILEO ORBITER,SOLID STATE IMAGING SYSTEM,1,03746851.00,1996-12-19 06:39:35.104000+00:00,E4E0020,4,E4ESMACSTR02,EUROPA,000T03:16:35Z,-000T00:13:29Z,NOT APPLICABLE,CLEAR,0,12.5,100K,8.667,ON,NORMAL,OFF,NOT INVERTED,N,INTEGER COSINE TRANSFORM,6.167,IM8,NOT POSSIBLE,N/A,WEST,5002.59,671619.6,-0.845,331.82,-4106.438,5501.332,318.543,68.248,105.402,211.896,-11.117,91.207,UNK,UNK,35.7183,35.57,3464.17,768987000.0,-0.637,251.384,183.915,74.104,12.731,83.316,106.078,5.109,325.362,400.0,400.0,1565.0,1565.0,1565.0,N/A,N/A,N/A,N/A,N/A,N/A,N/A,N/A,N/A,LSB_UNSIGNED_INTEGER,"frozenset({'SSI_SNI P.E04APH', 'CKE04B.PLT', 'S980127A.BSP', 'N/A'})","VICAR programs run: SSIMERGE,CATLABEL,BADLABELS.",REDR,4.115,11.577,2.808,SKEWED,"frozenset({664, 1, 472})",0.0
C0374685101R,35.170871939913,-35.170871939913,-3988306.5362423,152184.362884,-3959396.079507692,122781.51394223273,326.2952189059692,5.582280218399855,325.23475337799954,4.50375323374943,FIXED_LENGTH,1000,810,"['C0374685101R.IMG', 1]","['C0374685101R.IMG', 3]","['C0374685101R.IMG', 5]","['C0374685101R.IMG', 11]","['C0374685101R.IMG', 11]",GO-J/JSA-SSI-2-REDR-V1.0,GALILEO ORBITER,SOLID STATE IMAGING SYSTEM,1,03746851.01,1996-12-19 06:39:35.104000+00:00,E4E0020,4,E4ESMACSTR02,EUROPA,000T03:16:35Z,-000T00:13:29Z,NOT APPLICABLE,CLEAR,0,12.5,100K,8.667,ON,NORMAL,OFF,NOT INVERTED,N,INTEGER COSINE TRANSFORM,6.08,IM8,NOT POSSIBLE,N/A,WEST,5002.59,671619.6,-0.845,331.82,-4106.438,5501.332,318.543,68.248,105.401,211.896,-11.117,91.207,UNK,UNK,35.7183,35.57,3464.17,768987000.0,-0.637,251.384,183.915,74.104,12.731,83.316,106.078,5.109,325.362,400.0,400.0,1565.0,1565.0,1565.0,N/A,N/A,N/A,N/A,N/A,N/A,N/A,N/A,N/A,LSB_UNSIGNED_INTEGER,"frozenset({'SSI_SNI P.E04APH', 'CKE04B.PLT', 'S980127A.BSP', 'N/A'})","VICAR programs run: SSIMERGE,CATLABEL,BADLABELS.",REDR,3.606,3.189,4.273,SKEWED,"frozenset({240, 1, 328, 473})",1.0
C0374685113R,34.794075691246,-34.794075691246,-3962801.6627031,152815.58043595,-3934166.138409205,123727.73315806832,325.3596737005844,5.60543393266446,324.3092929795956,4.538461535645434,FIXED_LENGTH,1000,810,"['C0374685113R.IMG', 1]","['C0374685113R.IMG', 3]","['C0374685113R.IMG', 5]","['C0374685113R.IMG', 11]","['C0374685113R.IMG', 11]",GO-J/JSA-SSI-2-REDR-V1.0,GALILEO ORBITER,SOLID STATE IMAGING SYSTEM,1,03746851.13,1996-12-19 06:39:43.770000+00:00,E4E0021,4,E4ESMACSTR02,EUROPA,000T03:16:43Z,-000T00:13:21Z,NOT APPLICABLE,CLEAR,0,12.5,100K,8.667,ON,NORMAL,OFF,NOT INVERTED,N,INTEGER COSINE TRANSFORM,6.115,IM8,NOT POSSIBLE,N/A,WEST,4959.816,671644.2,-0.852,332.088,-4158.51,6492.295,323.195,68.049,104.566,211.123,-10.779,91.207,UNK,UNK,35.7188,35.1923,3427.43,768987000.0,-0.637,251.394,184.151,73.171,14.129,84.145,107.001,5.137,324.433,400.0,400.0,1565.0,1565.0,1565.0,N/A,N/A,N/A,N/A,N/A,N/A,N/A,N/A,N/A,LSB_UNSIGNED_INTEGER,"frozenset({'SSI_SNI P.E04APH', 'CKE04B.PLT', 'S980127A.BSP', 'N/A'})","VICAR programs run: SSIMERGE,CATLABEL,BADLABELS.",REDR,8.342,2.781,0.0,SKEWED,"frozenset({360, 305, 560, 241})",0.0
C0374685126R,34.407115857611,-34.407115857611,-3962564.3119735,173549.49238579,-3934178.441390971,144544.29371782395,325.3509674297327,6.365975320322397,324.30974426572277,5.3020345600068195,FIXED_LENGTH,1000,811,"['C0374685126R.IMG', 1]","['C0374685126R.IMG', 3]","['C0374685126R.IMG', 5]","['C0374685126R.IMG', 12]","['C0374685126R.IMG', 12]",GO-J/JSA-SSI-2-REDR-V1.0,GALILEO ORBITER,SOLID STATE IMAGING SYSTEM,1,03746851.26,1996-12-19 06:39:52.437000+00:00,E4E0022,4,E4ESMACSTR02,EUROPA,000T03:16:52Z,-000T00:13:12Z,NOT APPLICABLE,CLEAR,0,12.5,100K,8.667,ON,NORMAL,OFF,NOT INVERTED,N,INTEGER COSINE TRANSFORM,6.477,IM8,NOT POSSIBLE,N/A,WEST,4917.135,671668.9,-0.858,332.36,-4791.859,6803.767,320.967,67.804,104.158,210.861,-10.265,91.377,UNK,UNK,34.85,34.9187,3389.7,768987000.0,-0.637,251.404,184.655,73.188,15.193,84.567,107.006,5.897,324.429,400.0,400.0,1565.0,1565.0,1565.0,N/A,N/A,N/A,N/A,N/A,N/A,N/A,N/A,N/A,LSB_UNSIGNED_INTEGER,"frozenset({'SSI_SNI P.E04APH', 'CKE04B.PLT', 'S980127A.BSP', 'N/A'})","VICAR programs run: SSIMERGE,CATLABEL,BADLABELS.",REDR,2.974,1.827,2.907,SKEWED,"frozenset({800, 1, 560, 241})",0.0
C0374685139R,33.943787521423,-33.943787521423,-3987207.001204,172604.15954644,-3959237.3202863475,144023.49045340184,326.2548868207443,6.3312995316348974,325.22892992515585,5.282930956288495,FIXED_LENGTH,1000,811,"['C0374685139R.IMG', 1]","['C0374685139R.IMG', 3]","['C0374685139R.IMG', 5]","['C0374685139R.IMG', 12]","['C0374685139R.IMG', 12]",GO-J/JSA-SSI-2-REDR-V1.0,GALILEO ORBITER,SOLID STATE IMAGING SYSTEM,1,03746851.39,1996-12-19 06:40:01.104000+00:00,E4E0023,4,E4ESMACSTR02,EUROPA,000T03:17:01Z,-000T00:13:03Z,NOT APPLICABLE,CLEAR,0,12.5,100K,8.667,ON,NORMAL,OFF,NOT INVERTED,N,INTEGER COSINE TRANSFORM,6.316,IM8,NOT POSSIBLE,N/A,WEST,4874.549,671693.6,-0.865,332.637,-4862.968,6385.226,318.674,67.811,104.115,210.853,-10.218,91.367,UNK,UNK,34.8497,34.4499,3343.86,768988000.0,-0.637,251.414,184.472,74.08,14.55,84.591,106.115,5.871,325.339,400.0,400.0,1565.0,1565.0,1565.0,N/A,N/A,N/A,N/A,N/A,N/A,N/A,N/A,N/A,LSB_UNSIGNED_INTEGER,"frozenset({'SSI_SNI P.E04APH', 'CKE04B.PLT', 'S980127A.BSP', 'N/A'})","VICAR programs run: SSIMERGE,CATLABEL,BADLABELS.",REDR,2.332,2.068,2.394,SKEWED,"frozenset({800, 1, 472})",0.0
C0374685140R,33.943787521423,-33.943787521423,-3987207.001204,172604.15954644,-3959237.3202863475,144023.49045340184,326.2548868207443,6.3312995316348974,325.22892992515585,5.282930956288495,FIXED_LENGTH,1000,810,"['C0374685140R.IMG', 1]","['C0374685140R.IMG', 3]","['C0374685140R.IMG', 5]","['C0374685140R.IMG', 11]","['C0374685140R.IMG', 11]",GO-J/JSA-SSI-2-REDR-V1.0,GALILEO ORBITER,SOLID STATE IMAGING SYSTEM,1,03746851.40,1996-12-19 06:40:01.104000+00:00,E4E0023,4,E4ESMACSTR02,EUROPA,000T03:17:01Z,-000T00:13:03Z,NOT APPLICABLE,CLEAR,0,12.5,100K,8.667,ON,NORMAL,OFF,NOT INVERTED,N,INTEGER COSINE TRANSFORM,6.338,IM8,NOT POSSIBLE,N/A,WEST,4874.549,671693.6,-0.865,332.637,-4862.968,6385.226,318.674,67.811,104.114,210.853,-10.218,91.367,UNK,UNK,34.8497,34.4499,3343.86,768988000.0,-0.637,251.414,184.472,74.08,14.55,84.591,106.115,5.871,325.339,400.0,400.0,1565.0,1565.0,1565.0,N/A,N/A,N/A,N/A,N/A,N/A,N/A,N/A,N/A,LSB_UNSIGNED_INTEGER,"frozenset({'SSI_SNI P.E04APH', 'CKE04B.PLT', 'S980127A.BSP', 'N/A'})","VICAR programs run: SSIMERGE,CATLABEL,BADLABELS.",REDR,2.676,2.027,3.46,SKEWED,"frozenset({240, 561, 328, 473})",1.0
C0374685413R,26.321770891979,-26.321770891979,-4019518.6676014,148928.57970682,-3996592.405154486,126607.7179904218,327.4401122455879,5.462854715799273,326.59915316862407,4.64410236532248,FIXED_LENGTH,1000,811,"['C0374685413R.IMG', 1]","['C0374685413R.IMG', 3]","['C0374685413R.IMG', 5]","['C0374685413R.IMG', 12]","['C0374685413R.IMG', 12]",GO-J/JSA-SSI-2-REDR-V1.0,GALILEO ORBITER,SOLID STATE IMAGING SYSTEM,1,03746854.13,1996-12-19 06:42:45.770000+00:00,E4E0026,4,E4ESDRKMAT02,EUROPA,000T03:19:45Z,-000T00:10:19Z,NOT APPLICABLE,CLEAR,0,12.5,100K,8.667,ON,NORMAL,OFF,NOT INVERTED,N,INTEGER COSINE TRANSFORM,5.919,IM8,NOT POSSIBLE,N/A,WEST,4087.543,672167.7,-1.011,338.941,-5780.993,13268.012,334.343,66.548,94.038,201.664,-5.831,90.575,UNK,UNK,28.2478,26.7522,2594.26,768990000.0,-0.637,251.607,184.366,75.13,22.002,94.659,105.018,5.124,326.616,400.0,400.0,1565.0,1565.0,1565.0,N/A,N/A,N/A,N/A,N/A,N/A,N/A,N/A,N/A,LSB_UNSIGNED_INTEGER,"frozenset({'SSI_SNI P.E04APH', 'CKE04B.PLT', 'S980127A.BSP', 'N/A'})","VICAR programs run: SSIMERGE,CATLABEL,BADLABELS.",REDR,3.664,2.768,3.979,SKEWED,"frozenset({672, 1, 312})",0.0
C0374685426R,26.025553441578,-26.025553441578,-4000231.6661843,149490.77896842,-3977173.025835062,127395.08409652027,326.73264503645686,5.483476767614287,325.8868302007837,4.6729837704512205,FIXED_LENGTH,1000,809,"['C0374685426R.IMG', 1]","['C0374685426R.IMG', 3]","['C0374685426R.IMG', 5]","['C0374685426R.IMG', 10]","['C0374685426R.IMG', 10]",GO-J/JSA-SSI-2-REDR-V1.0,GALILEO ORBITER,SOLID STATE IMAGING SYSTEM,1,03746854.26,1996-12-19 06:42:54.437000+00:00,E4E0027,4,E4ESDRKMAT02,EUROPA,000T03:19:54Z,-000T00:10:10Z,NOT APPLICABLE,CLEAR,0,12.5,100K,8.667,ON,NORMAL,OFF,NOT INVERTED,N,HUFFMAN,5.92,IM8,NOT POSSIBLE,N/A,WEST,4047.545,672192.9,-1.02,339.338,-5880.26,14570.972,336.098,66.432,92.901,200.645,-5.33,90.499,UNK,UNK,28.2488,26.4398,2565.41,768990000.0,-0.637,251.617,184.593,74.416,23.707,95.787,105.735,5.147,325.908,400.0,400.0,1565.0,1565.0,1565.0,N/A,N/A,N/A,N/A,N/A,N/A,N/A,N/A,N/A,LSB_UNSIGNED_INTEGER,"frozenset({'SSI_SNI P.E04APH', 'CKE04B.PLT', 'S980127A.BSP', 'N/A'})","VICAR programs run: SSIMERGE,CATLABEL,BADLABELS.",REDR,1.325,1.312,1.337,UNIFORM,"frozenset({40, 1, 800})",0.0
C0374685427R,26.025553441578,-26.025553441578,-4000231.6661843,149490.77896842,-3977173.025835062,127395.08409652027,326.73264503645686,5.483476767614287,325.8868302007837,4.6729837704512205,FIXED_LENGTH,1000,809,"['C0374685427R.IMG', 1]","['C0374685427R.IMG', 3]","['C0374685427R.IMG', 5]","['C0374685427R.IMG', 10]","['C0374685427R.IMG', 10]",GO-J/JSA-SSI-2-REDR-V1.0,GALILEO ORBITER,SOLID STATE IMAGING SYSTEM,1,03746854.27,1996-12-19 06:42:54.437000+00:00,E4E0027,4,E4ESDRKMAT02,EUROPA,000T03:19:54Z,-000T00:10:10Z,NOT APPLICABLE,CLEAR,0,12.5,100K,8.667,ON,NORMAL,OFF,NOT INVERTED,N,INTEGER COSINE TRANSFORM,6.023,IM8,NOT POSSIBLE,N/A,WEST,4047.545,672192.9,-1.02,339.338,-5880.26,14570.972,336.098,66.432,92.901,200.645,-5.33,90.499,UNK,UNK,28.2488,26.4398,2565.41,768990000.0,-0.637,251.617,184.593,74.416,23.707,95.787,105.735,5.147,325.908,400.0,400.0,1565.0,1565.0,1565.0,N/A,N/A,N/A,N/A,N/A,N/A,N/A,N/A,N/A,LSB_UNSIGNED_INTEGER,"frozenset({'SSI_SNI P.E04APH', 'CKE04B.PLT', 'S980127A.BSP', 'N/A'})","VICAR programs run: SSIMERGE,CATLABEL,BADLABELS.",REDR,3.581,2.629,3.28,SKEWED,"frozenset({632, 41, 800, 1})",1.0
C0374685439R,25.695234110318,-25.695234110318,-3999745.8368462,165477.30767045,-3976697.211849245,143507.8825061281,326.7148243126177,6.069879215559917,325.8693768504504,5.264017922189783,FIXED_LENGTH,1000,808,"['C0374685439R.IMG', 1]","['C0374685439R.IMG', 3]","['C0374685439R.IMG', 5]","['C0374685439R.IMG', 9]","['C0374685439R.IMG', 9]",GO-J/JSA-SSI-2-REDR-V1.0,GALILEO ORBITER,SOLID STATE IMAGING SYSTEM,1,03746854.39,1996-12-19 06:43:03.103000+00:00,E4E0028,4,E4ESDRKMAT02,EUROPA,000T03:20:03Z,-000T00:10:01Z,NOT APPLICABLE,CLEAR,0,12.5,100K,8.667,ON,NORMAL,OFF,NOT INVERTED,N,INTEGER COSINE TRANSFORM,6.087,IM8,NOT POSSIBLE,N/A,WEST,4007.721,672218.2,-1.029,339.742,-6608.038,15204.158,334.668,66.411,92.149,200.119,-4.648,90.409,UNK,UNK,27.3947,26.2185,2533.23,768990000.0,-0.637,251.628,184.93,74.409,24.84,96.528,105.767,5.734,325.888,400.0,400.0,1565.0,1565.0,1565.0,N/A,N/A,N/A,N/A,N/A,N/A,N/A,N/A,N/A,LSB_UNSIGNED_INTEGER,"frozenset({'SSI_SNI P.E04APH', 'CKE04B.PLT', 'S980127A.BSP', 'N/A'})","VICAR programs run: SSIMERGE,CATLABEL,BADLABELS.",REDR,3.107,2.749,3.532,SKEWED,"frozenset({800, 1})",0.0
C0383694600R,1663.8901700579,-1663.8901700579,-565722.65781969,-708817.21244467,1445920.557780311,-1657234.609377673,200.75129364148006,-26.000150268442667,126.96213478104116,-60.78908372621784,FIXED_LENGTH,1000,810,"['C0383694600R.IMG', 1]","['C0383694600R.IMG', 3]","['C0383694600R.IMG', 5]","['C0383694600R.IMG', 11]","['C0383694600R.IMG', 11]",GO-J/JSA-SSI-2-REDR-V1.0,GALILEO ORBITER,SOLID STATE IMAGING SYSTEM,1,03836946.00,1997-02-20 12:55:34.255000+00:00,E6E0001,6,E6ESGLOBAL01,EUROPA,-000T07:59:26Z,-000T04:11:26Z,NOT APPLICABLE,CLEAR,0,6.25,400K,2.333,OFF,NORMAL,OFF,NOT INVERTED,N,INTEGER COSINE TRANSFORM,4.231,AI8,NOT POSSIBLE,N/A,WEST,83266.06,747794.6,-0.508,215.181,810.464,614.879,62.425,89.105,137.335,265.209,-25.323,89.946,UNK,UNK,1721.91,1867.99,81906.6,765187000.0,-0.351,179.019,137.552,33.198,30.032,36.413,151.055,-26.364,200.444,400.0,400.0,1565.0,1565.0,1565.0,N/A,N/A,N/A,N/A,N/A,N/A,N/A,N/A,N/A,LSB_UNSIGNED_INTEGER,"frozenset({'CKE06APE.PLT', 'S980127A.BSP', 'NULL', 'N/A'})","VICAR programs run: SSIMERGE,CATLABEL,BADLABELS.",REDR,5.091,2.69,8.301,SKEWED,"frozenset({400, 1})",0.0
C0383694604R,1662.6215828559,-1662.6215828559,-1476407.965576,-709939.41587947,-56529.13381706155,-1649320.6101930535,234.1561749468636,-26.041313853954268,182.07354723895511,-60.49879003073214,FIXED_LENGTH,1000,809,"['C0383694604R.IMG', 1]","['C0383694604R.IMG', 3]","['C0383694604R.IMG', 5]","['C0383694604R.IMG', 10]","['C0383694604R.IMG', 10]",GO-J/JSA-SSI-2-REDR-V1.0,GALILEO ORBITER,SOLID STATE IMAGING SYSTEM,1,03836946.04,1997-02-20 12:55:36.922000+00:00,E6E0002,6,E6ESGLOBAL01,EUROPA,-000T07:59:24Z,-000T04:11:24Z,NOT APPLICABLE,CLEAR,0,6.25,400K,2.333,OFF,NORMAL,OFF,NOT INVERTED,N,INTEGER COSINE TRANSFORM,3.44,AI8,NOT POSSIBLE,N/A,WEST,83250.98,747778.7,-0.508,215.185,809.553,251.972,85.127,89.305,137.816,265.676,-25.328,89.944,UNK,UNK,1671.11,2215.42,82068.4,765187000.0,-0.351,179.022,143.153,49.895,41.358,36.226,135.094,-40.979,211.03,200.0,200.0,1565.0,1565.0,1565.0,N/A,N/A,N/A,N/A,N/A,N/A,N/A,N/A,N/A,LSB_UNSIGNED_INTEGER,"frozenset({'CKE06APE.PLT', 'S980127A.BSP', 'NULL', 'N/A'})","VICAR programs run: SSIMERGE,CATLABEL,BADLABELS.",REDR,9.771,8.314,9.786,SKEWED,"frozenset({168, 1, 400})",0.0
C0383694605R,1662.6215828559,-1662.6215828559,-1476407.965576,-709939.41587947,-56529.13381706155,-1649320.6101930535,234.1561749468636,-26.041313853954268,182.07354723895511,-60.49879003073214,FIXED_LENGTH,1000,812,"['C0383694605R.IMG', 1]","['C0383694605R.IMG', 3]","['C0383694605R.IMG', 5]","['C0383694605R.IMG', 13]","['C0383694605R.IMG', 13]",GO-J/JSA-SSI-2-REDR-V1.0,GALILEO ORBITER,SOLID STATE IMAGING SYSTEM,1,03836946.05,1997-02-20 12:55:36.922000+00:00,E6E0002,6,E6ESGLOBAL01,EUROPA,-000T07:59:24Z,-000T04:11:24Z,NOT APPLICABLE,CLEAR,0,6.25,400K,2.333,OFF,NORMAL,OFF,NOT INVERTED,N,INTEGER COSINE TRANSFORM,3.981,AI8,NOT POSSIBLE,N/A,WEST,83250.98,747778.7,-0.508,215.185,809.553,251.972,85.127,89.305,137.816,265.676,-25.328,89.944,UNK,UNK,1671.11,2215.42,82068.4,765187000.0,-0.351,179.022,143.153,49.895,41.358,36.226,135.094,-40.979,211.03,200.0,200.0,1565.0,1565.0,1565.0,N/A,N/A,N/A,N/A,N/A,N/A,N/A,N/A,N/A,LSB_UNSIGNED_INTEGER,"frozenset({'CKE06APE.PLT', 'S980127A.BSP', 'NULL', 'N/A'})","VICAR programs run: SSIMERGE,CATLABEL,BADLABELS.",REDR,2.793,1.76,3.908,SKEWED,"frozenset({400, 1, 384, 17})",1.0
C0383713700R,182.53846778931,-182.53846778931,-2732783.4012738,526806.01803995,-2465547.0844302503,367267.3971920931,280.24132856363303,19.32379094480272,270.43882338581216,13.471748919245709,FIXED_LENGTH,1000,808,"['C0383713700R.IMG', 1]","['C0383713700R.IMG', 3]","['C0383713700R.IMG', 5]","['C0383713700R.IMG', 9]","['C0383713700R.IMG', 9]",GO-J/JSA-SSI-2-REDR-V1.0,GALILEO ORBITER,SOLID STATE IMAGING SYSTEM,1,03837137.00,1997-02-20 16:08:42.514000+00:00,E6E0020,6,E6ESDRKLIN01,EUROPA,-000T04:46:18Z,-000T00:58:18Z,NOT APPLICABLE,CLEAR,0,12.5,100K,8.667,ON,NORMAL,OFF,NOT INVERTED,N,INTEGER COSINE TRANSFORM,6.303,IM8,NOT POSSIBLE,N/A,WEST,19171.85,688064.1,-2.039,234.864,-2551.911,-4649.415,210.311,84.232,134.547,262.526,-21.486,93.677,UNK,UNK,247.912,207.924,18062.3,765192000.0,-0.351,192.617,183.832,82.225,46.569,39.311,98.225,16.388,274.406,400.0,400.0,1565.0,1565.0,1565.0,N/A,N/A,N/A,N/A,N/A,N/A,N/A,N/A,N/A,LSB_UNSIGNED_INTEGER,"frozenset({'CKE06APE.PLT', 'S980127A.BSP', 'NULL', 'N/A'})","VICAR programs run: SSIMERGE,CATLABEL,BADLABELS.",REDR,2.832,2.535,2.966,SKEWED,"frozenset({504, 1, 800})",0.0
C0383713701R,182.53846778931,-182.53846778931,-2732783.4012738,526806.01803995,-2465547.0844302503,367267.3971920931,280.24132856363303,19.32379094480272,270.43882338581216,13.471748919245709,FIXED_LENGTH,1000,810,"['C0383713701R.IMG', 1]","['C0383713701R.IMG', 3]","['C0383713701R.IMG', 5]","['C0383713701R.IMG', 11]","['C0383713701R.IMG', 11]",GO-J/JSA-SSI-2-REDR-V1.0,GALILEO ORBITER,SOLID STATE IMAGING SYSTEM,1,03837137.01,1997-02-20 16:08:42.514000+00:00,E6E0020,6,E6ESDRKLIN01,EUROPA,-000T04:46:18Z,-000T00:58:18Z,NOT APPLICABLE,CLEAR,0,12.5,100K,8.667,ON,NORMAL,OFF,NOT INVERTED,N,INTEGER COSINE TRANSFORM,6.34,IM8,NOT POSSIBLE,N/A,WEST,19171.85,688064.1,-2.039,234.864,-2551.911,-4649.415,210.311,84.232,134.547,262.526,-21.486,93.677,UNK,UNK,247.912,207.924,18062.3,765192000.0,-0.351,192.617,183.832,82.225,46.569,39.311,98.225,16.388,274.406,400.0,400.0,1565.0,1565.0,1565.0,N/A,N/A,N/A,N/A,N/A,N/A,N/A,N/A,N/A,LSB_UNSIGNED_INTEGER,"frozenset({'CKE06APE.PLT', 'S980127A.BSP', 'NULL', 'N/A'})","VICAR programs run: SSIMERGE,CATLABEL,BADLABELS.",REDR,2.659,2.547,2.831,SKEWED,"frozenset({296, 153, 744, 57})",1.0
C0383713713R,181.89870215145,-181.89870215145,-2729753.8231868,406361.70060634,-2480188.8038350106,251929.70247975897,280.13020049827423,14.905768502242017,270.97589683440856,9.241042692750767,FIXED_LENGTH,1000,807,"['C0383713713R.IMG', 1]","['C0383713713R.IMG', 3]","['C0383713713R.IMG', 5]","['C0383713713R.IMG', 8]","['C0383713713R.IMG', 8]",GO-J/JSA-SSI-2-REDR-V1.0,GALILEO ORBITER,SOLID STATE IMAGING SYSTEM,1,03837137.13,1997-02-20 16:08:51.180000+00:00,E6E0021,6,E6ESDRKLIN01,EUROPA,-000T04:46:09Z,-000T00:58:09Z,NOT APPLICABLE,CLEAR,0,12.5,100K,8.667,ON,NORMAL,OFF,NOT INVERTED,N,INTEGER COSINE TRANSFORM,6.21,IM8,NOT POSSIBLE,N/A,WEST,19124.54,688027.3,-2.044,234.89,-1927.119,-4850.541,203.904,84.551,134.637,262.589,-21.838,93.386,UNK,UNK,249.417,197.51,17992.3,765192000.0,-0.351,192.627,183.054,82.336,45.345,39.217,97.917,12.092,274.712,400.0,400.0,1565.0,1565.0,1565.0,N/A,N/A,N/A,N/A,N/A,N/A,N/A,N/A,N/A,LSB_UNSIGNED_INTEGER,"frozenset({'CKE06APE.PLT', 'S980127A.BSP', 'NULL', 'N/A'})","VICAR programs run: SSIMERGE,CATLABEL,BADLABELS.",REDR,2.795,2.446,3.059,SKEWED,"frozenset({680, 1, 800})",0.0
C0383713726R,181.39087430233,-181.39087430233,-2739364.9837138,290950.96238094,-2502831.2836235617,140396.5367100061,280.4827478314496,10.672382963954831,271.806446469232,5.149890532481996,FIXED_LENGTH,1000,809,"['C0383713726R.IMG', 1]","['C0383713726R.IMG', 3]","['C0383713726R.IMG', 5]","['C0383713726R.IMG', 10]","['C0383713726R.IMG', 10]",GO-J/JSA-SSI-2-REDR-V1.0,GALILEO ORBITER,SOLID STATE IMAGING SYSTEM,1,03837137.26,1997-02-20 16:08:59.847000+00:00,E6E0022,6,E6ESDRKLIN01,EUROPA,-000T04:46:01Z,-000T00:58:01Z,NOT APPLICABLE,CLEAR,0,12.5,100K,8.667,ON,NORMAL,OFF,NOT INVERTED,N,INTEGER COSINE TRANSFORM,6.297,IM8,NOT POSSIBLE,N/A,WEST,19077.24,687990.6,-2.049,234.917,-1300.375,-5052.315,197.321,84.937,134.729,262.656,-22.186,93.029,UNK,UNK,250.966,189.955,17936.4,765192000.0,-0.351,192.637,182.139,82.85,44.884,39.124,97.27,7.96,275.367,400.0,400.0,1565.0,1565.0,1565.0,N/A,N/A,N/A,N/A,N/A,N/A,N/A,N/A,N/A,LSB_UNSIGNED_INTEGER,"frozenset({'CKE06APE.PLT', 'S980127A.BSP', 'NULL', 'N/A'})","VICAR programs run: SSIMERGE,CATLABEL,BADLABELS.",REDR,2.636,2.439,2.928,SKEWED,"frozenset({680, 1, 800})",0.0
C0383713739R,180.18815667956,-180.18815667956,-2535067.1763247,529392.80432455,-2302804.6423647474,370466.85013317806,272.98889243633306,19.418676947754,264.46926187620545,13.589108170382,FIXED_LENGTH,1000,810,"['C0383713739R.IMG', 1]","['C0383713739R.IMG', 3]","['C0383713739R.IMG', 5]","['C0383713739R.IMG', 11]","['C0383713739R.IMG', 11]",GO-J/JSA-SSI-2-REDR-V1.0,GALILEO ORBITER,SOLID STATE IMAGING SYSTEM,1,03837137.39,1997-02-20 16:09:08.514000+00:00,E6E0023,6,E6ESDRKLIN01,EUROPA,-000T04:45:52Z,-000T00:57:52Z,NOT APPLICABLE,CLEAR,0,12.5,100K,8.667,ON,NORMAL,OFF,NOT INVERTED,N,INTEGER COSINE TRANSFORM,6.286,IM8,NOT POSSIBLE,N/A,WEST,19029.94,687953.8,-2.054,234.943,-2585.542,-3945.121,214.493,83.942,134.096,262.043,-21.413,93.762,UNK,UNK,220.667,200.868,17813.4,765192000.0,-0.351,192.647,186.558,76.011,40.536,39.766,104.634,16.465,267.939,400.0,400.0,1565.0,1565.0,1565.0,N/A,N/A,N/A,N/A,N/A,N/A,N/A,N/A,N/A,LSB_UNSIGNED_INTEGER,"frozenset({'CKE06APE.PLT', 'S980127A.BSP', 'NULL', 'N/A'})","VICAR programs run: SSIMERGE,CATLABEL,BADLABELS.",REDR,2.586,2.286,3.158,SKEWED,"frozenset({337, 1, 600, 464})",0.0
C0383713752R,179.53491079365,-179.53491079365,-2538982.7084438,411134.94571746,-2320129.6521863407,257453.06207809562,273.13251821416424,15.080856081914634,265.1047611993809,9.443645249548313,FIXED_LENGTH,1000,810,"['C0383713752R.IMG', 1]","['C0383713752R.IMG', 3]","['C0383713752R.IMG', 5]","['C0383713752R.IMG', 11]","['C0383713752R.IMG', 11]",GO-J/JSA-SSI-2-REDR-V1.0,GALILEO ORBITER,SOLID STATE IMAGING SYSTEM,1,03837137.52,1997-02-20 16:09:17.180000+00:00,E6E0024,6,E6ESDRKLIN01,EUROPA,-000T04:45:43Z,-000T00:57:43Z,NOT APPLICABLE,CLEAR,0,12.5,100K,8.667,ON,NORMAL,OFF,NOT INVERTED,N,INTEGER COSINE TRANSFORM,6.237,IM8,NOT POSSIBLE,N/A,WEST,18982.63,687917.1,-2.059,234.97,-1961.577,-4156.265,207.398,84.362,134.187,262.107,-21.762,93.371,UNK,UNK,222.403,192.404,17743.1,765192000.0,-0.351,192.657,185.115,76.145,39.134,39.67,104.229,12.253,268.394,400.0,400.0,1565.0,1565.0,1565.0,N/A,N/A,N/A,N/A,N/A,N/A,N/A,N/A,N/A,LSB_UNSIGNED_INTEGER,"frozenset({'CKE06APE.PLT', 'S980127A.BSP', 'NULL', 'N/A'})","VICAR programs run: SSIMERGE,CATLABEL,BADLABELS.",REDR,2.745,2.506,2.926,SKEWED,"frozenset({680, 1, 169, 632})",0.0
C0383713765R,178.98961566838,-178.98961566838,-2550423.0336587,297301.75162518,-2341900.1314050374,147487.44331074596,273.55216120460653,10.905336498059846,265.9033249491943,5.409992338592016,FIXED_LENGTH,1000,807,"['C0383713765R.IMG', 1]","['C0383713765R.IMG', 3]","['C0383713765R.IMG', 5]","['C0383713765R.IMG', 8]","['C0383713765R.IMG', 8]",GO-J/JSA-SSI-2-REDR-V1.0,GALILEO ORBITER,SOLID STATE IMAGING SYSTEM,1,03837137.65,1997-02-20 16:09:25.847000+00:00,E6E0025,6,E6ESDRKLIN01,EUROPA,-000T04:45:35Z,-000T00:57:35Z,NOT APPLICABLE,CLEAR,0,12.5,100K,8.667,ON,NORMAL,OFF,NOT INVERTED,N,INTEGER COSINE TRANSFORM,6.367,IM8,NOT POSSIBLE,N/A,WEST,18935.33,687880.4,-2.064,234.997,-1339.29,-4357.017,200.084,84.758,134.276,262.172,-22.11,93.002,UNK,UNK,223.616,186.098,17684.2,765192000.0,-0.351,192.667,183.669,76.581,38.417,39.578,103.602,8.176,269.056,400.0,400.0,1565.0,1565.0,1565.0,N/A,N/A,N/A,N/A,N/A,N/A,N/A,N/A,N/A,LSB_UNSIGNED_INTEGER,"frozenset({'CKE06APE.PLT', 'S980127A.BSP', 'NULL', 'N/A'})","VICAR programs run: SSIMERGE,CATLABEL,BADLABELS.",REDR,2.614,2.357,2.795,SKEWED,"frozenset({680, 1, 800})",0.0
C0383715500R,242.43217955668,-242.43217955668,-2484202.5439173,-619656.65094687,-2327833.7881032415,-728023.835208706,271.12312498215357,-22.729648429236157,265.3873568926162,-26.704669105241102,FIXED_LENGTH,1000,810,"['C0383715500R.IMG', 1]","['C0383715500R.IMG', 3]","['C0383715500R.IMG', 5]","['C0383715500R.IMG', 11]","['C0383715500R.IMG', 11]",GO-J/JSA-SSI-2-REDR-V1.0,GALILEO ORBITER,SOLID STATE IMAGING SYSTEM,1,03837155.00,1997-02-20 16:26:53.581000+00:00,E6E0030,6,E6ESCRATER01,EUROPA,-000T04:28:07Z,-000T00:40:07Z,NOT APPLICABLE,CLEAR,0,6.25,400K,2.333,OFF,NORMAL,OFF,NOT INVERTED,N,INTEGER COSINE TRANSFORM,5.845,AI8,NOT POSSIBLE,N/A,WEST,13229.16,683537.9,-3.115,239.321,2764.474,-2916.444,140.55,86.337,132.035,259.514,-24.805,90.303,UNK,UNK,286.903,270.957,11595.3,765194000.0,-0.351,193.897,173.923,77.649,41.927,41.819,105.085,-25.396,270.371,200.0,200.0,1565.0,1565.0,1565.0,N/A,N/A,N/A,N/A,N/A,N/A,N/A,N/A,N/A,LSB_UNSIGNED_INTEGER,"frozenset({'CKE06APE.PLT', 'S980127A.BSP', 'NULL', 'N/A'})","VICAR programs run: SSIMERGE,CATLABEL,BADLABELS.",REDR,3.259,3.048,3.898,SKEWED,"frozenset({400, 1})",0.0
C0383715504R,243.20217571789,-243.20217571789,-2608343.3345744,-620165.54808062,-2438101.811571877,-728876.9206265168,275.6767378951298,-22.748315303736916,269.43210232155496,-26.73596116286256,FIXED_LENGTH,1000,810,"['C0383715504R.IMG', 1]","['C0383715504R.IMG', 3]","['C0383715504R.IMG', 5]","['C0383715504R.IMG', 11]","['C0383715504R.IMG', 11]",GO-J/JSA-SSI-2-REDR-V1.0,GALILEO ORBITER,SOLID STATE IMAGING SYSTEM,1,03837155.04,1997-02-20 16:26:56.248000+00:00,E6E0031,6,E6ESCRATER01,EUROPA,-000T04:28:04Z,-000T00:40:04Z,NOT APPLICABLE,CLEAR,0,6.25,400K,2.333,OFF,NORMAL,OFF,NOT INVERTED,N,INTEGER COSINE TRANSFORM,5.787,AI8,NOT POSSIBLE,N/A,WEST,13214.68,683527.1,-3.118,239.335,2777.554,-3270.119,143.396,86.712,132.428,259.963,-24.827,90.118,UNK,UNK,305.752,276.806,11644.0,765194000.0,-0.351,193.9,175.624,81.497,45.602,41.41,100.948,-25.385,274.649,200.0,200.0,1565.0,1565.0,1565.0,N/A,N/A,N/A,N/A,N/A,N/A,N/A,N/A,N/A,LSB_UNSIGNED_INTEGER,"frozenset({'CKE06APE.PLT', 'S980127A.BSP', 'NULL', 'N/A'})","VICAR programs run: SSIMERGE,CATLABEL,BADLABELS.",REDR,3.261,2.644,3.532,SKEWED,"frozenset({400, 1})",0.0
C0383717500R,54.718475659817,-54.718475659817,-2648100.6295568,277969.85635187,-2583642.2652295353,229817.59777123103,277.135076696249,10.196222535736178,274.7706770609936,8.429947765766128,FIXED_LENGTH,1000,809,"['C0383717500R.IMG', 1]","['C0383717500R.IMG', 3]","['C0383717500R.IMG', 5]","['C0383717500R.IMG', 10]","['C0383717500R.IMG', 10]",GO-J/JSA-SSI-2-REDR-V1.0,GALILEO ORBITER,SOLID STATE IMAGING SYSTEM,1,03837175.00,1997-02-20 16:47:07.846000+00:00,E6E0050,6,E6ESBRTPLN01,EUROPA,-000T04:07:53Z,-000T00:19:53Z,NOT APPLICABLE,CLEAR,0,12.5,100K,8.667,ON,NORMAL,OFF,NOT INVERTED,N,INTEGER COSINE TRANSFORM,6.337,IM8,NOT POSSIBLE,N/A,WEST,6711.565,678744.4,-5.675,249.861,-8097.526,-11085.099,216.497,77.169,125.92,254.516,-14.763,97.297,UNK,UNK,64.9875,60.6282,5408.8,765197000.0,-0.351,195.321,183.173,80.491,37.998,47.988,99.691,9.339,275.625,400.0,400.0,1565.0,1565.0,1565.0,N/A,N/A,N/A,N/A,N/A,N/A,N/A,N/A,N/A,LSB_UNSIGNED_INTEGER,"frozenset({'NULL', 'S980127A.BSP', 'CKE06B.PLT', 'N/A'})","VICAR programs run: SSIMERGE,CATLABEL,BADLABELS.",REDR,2.489,2.21,2.673,SKEWED,"frozenset({600, 1, 800})",0.0
C0383717513R,54.022398480304,-54.022398480304,-2599719.8820677,279025.68815077,-2537972.2806047127,231161.84309722064,275.36042071621466,10.234951540827518,273.09545467339456,8.479256078064074,FIXED_LENGTH,1000,810,"['C0383717513R.IMG', 1]","['C0383717513R.IMG', 3]","['C0383717513R.IMG', 5]","['C0383717513R.IMG', 11]","['C0383717513R.IMG', 11]",GO-J/JSA-SSI-2-REDR-V1.0,GALILEO ORBITER,SOLID STATE IMAGING SYSTEM,1,03837175.13,1997-02-20 16:47:16.512000+00:00,E6E0051,6,E6ESBRTPLN01,EUROPA,-000T04:07:44Z,-000T00:19:44Z,NOT APPLICABLE,CLEAR,0,12.5,100K,8.667,ON,NORMAL,OFF,NOT INVERTED,N,INTEGER COSINE TRANSFORM,6.585,IM8,NOT POSSIBLE,N/A,WEST,6666.177,678711.1,-5.713,250.003,-8201.293,-10359.038,218.641,76.887,125.377,253.988,-14.572,97.354,UNK,UNK,62.5242,59.647,5338.33,765197000.0,-0.351,195.332,183.954,78.783,36.155,48.529,101.405,9.374,273.902,400.0,400.0,1565.0,1565.0,1565.0,N/A,N/A,N/A,N/A,N/A,N/A,N/A,N/A,N/A,LSB_UNSIGNED_INTEGER,"frozenset({'NULL', 'S980127A.BSP', 'CKE06B.PLT', 'N/A'})","VICAR programs run: SSIMERGE,CATLABEL,BADLABELS.",REDR,2.239,2.076,2.304,SKEWED,"frozenset({600, 1, 800})",0.0
C0383717526R,53.352795456663,-53.352795456663,-2553891.6129195,279995.47055657,-2494509.9515762343,232458.12980468324,273.67939228818557,10.270524164962207,271.50121138201126,8.526805218509988,FIXED_LENGTH,1000,810,"['C0383717526R.IMG', 1]","['C0383717526R.IMG', 3]","['C0383717526R.IMG', 5]","['C0383717526R.IMG', 11]","['C0383717526R.IMG', 11]",GO-J/JSA-SSI-2-REDR-V1.0,GALILEO ORBITER,SOLID STATE IMAGING SYSTEM,1,03837175.26,1997-02-20 16:47:25.179000+00:00,E6E0052,6,E6ESBRTPLN01,EUROPA,-000T04:07:35Z,-000T00:19:35Z,NOT APPLICABLE,CLEAR,0,12.5,100K,8.667,ON,NORMAL,OFF,NOT INVERTED,N,INTEGER COSINE TRANSFORM,6.445,IM8,NOT POSSIBLE,N/A,WEST,6620.822,678677.8,-5.752,250.147,-8284.483,-9652.716,220.824,76.697,124.848,253.462,-14.381,97.32,UNK,UNK,60.062,58.5186,5270.69,765197000.0,-0.351,195.342,184.6,77.164,34.436,49.07,103.061,9.409,272.268,400.0,400.0,1565.0,1565.0,1565.0,N/A,N/A,N/A,N/A,N/A,N/A,N/A,N/A,N/A,LSB_UNSIGNED_INTEGER,"frozenset({'NULL', 'S980127A.BSP', 'CKE06B.PLT', 'N/A'})","VICAR programs run: SSIMERGE,CATLABEL,BADLABELS.",REDR,2.455,2.177,2.52,SKEWED,"frozenset({600, 1, 800})",0.0
C0383717539R,52.706032774322,-52.706032774322,-2509966.6927788,281028.56675268,-2452727.9411858865,233856.6674196618,272.0681806751822,10.30841920457048,269.9686039204628,8.578105028259388,FIXED_LENGTH,1000,809,"['C0383717539R.IMG', 1]","['C0383717539R.IMG', 3]","['C0383717539R.IMG', 5]","['C0383717539R.IMG', 10]","['C0383717539R.IMG', 10]",GO-J/JSA-SSI-2-REDR-V1.0,GALILEO ORBITER,SOLID STATE IMAGING SYSTEM,1,03837175.39,1997-02-20 16:47:33.846000+00:00,E6E0053,6,E6ESBRTPLN01,EUROPA,-000T04:07:27Z,-000T00:19:27Z,NOT APPLICABLE,CLEAR,0,12.5,100K,8.667,ON,NORMAL,OFF,NOT INVERTED,N,INTEGER COSINE TRANSFORM,6.432,IM8,NOT POSSIBLE,N/A,WEST,6575.5,678644.6,-5.791,250.293,-8369.62,-8942.564,223.188,76.487,124.306,252.935,-14.188,97.306,UNK,UNK,58.4238,57.831,5205.43,765197000.0,-0.351,195.352,185.234,75.611,32.823,49.613,104.623,9.447,270.7,400.0,400.0,1565.0,1565.0,1565.0,N/A,N/A,N/A,N/A,N/A,N/A,N/A,N/A,N/A,LSB_UNSIGNED_INTEGER,"frozenset({'NULL', 'S980127A.BSP', 'CKE06B.PLT', 'N/A'})","VICAR programs run: SSIMERGE,CATLABEL,BADLABELS.",REDR,2.386,2.214,2.514,SKEWED,"frozenset({400, 1, 800})",0.0
C0383718300R,57.760233545714,-57.760233545714,-2599557.0709584,-702364.43991588,-2568251.0243766233,-728645.3461791798,275.3544486359197,-25.763455881722034,274.2061103885601,-26.727466772033186,FIXED_LENGTH,1000,811,"['C0383718300R.IMG', 1]","['C0383718300R.IMG', 3]","['C0383718300R.IMG', 5]","['C0383718300R.IMG', 12]","['C0383718300R.IMG', 12]",GO-J/JSA-SSI-2-REDR-V1.0,GALILEO ORBITER,SOLID STATE IMAGING SYSTEM,1,03837183.00,1997-02-20 16:55:12.246000+00:00,E6E0060,6,E6ESCRATER02,EUROPA,-000T03:59:48Z,-000T00:11:48Z,NOT APPLICABLE,CLEAR,0,6.25,400K,2.333,OFF,NORMAL,OFF,NOT INVERTED,N,INTEGER COSINE TRANSFORM,5.893,AI8,PRESENCE VERIFIED,N/A,WEST,4256.366,676901.6,-9.981,265.494,9570.094,-7787.338,130.445,78.622,113.681,239.258,-23.115,89.804,UNK,UNK,55.9316,58.6426,2507.09,765199000.0,-0.351,195.89,178.777,86.529,36.902,60.381,101.235,-26.536,282.185,200.0,200.0,1565.0,1565.0,1565.0,N/A,N/A,N/A,N/A,N/A,N/A,N/A,N/A,N/A,LSB_UNSIGNED_INTEGER,"frozenset({'NULL', 'S980127A.BSP', 'CKE06B.PLT', 'N/A'})","VICAR programs run: SSIMERGE,CATLABEL,BADLABELS.",REDR,3.272,2.827,3.501,SKEWED,"frozenset({112, 289, 400, 1})",0.0
C0383718304R,57.356694097572,-57.356694097572,-2574397.8578754,-702390.07591887,-2543884.096615492,-728487.3717332653,274.4315826144561,-25.76439623689163,273.31230621415995,-26.72167210556595,FIXED_LENGTH,1000,810,"['C0383718304R.IMG', 1]","['C0383718304R.IMG', 3]","['C0383718304R.IMG', 5]","['C0383718304R.IMG', 11]","['C0383718304R.IMG', 11]",GO-J/JSA-SSI-2-REDR-V1.0,GALILEO ORBITER,SOLID STATE IMAGING SYSTEM,1,03837183.04,1997-02-20 16:55:14.913000+00:00,E6E0061,6,E6ESCRATER02,EUROPA,-000T03:59:46Z,-000T00:11:46Z,NOT APPLICABLE,CLEAR,0,6.25,400K,2.333,OFF,NORMAL,OFF,NOT INVERTED,N,INTEGER COSINE TRANSFORM,5.917,AI8,NOT POSSIBLE,N/A,WEST,4243.587,676891.6,-10.013,265.621,9584.868,-7404.405,129.017,78.324,113.046,238.649,-23.007,89.869,UNK,UNK,55.1849,57.9759,2484.69,765199000.0,-0.351,195.893,178.469,85.776,36.004,60.951,102.361,-26.539,281.346,200.0,200.0,1565.0,1565.0,1565.0,N/A,N/A,N/A,N/A,N/A,N/A,N/A,N/A,N/A,LSB_UNSIGNED_INTEGER,"frozenset({'NULL', 'S980127A.BSP', 'CKE06B.PLT', 'N/A'})","VICAR programs run: SSIMERGE,CATLABEL,BADLABELS.",REDR,3.128,2.678,3.408,SKEWED,"frozenset({112, 289, 400, 1})",0.0
C0383718307R,57.03903762399,-57.03903762399,-2550329.4502438,-702492.78737706,-2520498.033566453,-728388.5104583515,273.54872846791886,-25.768163799671353,272.4544811743797,-26.718045771500744,FIXED_LENGTH,1000,810,"['C0383718307R.IMG', 1]","['C0383718307R.IMG', 3]","['C0383718307R.IMG', 5]","['C0383718307R.IMG', 11]","['C0383718307R.IMG', 11]",GO-J/JSA-SSI-2-REDR-V1.0,GALILEO ORBITER,SOLID STATE IMAGING SYSTEM,1,03837183.07,1997-02-20 16:55:16.913000+00:00,E6E0062,6,E6ESCRATER02,EUROPA,-000T03:59:44Z,-000T00:11:44Z,NOT APPLICABLE,CLEAR,0,6.25,400K,2.333,OFF,NORMAL,OFF,NOT INVERTED,N,INTEGER COSINE TRANSFORM,5.733,AI8,NOT POSSIBLE,N/A,WEST,4234.012,676884.1,-10.036,265.717,9611.314,-7012.937,127.467,78.175,112.591,238.088,-22.908,89.805,UNK,UNK,54.4363,57.4181,2466.62,765199000.0,-0.351,195.895,178.055,85.057,35.189,61.478,103.109,-26.545,280.544,200.0,200.0,1565.0,1565.0,1565.0,N/A,N/A,N/A,N/A,N/A,N/A,N/A,N/A,N/A,LSB_UNSIGNED_INTEGER,"frozenset({'NULL', 'S980127A.BSP', 'CKE06B.PLT', 'N/A'})","VICAR programs run: SSIMERGE,CATLABEL,BADLABELS.",REDR,3.489,3.0,3.951,SKEWED,"frozenset({112, 289, 400, 1})",0.0
C0383718311R,56.665841993327,-56.665841993327,-2526616.5627985,-702656.44071725,-2497433.6541719367,-728382.7329822205,272.6789151704256,-25.7741667738686,271.6084558245754,-26.71783384768606,FIXED_LENGTH,1000,810,"['C0383718311R.IMG', 1]","['C0383718311R.IMG', 3]","['C0383718311R.IMG', 5]","['C0383718311R.IMG', 11]","['C0383718311R.IMG', 11]",GO-J/JSA-SSI-2-REDR-V1.0,GALILEO ORBITER,SOLID STATE IMAGING SYSTEM,1,03837183.11,1997-02-20 16:55:19.580000+00:00,E6E0063,6,E6ESCRATER02,EUROPA,-000T03:59:41Z,-000T00:11:41Z,NOT APPLICABLE,CLEAR,0,6.25,400K,2.333,OFF,NORMAL,OFF,NOT INVERTED,N,INTEGER COSINE TRANSFORM,5.228,AI8,NOT POSSIBLE,N/A,WEST,4221.256,676874.0,-10.068,265.846,9582.636,-6699.786,126.33,77.489,111.958,237.483,-22.798,90.263,UNK,UNK,53.6906,56.7355,2445.74,765199000.0,-0.351,195.898,178.173,84.35,34.385,62.046,104.101,-26.55,279.756,200.0,200.0,1565.0,1565.0,1565.0,N/A,N/A,N/A,N/A,N/A,N/A,N/A,N/A,N/A,LSB_UNSIGNED_INTEGER,"frozenset({'NULL', 'S980127A.BSP', 'CKE06B.PLT', 'N/A'})","VICAR programs run: SSIMERGE,CATLABEL,BADLABELS.",REDR,4.669,3.509,5.157,SKEWED,"frozenset({112, 289, 400, 1})",0.0
C0383718312R,56.665841993327,-56.665841993327,-2526616.5627985,-702656.44071725,-2497433.6541719367,-728382.7329822205,272.6789151704256,-25.7741667738686,271.6084558245754,-26.71783384768606,FIXED_LENGTH,1000,810,"['C0383718312R.IMG', 1]","['C0383718312R.IMG', 3]","['C0383718312R.IMG', 5]","['C0383718312R.IMG', 11]","['C0383718312R.IMG', 11]",GO-J/JSA-SSI-2-REDR-V1.0,GALILEO ORBITER,SOLID STATE IMAGING SYSTEM,1,03837183.12,1997-02-20 16:55:19.580000+00:00,E6E0063,6,E6ESCRATER02,EUROPA,-000T03:59:41Z,-000T00:11:41Z,NOT APPLICABLE,CLEAR,0,6.25,400K,2.333,OFF,NORMAL,OFF,NOT INVERTED,N,INTEGER COSINE TRANSFORM,5.427,AI8,NOT POSSIBLE,N/A,WEST,4221.256,676874.0,-10.068,265.846,9582.636,-6699.786,126.33,77.489,111.95,237.483,-22.798,90.263,UNK,UNK,53.6906,56.7355,2445.74,765199000.0,-0.351,195.898,178.173,84.35,34.385,62.046,104.101,-26.55,279.756,200.0,200.0,1565.0,1565.0,1565.0,N/A,N/A,N/A,N/A,N/A,N/A,N/A,N/A,N/A,LSB_UNSIGNED_INTEGER,"frozenset({'NULL', 'S980127A.BSP', 'CKE06B.PLT', 'N/A'})","VICAR programs run: SSIMERGE,CATLABEL,BADLABELS.",REDR,3.931,3.717,4.058,SKEWED,"frozenset({96, 193, 400, 1})",1.0
C0383718314R,56.373731157269,-56.373731157269,-2503388.2795008,-702811.30633767,-2474863.171535222,-728404.9802830701,271.82687765551367,-25.779847405393404,270.7805471199294,-26.718649901747675,FIXED_LENGTH,1000,810,"['C0383718314R.IMG', 1]","['C0383718314R.IMG', 3]","['C0383718314R.IMG', 5]","['C0383718314R.IMG', 11]","['C0383718314R.IMG', 11]",GO-J/JSA-SSI-2-REDR-V1.0,GALILEO ORBITER,SOLID STATE IMAGING SYSTEM,1,03837183.14,1997-02-20 16:55:21.580000+00:00,E6E0064,6,E6ESCRATER02,EUROPA,-000T03:59:39Z,-000T00:11:39Z,NOT APPLICABLE,CLEAR,0,6.25,400K,2.333,OFF,NORMAL,OFF,NOT INVERTED,N,INTEGER COSINE TRANSFORM,5.554,AI8,NOT POSSIBLE,N/A,WEST,4211.697,676866.5,-10.091,265.944,9623.275,-6291.794,124.563,77.454,111.493,236.923,-22.692,90.087,UNK,UNK,52.942,56.2013,2428.9,765199000.0,-0.351,195.901,177.671,83.665,33.646,62.573,104.821,-26.552,278.992,200.0,200.0,1565.0,1565.0,1565.0,N/A,N/A,N/A,N/A,N/A,N/A,N/A,N/A,N/A,LSB_UNSIGNED_INTEGER,"frozenset({'NULL', 'S980127A.BSP', 'CKE06B.PLT', 'N/A'})","VICAR programs run: SSIMERGE,CATLABEL,BADLABELS.",REDR,4.152,3.614,4.427,SKEWED,"frozenset({400, 1})",0.0
C0383718318R,56.025590851655,-56.025590851655,-2480477.0093662,-703009.11400657,-2452576.2651220756,-728444.7322532213,270.98646851210987,-25.787103195779633,269.9630402851814,-26.72010804522846,FIXED_LENGTH,1000,810,"['C0383718318R.IMG', 1]","['C0383718318R.IMG', 3]","['C0383718318R.IMG', 5]","['C0383718318R.IMG', 11]","['C0383718318R.IMG', 11]",GO-J/JSA-SSI-2-REDR-V1.0,GALILEO ORBITER,SOLID STATE IMAGING SYSTEM,1,03837183.18,1997-02-20 16:55:24.246000+00:00,E6E0065,6,E6ESCRATER02,EUROPA,-000T03:59:36Z,-000T00:11:36Z,NOT APPLICABLE,CLEAR,0,6.25,400K,2.333,OFF,NORMAL,OFF,NOT INVERTED,N,INTEGER COSINE TRANSFORM,5.503,AI8,NOT POSSIBLE,N/A,WEST,4198.964,676856.4,-10.123,266.074,9660.947,-5892.175,122.779,77.3,110.887,236.317,-22.579,90.015,UNK,UNK,51.4475,55.7384,2409.31,765199000.0,-0.351,195.904,177.281,82.992,32.927,63.143,105.758,-26.559,278.24,200.0,200.0,1565.0,1565.0,1565.0,N/A,N/A,N/A,N/A,N/A,N/A,N/A,N/A,N/A,LSB_UNSIGNED_INTEGER,"frozenset({'NULL', 'S980127A.BSP', 'CKE06B.PLT', 'N/A'})","VICAR programs run: SSIMERGE,CATLABEL,BADLABELS.",REDR,3.988,3.301,4.548,SKEWED,"frozenset({400, 1})",0.0
C0383718600R,21.62702615623,-21.62702615623,-2558304.1780728,436390.13378041,-2538126.1626690375,409875.399712872,273.8412497530451,16.007242565151646,273.10109922706204,15.034654628543663,FIXED_LENGTH,1000,809,"['C0383718600R.IMG', 1]","['C0383718600R.IMG', 3]","['C0383718600R.IMG', 5]","['C0383718600R.IMG', 10]","['C0383718600R.IMG', 10]",GO-J/JSA-SSI-2-REDR-V1.0,GALILEO ORBITER,SOLID STATE IMAGING SYSTEM,1,03837186.00,1997-02-20 16:58:15.179000+00:00,E6E0070,6,E6ESBRTPLN02,EUROPA,-000T03:56:45Z,-000T00:08:45Z,NOT APPLICABLE,CLEAR,0,12.5,100K,8.667,ON,NORMAL,OFF,NOT INVERTED,N,INTEGER COSINE TRANSFORM,5.868,IM8,NOT POSSIBLE,N/A,WEST,3417.192,676215.9,-11.017,271.161,-33737.57,767.124,270.616,68.776,98.963,234.092,9.618,95.568,UNK,UNK,20.9866,30.9881,2134.78,765199000.0,-0.351,196.104,186.429,77.647,45.652,75.51,102.97,15.441,273.182,400.0,400.0,1565.0,1565.0,1565.0,N/A,N/A,N/A,N/A,N/A,N/A,N/A,N/A,N/A,LSB_UNSIGNED_INTEGER,"frozenset({'NULL', 'S980127A.BSP', 'CKE06B.PLT', 'N/A'})","VICAR programs run: SSIMERGE,CATLABEL,BADLABELS.",REDR,2.669,2.757,3.304,SKEWED,"frozenset({800, 1})",0.0
C0383718613R,21.160615724164,-21.160615724164,-2557154.6071866,418408.85471389,-2537729.1619518176,392677.54599330656,273.79908230104104,15.347670605639141,273.08653682913604,14.403819523028641,FIXED_LENGTH,1000,809,"['C0383718613R.IMG', 1]","['C0383718613R.IMG', 3]","['C0383718613R.IMG', 5]","['C0383718613R.IMG', 10]","['C0383718613R.IMG', 10]",GO-J/JSA-SSI-2-REDR-V1.0,GALILEO ORBITER,SOLID STATE IMAGING SYSTEM,1,03837186.13,1997-02-20 16:58:23.845000+00:00,E6E0071,6,E6ESBRTPLN02,EUROPA,-000T03:56:37Z,-000T00:08:37Z,NOT APPLICABLE,CLEAR,0,12.5,100K,8.667,ON,NORMAL,OFF,NOT INVERTED,N,INTEGER COSINE TRANSFORM,5.916,IM8,NOT POSSIBLE,N/A,WEST,3379.819,676183.6,-11.137,271.697,-33808.211,1315.886,271.534,68.803,98.174,233.339,10.026,95.19,UNK,UNK,21.852,30.0798,2088.62,765199000.0,-0.351,196.115,186.468,77.569,45.136,76.354,102.984,14.799,273.155,400.0,400.0,1565.0,1565.0,1565.0,N/A,N/A,N/A,N/A,N/A,N/A,N/A,N/A,N/A,LSB_UNSIGNED_INTEGER,"frozenset({'NULL', 'S980127A.BSP', 'CKE06B.PLT', 'N/A'})","VICAR programs run: SSIMERGE,CATLABEL,BADLABELS.",REDR,3.187,2.715,3.92,SKEWED,"frozenset({680, 1, 800})",0.0
C0383718626R,20.697364645288,-20.697364645288,-2556145.2310577,400017.96649948,-2537476.20814765,375056.9447372627,273.76205733809144,14.67307375789101,273.0772582213316,13.757477599562423,FIXED_LENGTH,1000,808,"['C0383718626R.IMG', 1]","['C0383718626R.IMG', 3]","['C0383718626R.IMG', 5]","['C0383718626R.IMG', 9]","['C0383718626R.IMG', 9]",GO-J/JSA-SSI-2-REDR-V1.0,GALILEO ORBITER,SOLID STATE IMAGING SYSTEM,1,03837186.26,1997-02-20 16:58:32.512000+00:00,E6E0072,6,E6ESBRTPLN02,EUROPA,-000T03:56:28Z,-000T00:08:28Z,NOT APPLICABLE,CLEAR,0,12.5,100K,8.667,ON,NORMAL,OFF,NOT INVERTED,N,INTEGER COSINE TRANSFORM,5.794,IM8,NOT POSSIBLE,N/A,WEST,3342.72,676151.2,-11.258,272.246,-33861.578,1828.191,272.387,68.963,97.275,232.55,10.437,94.666,UNK,UNK,20.3019,29.1156,2042.77,765199000.0,-0.351,196.125,186.38,77.496,44.611,77.23,103.028,14.142,273.132,400.0,400.0,1565.0,1565.0,1565.0,N/A,N/A,N/A,N/A,N/A,N/A,N/A,N/A,N/A,LSB_UNSIGNED_INTEGER,"frozenset({'NULL', 'S980127A.BSP', 'CKE06B.PLT', 'N/A'})","VICAR programs run: SSIMERGE,CATLABEL,BADLABELS.",REDR,3.235,2.854,3.951,SKEWED,"frozenset({680, 1, 800})",0.0
C0383718639R,20.615049107378,-20.615049107378,-2574139.336891,435204.30170586,-2555400.2572523938,409291.18497788586,274.4220997967085,15.963745015162557,273.734730926509,15.013225026338759,FIXED_LENGTH,1000,808,"['C0383718639R.IMG', 1]","['C0383718639R.IMG', 3]","['C0383718639R.IMG', 5]","['C0383718639R.IMG', 9]","['C0383718639R.IMG', 9]",GO-J/JSA-SSI-2-REDR-V1.0,GALILEO ORBITER,SOLID STATE IMAGING SYSTEM,1,03837186.39,1997-02-20 16:58:41.179000+00:00,E6E0073,6,E6ESBRTPLN02,EUROPA,-000T03:56:19Z,-000T00:08:19Z,NOT APPLICABLE,CLEAR,0,12.5,100K,8.667,ON,NORMAL,OFF,NOT INVERTED,N,INTEGER COSINE TRANSFORM,5.805,IM8,NOT POSSIBLE,N/A,WEST,3305.906,676118.9,-11.381,272.807,-35993.984,1761.298,272.142,68.844,96.792,232.516,11.717,94.554,UNK,UNK,20.1794,30.3376,2035.52,765199000.0,-0.351,196.135,186.1,78.198,47.106,77.776,102.372,15.415,273.787,400.0,400.0,1565.0,1565.0,1565.0,N/A,N/A,N/A,N/A,N/A,N/A,N/A,N/A,N/A,LSB_UNSIGNED_INTEGER,"frozenset({'NULL', 'S980127A.BSP', 'CKE06B.PLT', 'N/A'})","VICAR programs run: SSIMERGE,CATLABEL,BADLABELS.",REDR,3.128,2.474,3.768,SKEWED,"frozenset({800, 1})",0.0
C0383718652R,20.156917498076,-20.156917498076,-2572970.0478769,416542.70009774,-2554990.0774686164,391407.0239776392,274.3792090633289,15.279218119452038,273.71968510675737,14.35721545819113,FIXED_LENGTH,1000,808,"['C0383718652R.IMG', 1]","['C0383718652R.IMG', 3]","['C0383718652R.IMG', 5]","['C0383718652R.IMG', 9]","['C0383718652R.IMG', 9]",GO-J/JSA-SSI-2-REDR-V1.0,GALILEO ORBITER,SOLID STATE IMAGING SYSTEM,1,03837186.52,1997-02-20 16:58:49.845000+00:00,E6E0074,6,E6ESBRTPLN02,EUROPA,-000T03:56:11Z,-000T00:08:11Z,NOT APPLICABLE,CLEAR,0,12.5,100K,8.667,ON,NORMAL,OFF,NOT INVERTED,N,INTEGER COSINE TRANSFORM,5.603,IM8,NOT POSSIBLE,N/A,WEST,3269.386,676086.6,-11.506,273.381,-36091.664,2375.018,273.098,68.951,95.89,231.678,12.175,94.052,UNK,UNK,20.2423,29.3755,1990.15,765199000.0,-0.351,196.145,186.112,78.12,46.612,78.71,102.408,14.747,273.759,400.0,400.0,1565.0,1565.0,1565.0,N/A,N/A,N/A,N/A,N/A,N/A,N/A,N/A,N/A,LSB_UNSIGNED_INTEGER,"frozenset({'NULL', 'S980127A.BSP', 'CKE06B.PLT', 'N/A'})","VICAR programs run: SSIMERGE,CATLABEL,BADLABELS.",REDR,3.363,3.065,3.799,SKEWED,"frozenset({680, 1, 800})",0.0
C0389522100R,20609.091228218,-20609.091228218,-4925572.8035441,2246390.9438758,4843136.438631231,-2452481.8561579045,360.6751173671559,82.39994892477127,2.3487339695327876,-89.95957726649051,FIXED_LENGTH,1000,812,"['C0389522100R.IMG', 1]","['C0389522100R.IMG', 3]","['C0389522100R.IMG', 5]","['C0389522100R.IMG', 13]","['C0389522100R.IMG', 13]",GO-J/JSA-SSI-2-REDR-V1.0,GALILEO ORBITER,SOLID STATE IMAGING SYSTEM,1,03895221.00,1997-04-02 10:58:07.901000+00:00,G7E0001,7,G7ESECLIPS01,EUROPA,-002T00:05:56Z,-001T19:00:56Z,NOT APPLICABLE,CLEAR,0,6395.83,10K,30.333,ON,EXTENDED,OFF,NOT INVERTED,Y,INTEGER COSINE TRANSFORM,1.208,HMA,NOT POSSIBLE,CONTIGUOUS READOUT,WEST,2030858.0,1884012.0,-0.124,68.2,198.782,401.758,90.501,79.507,105.6,238.686,-22.104,88.696,UNK,UNK,20603.7,20603.9,2029290.0,764404000.0,-0.165,3.595,178.82,64.605,0.0,64.605,115.395,-0.124,68.2,198.8,401.8,1565.0,1565.0,1565.0,N/A,N/A,N/A,N/A,N/A,N/A,N/A,N/A,N/A,LSB_UNSIGNED_INTEGER,"frozenset({'CKMN23AA.PLT', 'S980127A.BSP', 'NULL', 'N/A'})","VICAR programs run: SSIMERGE,UNMOSAIC,CATLABEL,BADL ABELS.",REDR,23.701,13.975,37.544,SKEWED,"frozenset({240, 81, 330, 391})",0.0
C0389522145R,20601.972601039,-20601.972601039,-4923871.4516483,2245615.0135133,4553035.94482964,-2451634.739523592,360.612710015622,82.37148699457454,12.989920864214156,-89.92850415003633,FIXED_LENGTH,1000,812,"['C0389522145R.IMG', 1]","['C0389522145R.IMG', 3]","['C0389522145R.IMG', 5]","['C0389522145R.IMG', 13]","['C0389522145R.IMG', 13]",GO-J/JSA-SSI-2-REDR-V1.0,GALILEO ORBITER,SOLID STATE IMAGING SYSTEM,1,03895221.45,1997-04-02 10:58:47.506000+00:00,G7E0002,7,G7ESECLIPS01,EUROPA,-002T00:05:16Z,-001T19:00:16Z,NOT APPLICABLE,CLEAR,0,25595.8,10K,30.333,ON,EXTENDED,OFF,NOT INVERTED,Y,INTEGER COSINE TRANSFORM,1.527,HMA,NOT POSSIBLE,CONTIGUOUS READOUT,WEST,2030158.0,1883716.0,-0.124,68.231,200.79,253.0,53.576,79.544,105.702,238.794,-22.124,88.7,UNK,UNK,20596.4,20596.6,2028590.0,764404000.0,-0.165,3.641,178.823,64.589,0.0,64.589,115.411,-0.124,68.231,200.8,253.0,1565.0,1565.0,1565.0,N/A,N/A,N/A,N/A,N/A,N/A,N/A,N/A,N/A,LSB_UNSIGNED_INTEGER,"frozenset({'CKMN23AA.PLT', 'S980127A.BSP', 'NULL', 'N/A'})","VICAR programs run: SSIMERGE,UNMOSAIC,CATLABEL,BADL ABELS.",REDR,23.701,13.975,37.544,SKEWED,"frozenset({240, 81, 331})",0.0
C0389522146R,20601.972601039,-20601.972601039,-4923871.4516483,2245615.0135133,4553035.94482964,-2451634.739523592,360.612710015622,82.37148699457454,12.989920864214156,-89.92850415003633,FIXED_LENGTH,1000,812,"['C0389522146R.IMG', 1]","['C0389522146R.IMG', 3]","['C0389522146R.IMG', 5]","['C0389522146R.IMG', 13]","['C0389522146R.IMG', 13]",GO-J/JSA-SSI-2-REDR-V1.0,GALILEO ORBITER,SOLID STATE IMAGING SYSTEM,1,03895221.46,1997-04-02 10:58:47.506000+00:00,G7E0002,7,G7ESECLIPS01,EUROPA,-002T00:05:16Z,-001T19:00:16Z,NOT APPLICABLE,CLEAR,0,25595.8,10K,30.333,ON,EXTENDED,OFF,NOT INVERTED,Y,HUFFMAN,2.577,HMA,NOT POSSIBLE,CONTIGUOUS READOUT,WEST,2030158.0,1883716.0,-0.124,68.231,200.79,253.0,53.576,79.544,105.702,238.794,-22.124,88.7,UNK,UNK,20596.4,20596.6,2028590.0,764404000.0,-0.165,3.641,178.823,64.589,0.0,64.589,115.411,-0.124,68.231,200.8,253.0,1565.0,1565.0,1565.0,N/A,N/A,N/A,N/A,N/A,N/A,N/A,N/A,N/A,LSB_UNSIGNED_INTEGER,"frozenset({'CKMN23AA.PLT', 'S980127A.BSP', 'NULL', 'N/A'})","VICAR programs run: SSIMERGE,UNMOSAIC,CATLABEL,BADL ABELS.",REDR,1.881,1.783,1.84,UNIFORM,"frozenset({216, 105, 177})",1.0
C0389704500R,3236.1723474255,-3236.1723474255,-1543654.209722,1734588.3782201,2860776.3551241057,-1459513.7286888687,236.62283690440017,63.62650016930468,75.06375718346348,-53.53647682155831,FIXED_LENGTH,1000,811,"['C0389704500R.IMG', 1]","['C0389704500R.IMG', 3]","['C0389704500R.IMG', 5]","['C0389704500R.IMG', 12]","['C0389704500R.IMG', 12]",GO-J/JSA-SSI-2-REDR-V1.0,GALILEO ORBITER,SOLID STATE IMAGING SYSTEM,1,03897045.00,1997-04-03 17:42:18.973000+00:00,G7E0010,7,G7ESGLOBAL01,EUROPA,-000T17:21:45Z,-000T12:16:45Z,NOT APPLICABLE,CLEAR,0,6.25,100K,8.667,ON,NORMAL,OFF,NOT INVERTED,N,INTEGER COSINE TRANSFORM,3.486,IM8,NOT POSSIBLE,N/A,WEST,320195.3,987850.9,-0.142,164.255,376.765,582.696,172.752,95.475,139.295,275.384,-24.768,87.88,UNK,UNK,3235.04,3235.09,318630.0,763219000.0,-0.159,133.285,177.953,30.97,0.0,30.97,149.03,-0.142,164.255,376.8,582.7,1565.0,1565.0,1565.0,N/A,N/A,N/A,N/A,N/A,N/A,N/A,N/A,N/A,LSB_UNSIGNED_INTEGER,"frozenset({'NULL', 'S980127A.BSP', 'CKG07A2H.PLT', 'N/A'})","VICAR programs run: SSIMERGE,CATLABEL,BADLABELS.",REDR,5.466,4.252,12.741,SKEWED,"frozenset({800, 1, 672})",0.0
C0389767100R,441.50799078582,-441.50799078582,163799.46458154,1181916.8913336,773080.4918659716,705971.2772664861,173.99166580856283,43.35393700937108,151.64260601292065,25.895758415383927,FIXED_LENGTH,1000,812,"['C0389767100R.IMG', 1]","['C0389767100R.IMG', 3]","['C0389767100R.IMG', 5]","['C0389767100R.IMG', 13]","['C0389767100R.IMG', 13]",GO-J/JSA-SSI-2-REDR-V1.0,GALILEO ORBITER,SOLID STATE IMAGING SYSTEM,1,03897671.00,1997-04-04 04:15:16.295000+00:00,G7E0020,7,G7ESLOWFOT01,EUROPA,-000T06:48:47Z,-000T01:43:47Z,NOT APPLICABLE,GREEN,1,29.17,100K,8.667,ON,NORMAL,OFF,NOT INVERTED,N,INTEGER COSINE TRANSFORM,3.666,IM8,NOT POSSIBLE,N/A,WEST,44844.57,719708.1,0.898,182.342,-1585.159,1099.639,289.414,110.321,165.272,303.313,-20.602,84.08,UNK,UNK,456.955,548.245,43597.2,762976000.0,-0.157,177.842,279.662,35.799,37.75,5.024,192.883,33.399,164.578,400.0,400.0,1565.0,1565.0,1565.0,N/A,N/A,N/A,N/A,N/A,N/A,N/A,N/A,N/A,LSB_UNSIGNED_INTEGER,"frozenset({'CKG07B.PLT', 'S980127A.BSP', 'NULL', 'N/A'})","VICAR programs run: SSIMERGE,CATLABEL,BADLABELS.",REDR,4.376,3.932,4.985,SKEWED,"frozenset({368, 1, 528})",0.0
C0389767113R,441.0701685847,-441.0701685847,166283.45355643,1182950.1921442,776283.4967090702,707035.4802413087,173.90055051751403,43.391839554450996,151.52511647433582,25.934794483887515,FIXED_LENGTH,1000,810,"['C0389767113R.IMG', 1]","['C0389767113R.IMG', 3]","['C0389767113R.IMG', 5]","['C0389767113R.IMG', 11]","['C0389767113R.IMG', 11]",GO-J/JSA-SSI-2-REDR-V1.0,GALILEO ORBITER,SOLID STATE IMAGING SYSTEM,1,03897671.13,1997-04-04 04:15:25.011000+00:00,G7E0021,7,G7ESLOWFOT01,EUROPA,-000T06:48:38Z,-000T01:43:38Z,NOT APPLICABLE,VIOLET,3,129.17,100K,8.667,ON,NORMAL,OFF,NOT INVERTED,N,INTEGER COSINE TRANSFORM,3.847,IM8,NOT POSSIBLE,N/A,WEST,44800.71,719663.4,0.899,182.315,-1570.831,1091.528,289.335,110.459,165.304,303.358,-20.602,83.958,UNK,UNK,456.0,544.942,43547.2,762976000.0,-0.157,177.852,279.62,35.438,37.367,4.983,193.099,33.065,164.754,400.0,400.0,1565.0,1565.0,1565.0,N/A,N/A,N/A,N/A,N/A,N/A,N/A,N/A,N/A,LSB_UNSIGNED_INTEGER,"frozenset({'CKG07B.PLT', 'S980127A.BSP', 'NULL', 'N/A'})","VICAR programs run: SSIMERGE,CATLABEL,BADLABELS.",REDR,5.851,5.288,6.827,SKEWED,"frozenset({128, 1, 352})",0.0
C0389767114R,441.0701685847,-441.0701685847,166283.45355643,1182950.1921442,776283.4967090702,707035.4802413087,173.90055051751403,43.391839554450996,151.52511647433582,25.934794483887515,FIXED_LENGTH,1000,811,"['C0389767114R.IMG', 1]","['C0389767114R.IMG', 3]","['C0389767114R.IMG', 5]","['C0389767114R.IMG', 12]","['C0389767114R.IMG', 12]",GO-J/JSA-SSI-2-REDR-V1.0,GALILEO ORBITER,SOLID STATE IMAGING SYSTEM,1,03897671.14,1997-04-04 04:15:25.011000+00:00,G7E0021,7,G7ESLOWFOT01,EUROPA,-000T06:48:38Z,-000T01:43:38Z,NOT APPLICABLE,VIOLET,3,129.17,100K,8.667,ON,NORMAL,OFF,NOT INVERTED,N,INTEGER COSINE TRANSFORM,3.853,IM8,NOT POSSIBLE,N/A,WEST,44800.71,719663.4,0.899,182.315,-1570.831,1091.528,289.335,110.459,165.303,303.358,-20.602,83.958,UNK,UNK,456.0,544.942,43547.2,762976000.0,-0.157,177.852,279.62,35.438,37.367,4.983,193.099,33.065,164.754,400.0,400.0,1565.0,1565.0,1565.0,N/A,N/A,N/A,N/A,N/A,N/A,N/A,N/A,N/A,LSB_UNSIGNED_INTEGER,"frozenset({'CKG07B.PLT', 'S980127A.BSP', 'NULL', 'N/A'})","VICAR programs run: SSIMERGE,CATLABEL,BADLABELS.",REDR,3.884,3.372,4.611,SKEWED,"frozenset({240, 129, 177, 352})",1.0
C0389767126R,440.58557568644,-440.58557568644,163897.83415536,1172838.8024773,767500.0728457829,699649.8941900634,173.98805751060357,43.0209432977765,151.8473015684721,25.663883530003364,FIXED_LENGTH,1000,812,"['C0389767126R.IMG', 1]","['C0389767126R.IMG', 3]","['C0389767126R.IMG', 5]","['C0389767126R.IMG', 13]","['C0389767126R.IMG', 13]",GO-J/JSA-SSI-2-REDR-V1.0,GALILEO ORBITER,SOLID STATE IMAGING SYSTEM,1,03897671.26,1997-04-04 04:15:33.711000+00:00,G7E0022,7,G7ESLOWFOT01,EUROPA,-000T06:48:30Z,-000T01:43:30Z,NOT APPLICABLE,IR-9680,5,195.83,40K,8.667,ON,NORMAL,OFF,NOT INVERTED,N,INTEGER COSINE TRANSFORM,3.204,IM8,NOT POSSIBLE,N/A,WEST,44756.96,719618.8,0.9,182.288,-1564.452,1084.845,289.22,110.492,165.365,303.402,-20.596,83.941,UNK,UNK,455.386,543.232,43499.9,762976000.0,-0.157,177.863,279.555,35.251,37.152,4.942,192.949,32.916,164.914,400.0,400.0,1565.0,1565.0,1565.0,N/A,N/A,N/A,N/A,N/A,N/A,N/A,N/A,N/A,LSB_UNSIGNED_INTEGER,"frozenset({'CKG07B.PLT', 'S980127A.BSP', 'NULL', 'N/A'})","VICAR programs run: SSIMERGE,CATLABEL,BADLABELS.",REDR,2.935,2.489,3.708,SKEWED,"frozenset({384, 1, 528})",0.0
C0389768800R,390.55772543752,-390.55772543752,196059.97816964,1168548.7145091,719797.8879813543,727609.0424901398,172.80831672180062,42.86357842305325,153.59706716788605,26.689454078258645,FIXED_LENGTH,1000,812,"['C0389768800R.IMG', 1]","['C0389768800R.IMG', 3]","['C0389768800R.IMG', 5]","['C0389768800R.IMG', 13]","['C0389768800R.IMG', 13]",GO-J/JSA-SSI-2-REDR-V1.0,GALILEO ORBITER,SOLID STATE IMAGING SYSTEM,1,03897688.00,1997-04-04 04:32:27.627000+00:00,G7E0030,7,G7ESVLOFOT01,EUROPA,-000T06:31:36Z,-000T01:26:36Z,NOT APPLICABLE,GREEN,1,29.17,100K,8.667,ON,NORMAL,OFF,NOT INVERTED,N,INTEGER COSINE TRANSFORM,3.854,IM8,NOT POSSIBLE,N/A,WEST,39820.17,714504.5,1.067,178.585,-1894.668,850.471,281.107,115.494,170.262,308.461,-19.28,80.682,UNK,UNK,394.617,488.314,38561.9,762974000.0,-0.157,179.052,281.128,37.103,37.152,0.051,194.355,34.269,164.285,400.0,400.0,1565.0,1565.0,1565.0,N/A,N/A,N/A,N/A,N/A,N/A,N/A,N/A,N/A,LSB_UNSIGNED_INTEGER,"frozenset({'CKG07B.PLT', 'S980127A.BSP', 'NULL', 'N/A'})","VICAR programs run: SSIMERGE,CATLABEL,BADLABELS.",REDR,3.869,3.462,4.345,SKEWED,"frozenset({328, 1, 496})",0.0
C0389768813R,390.11866959268,-390.11866959268,196229.69080512,1162553.6353862,717038.1147113477,722499.7760856568,172.80209148636973,42.64367270500641,153.69829851281844,26.50204088915182,FIXED_LENGTH,1000,810,"['C0389768813R.IMG', 1]","['C0389768813R.IMG', 3]","['C0389768813R.IMG', 5]","['C0389768813R.IMG', 11]","['C0389768813R.IMG', 11]",GO-J/JSA-SSI-2-REDR-V1.0,GALILEO ORBITER,SOLID STATE IMAGING SYSTEM,1,03897688.13,1997-04-04 04:32:36.344000+00:00,G7E0031,7,G7ESVLOFOT01,EUROPA,-000T06:31:27Z,-000T01:26:27Z,NOT APPLICABLE,VIOLET,3,129.17,100K,8.667,ON,NORMAL,OFF,NOT INVERTED,N,INTEGER COSINE TRANSFORM,3.821,IM8,NOT POSSIBLE,N/A,WEST,39779.27,714461.3,1.069,178.548,-1840.817,837.187,281.04,115.72,170.274,308.527,-19.296,80.478,UNK,UNK,394.975,480.51,38504.2,762974000.0,-0.157,179.063,281.147,36.089,36.088,0.051,194.379,33.301,164.684,400.0,400.0,1565.0,1565.0,1565.0,N/A,N/A,N/A,N/A,N/A,N/A,N/A,N/A,N/A,LSB_UNSIGNED_INTEGER,"frozenset({'CKG07B.PLT', 'S980127A.BSP', 'NULL', 'N/A'})","VICAR programs run: SSIMERGE,CATLABEL,BADLABELS.",REDR,6.259,5.82,7.329,SKEWED,"frozenset({128, 1, 352})",0.0
C0389768814R,390.11866959268,-390.11866959268,196229.69080512,1162553.6353862,717038.1147113477,722499.7760856568,172.80209148636973,42.64367270500641,153.69829851281844,26.50204088915182,FIXED_LENGTH,1000,811,"['C0389768814R.IMG', 1]","['C0389768814R.IMG', 3]","['C0389768814R.IMG', 5]","['C0389768814R.IMG', 12]","['C0389768814R.IMG', 12]",GO-J/JSA-SSI-2-REDR-V1.0,GALILEO ORBITER,SOLID STATE IMAGING SYSTEM,1,03897688.14,1997-04-04 04:32:36.344000+00:00,G7E0031,7,G7ESVLOFOT01,EUROPA,-000T06:31:27Z,-000T01:26:27Z,NOT APPLICABLE,VIOLET,3,129.17,100K,8.667,ON,NORMAL,OFF,NOT INVERTED,N,INTEGER COSINE TRANSFORM,3.91,IM8,NOT POSSIBLE,N/A,WEST,39779.27,714461.3,1.069,178.548,-1840.817,837.187,281.04,115.72,170.277,308.527,-19.296,80.478,UNK,UNK,394.975,480.51,38504.2,762974000.0,-0.157,179.063,281.147,36.089,36.088,0.051,194.379,33.301,164.684,400.0,400.0,1565.0,1565.0,1565.0,N/A,N/A,N/A,N/A,N/A,N/A,N/A,N/A,N/A,LSB_UNSIGNED_INTEGER,"frozenset({'CKG07B.PLT', 'S980127A.BSP', 'NULL', 'N/A'})","VICAR programs run: SSIMERGE,CATLABEL,BADLABELS.",REDR,3.84,3.439,4.558,SKEWED,"frozenset({216, 129, 145, 352})",1.0
C0389768826R,389.64329014069,-389.64329014069,192094.14203936,1147889.1327545,706423.2850250709,711099.0045067866,172.95378770291813,42.105763544023766,154.08766147138044,26.083848767089105,FIXED_LENGTH,1000,812,"['C0389768826R.IMG', 1]","['C0389768826R.IMG', 3]","['C0389768826R.IMG', 5]","['C0389768826R.IMG', 13]","['C0389768826R.IMG', 13]",GO-J/JSA-SSI-2-REDR-V1.0,GALILEO ORBITER,SOLID STATE IMAGING SYSTEM,1,03897688.26,1997-04-04 04:32:45.044000+00:00,G7E0032,7,G7ESVLOFOT01,EUROPA,-000T06:31:18Z,-000T01:26:18Z,NOT APPLICABLE,IR-9680,5,195.83,40K,8.667,ON,NORMAL,OFF,NOT INVERTED,N,INTEGER COSINE TRANSFORM,3.317,IM8,NOT POSSIBLE,N/A,WEST,39738.49,714418.1,1.07,178.511,-1818.942,834.653,281.083,115.786,170.366,308.582,-19.295,80.431,UNK,UNK,394.005,477.589,38456.5,762974000.0,-0.157,179.073,281.278,35.678,35.646,0.098,194.266,32.891,164.806,400.0,400.0,1565.0,1565.0,1565.0,N/A,N/A,N/A,N/A,N/A,N/A,N/A,N/A,N/A,LSB_UNSIGNED_INTEGER,"frozenset({'CKG07B.PLT', 'S980127A.BSP', 'NULL', 'N/A'})","VICAR programs run: SSIMERGE,CATLABEL,BADLABELS.",REDR,2.786,2.289,3.207,SKEWED,"frozenset({368, 1, 496})",0.0
C0389772500R,592.77639763786,-592.77639763786,729114.96909457,1090708.5716537,1063440.857362323,737413.8386615354,153.2553069725158,40.00832127688819,140.9918867550353,27.049104167635722,FIXED_LENGTH,1000,809,"['C0389772500R.IMG', 1]","['C0389772500R.IMG', 3]","['C0389772500R.IMG', 5]","['C0389772500R.IMG', 10]","['C0389772500R.IMG', 10]",GO-J/JSA-SSI-2-REDR-V1.0,GALILEO ORBITER,SOLID STATE IMAGING SYSTEM,1,03897725.00,1997-04-04 05:09:51.363000+00:00,G7E0040,7,G7ESTYRMAC01,EUROPA,-000T05:54:12Z,-000T00:49:12Z,NOT APPLICABLE,GREEN,1,29.17,400K,2.333,OFF,NORMAL,OFF,NOT INVERTED,N,INTEGER COSINE TRANSFORM,4.227,AI8,NOT POSSIBLE,N/A,WEST,30542.04,703784.1,1.549,165.181,1372.714,-835.63,131.448,275.697,173.691,324.063,-14.392,285.068,UNK,UNK,671.686,691.257,29298.0,762972000.0,-0.157,181.685,155.446,47.131,38.293,15.696,214.952,33.645,146.675,200.0,200.0,1565.0,1565.0,1565.0,N/A,N/A,N/A,N/A,N/A,N/A,N/A,N/A,N/A,LSB_UNSIGNED_INTEGER,"frozenset({'CKG07B.PLT', 'S980127A.BSP', 'NULL', 'N/A'})","VICAR programs run: SSIMERGE,CATLABEL,BADLABELS.",REDR,3.456,2.162,4.474,SKEWED,"frozenset({400, 1})",0.0
C0389772507R,592.41470583328,-592.41470583328,728670.08817493,1087080.9852041,1062199.5675590667,734594.2352332983,153.2716256659097,39.875257644762115,141.037418552013,26.945678190466317,FIXED_LENGTH,1000,809,"['C0389772507R.IMG', 1]","['C0389772507R.IMG', 3]","['C0389772507R.IMG', 5]","['C0389772507R.IMG', 10]","['C0389772507R.IMG', 10]",GO-J/JSA-SSI-2-REDR-V1.0,GALILEO ORBITER,SOLID STATE IMAGING SYSTEM,1,03897725.07,1997-04-04 05:09:56.113000+00:00,G7E0042,7,G7ESTYRMAC01,EUROPA,-000T05:54:07Z,-000T00:49:07Z,NOT APPLICABLE,VIOLET,3,195.83,400K,2.333,OFF,NORMAL,OFF,NOT INVERTED,N,INTEGER COSINE TRANSFORM,4.892,AI8,NOT POSSIBLE,N/A,WEST,30525.8,703762.3,1.55,165.142,1374.284,-832.71,131.33,275.808,173.654,324.107,-14.378,284.967,UNK,UNK,670.203,690.811,29281.0,762972000.0,-0.157,181.691,155.389,47.114,38.248,15.741,214.981,33.614,146.676,200.0,200.0,1565.0,1565.0,1565.0,N/A,N/A,N/A,N/A,N/A,N/A,N/A,N/A,N/A,LSB_UNSIGNED_INTEGER,"frozenset({'CKG07B.PLT', 'S980127A.BSP', 'NULL', 'N/A'})","VICAR programs run: SSIMERGE,CATLABEL,BADLABELS.",REDR,2.347,1.88,2.815,SKEWED,"frozenset({400, 1})",0.0
C0389773000R,572.31431890665,-572.31431890665,741147.04298411,1081101.7484147,1057636.8613394874,756027.2152757228,152.81395802715076,39.65593303993371,141.20478334685293,27.73186212056814,FIXED_LENGTH,1000,809,"['C0389773000R.IMG', 1]","['C0389773000R.IMG', 3]","['C0389773000R.IMG', 5]","['C0389773000R.IMG', 10]","['C0389773000R.IMG', 10]",GO-J/JSA-SSI-2-REDR-V1.0,GALILEO ORBITER,SOLID STATE IMAGING SYSTEM,1,03897730.00,1997-04-04 05:14:54.880000+00:00,G7E0044,7,G7ESTYRMAC02,EUROPA,-000T05:49:09Z,-000T00:44:09Z,NOT APPLICABLE,IR-9680,5,395.83,400K,2.333,OFF,NORMAL,OFF,NOT INVERTED,N,INTEGER COSINE TRANSFORM,3.258,AI8,NOT POSSIBLE,N/A,WEST,29541.71,702399.2,1.623,162.656,1509.701,-677.622,123.826,280.888,170.818,326.92,-13.342,280.565,UNK,UNK,623.652,678.529,28278.9,762972000.0,-0.157,182.041,152.451,47.327,37.156,18.661,215.648,33.645,146.73,200.0,200.0,1565.0,1565.0,1565.0,N/A,N/A,N/A,N/A,N/A,N/A,N/A,N/A,N/A,LSB_UNSIGNED_INTEGER,"frozenset({'CKG07B.PLT', 'S980127A.BSP', 'NULL', 'N/A'})","VICAR programs run: SSIMERGE,CATLABEL,BADLABELS.",REDR,3.459,2.3,4.42,SKEWED,"frozenset({400, 1})",0.0
C0389778842R,489.65835244242,-489.65835244242,1886163.9736082,165994.18147798,2105530.9155024043,-43089.93501493335,110.81354983522749,6.088838682725298,102.76694296248135,-1.5805834928608622,FIXED_LENGTH,1000,810,"['C0389778842R.IMG', 1]","['C0389778842R.IMG', 3]","['C0389778842R.IMG', 5]","['C0389778842R.IMG', 11]","['C0389778842R.IMG', 11]",GO-J/JSA-SSI-2-REDR-V1.0,GALILEO ORBITER,SOLID STATE IMAGING SYSTEM,1,03897788.42,1997-04-04 06:14:01.353000+00:00,G7E0050,7,G7ESAPEXCR01,EUROPA,-000T04:50:02Z,000T00:14:57Z,NOT APPLICABLE,CLEAR,0,12.5,400K,2.333,OFF,NORMAL,OFF,NOT INVERTED,N,INTEGER COSINE TRANSFORM,6.376,AI8,NOT POSSIBLE,N/A,WEST,25627.91,687432.6,2.157,122.629,126.101,-692.969,184.731,290.412,126.961,8.167,2.596,274.27,UNK,UNK,513.274,490.1,24129.7,762972000.0,-0.157,186.202,183.066,79.882,17.331,62.558,259.922,1.93,106.331,200.0,200.0,1565.0,1565.0,1565.0,N/A,N/A,N/A,N/A,N/A,N/A,N/A,N/A,N/A,LSB_UNSIGNED_INTEGER,"frozenset({'CKG07B.PLT', 'S980127A.BSP', 'NULL', 'N/A'})","VICAR programs run: SSIMERGE,CATLABEL,BADLABELS.",REDR,2.595,2.268,2.853,SKEWED,"frozenset({400, 1})",0.0
C0389779270R,496.81126615115,-496.81126615115,1883908.3212452,16394.771782988,2107473.3910132176,-196240.4501297042,110.89628950260817,0.6013772274298232,102.69569094674696,-7.198303176811498,FIXED_LENGTH,1000,809,"['C0389779270R.IMG', 1]","['C0389779270R.IMG', 3]","['C0389779270R.IMG', 5]","['C0389779270R.IMG', 10]","['C0389779270R.IMG', 10]",GO-J/JSA-SSI-2-REDR-V1.0,GALILEO ORBITER,SOLID STATE IMAGING SYSTEM,1,03897792.70,1997-04-04 06:18:22.686000+00:00,G7E0051,7,G7ESAPEXCR02,EUROPA,-000T04:45:41Z,000T00:19:18Z,NOT APPLICABLE,CLEAR,0,12.5,400K,2.333,OFF,NORMAL,OFF,NOT INVERTED,N,HUFFMAN,6.43,AI8,NOT POSSIBLE,N/A,WEST,25996.76,686421.9,2.147,119.605,-161.854,-496.31,207.46,290.237,123.41,11.529,3.75,274.115,UNK,UNK,511.713,501.176,24484.3,762972000.0,-0.157,186.509,183.96,80.167,15.347,66.098,260.194,-3.587,106.352,200.0,200.0,1565.0,1565.0,1565.0,N/A,N/A,N/A,N/A,N/A,N/A,N/A,N/A,N/A,LSB_UNSIGNED_INTEGER,"frozenset({'CKG07B.PLT', 'S980127A.BSP', 'NULL', 'N/A'})","VICAR programs run: SSIMERGE,CATLABEL,BADLABELS.",REDR,1.178,1.153,0.0,UNIFORM,"frozenset({24, 1, 400})",0.0
C0389779271R,496.81126615115,-496.81126615115,1883908.3212452,16394.771782988,2107473.3910132176,-196240.4501297042,110.89628950260817,0.6013772274298232,102.69569094674696,-7.198303176811498,FIXED_LENGTH,1000,810,"['C0389779271R.IMG', 1]","['C0389779271R.IMG', 3]","['C0389779271R.IMG', 5]","['C0389779271R.IMG', 11]","['C0389779271R.IMG', 11]",GO-J/JSA-SSI-2-REDR-V1.0,GALILEO ORBITER,SOLID STATE IMAGING SYSTEM,1,03897792.71,1997-04-04 06:18:22.686000+00:00,G7E0051,7,G7ESAPEXCR02,EUROPA,-000T04:45:41Z,000T00:19:18Z,NOT APPLICABLE,CLEAR,0,12.5,400K,2.333,OFF,NORMAL,OFF,NOT INVERTED,N,INTEGER COSINE TRANSFORM,6.393,AI8,NOT POSSIBLE,N/A,WEST,25996.76,686421.9,2.147,119.605,-161.854,-496.31,207.46,290.237,123.407,11.529,3.75,274.115,UNK,UNK,511.713,501.176,24484.3,762972000.0,-0.157,186.509,183.96,80.167,15.347,66.098,260.194,-3.587,106.352,200.0,200.0,1565.0,1565.0,1565.0,N/A,N/A,N/A,N/A,N/A,N/A,N/A,N/A,N/A,LSB_UNSIGNED_INTEGER,"frozenset({'CKG07B.PLT', 'S980127A.BSP', 'NULL', 'N/A'})","VICAR programs run: SSIMERGE,CATLABEL,BADLABELS.",REDR,2.649,2.272,2.88,SKEWED,"frozenset({376, 25, 400, 1})",1.0
C0389779707R,506.07635918261,-506.07635918261,1879567.5980042,-142207.45693031,2110338.41779147,-362856.749533928,111.0555117316374,-5.216316963761328,102.59059879400316,-13.309961790095823,FIXED_LENGTH,1000,809,"['C0389779707R.IMG', 1]","['C0389779707R.IMG', 3]","['C0389779707R.IMG', 5]","['C0389779707R.IMG', 10]","['C0389779707R.IMG', 10]",GO-J/JSA-SSI-2-REDR-V1.0,GALILEO ORBITER,SOLID STATE IMAGING SYSTEM,1,03897797.07,1997-04-04 06:22:44.019000+00:00,G7E0052,7,G7ESAPEXCR03,EUROPA,-000T04:41:19Z,000T00:23:40Z,NOT APPLICABLE,CLEAR,0,12.5,400K,2.333,OFF,NORMAL,OFF,NOT INVERTED,N,HUFFMAN,6.236,AI8,NOT POSSIBLE,N/A,WEST,26450.14,685424.2,2.129,116.686,-342.165,-310.473,226.724,289.665,119.974,14.743,4.962,274.287,UNK,UNK,514.598,515.548,24934.2,762972000.0,-0.157,186.816,184.826,80.507,14.805,69.522,260.446,-7.265,106.367,200.0,200.0,1565.0,1565.0,1565.0,N/A,N/A,N/A,N/A,N/A,N/A,N/A,N/A,N/A,LSB_UNSIGNED_INTEGER,"frozenset({'CKG07B.PLT', 'S980127A.BSP', 'NULL', 'N/A'})","VICAR programs run: SSIMERGE,CATLABEL,BADLABELS.",REDR,1.213,1.207,1.217,UNIFORM,"frozenset({24, 1, 400})",0.0
C0389780135R,517.43484412741,-517.43484412741,1874149.0054295,-306321.42772343,2114238.7731046183,-538649.6727366371,111.25427132538339,-11.236187569125626,102.44752971714988,-19.7582284788171,FIXED_LENGTH,1000,810,"['C0389780135R.IMG', 1]","['C0389780135R.IMG', 3]","['C0389780135R.IMG', 5]","['C0389780135R.IMG', 11]","['C0389780135R.IMG', 11]",GO-J/JSA-SSI-2-REDR-V1.0,GALILEO ORBITER,SOLID STATE IMAGING SYSTEM,1,03897801.35,1997-04-04 06:27:05.352000+00:00,G7E0053,7,G7ESAPEXCR04,EUROPA,-000T04:36:58Z,000T00:28:01Z,NOT APPLICABLE,CLEAR,0,12.5,400K,2.333,OFF,NORMAL,OFF,NOT INVERTED,N,INTEGER COSINE TRANSFORM,6.459,AI8,NOT POSSIBLE,N/A,WEST,26983.58,684439.8,2.107,113.888,-747.119,-114.47,251.632,289.721,116.647,17.97,5.863,273.756,UNK,UNK,521.692,549.536,25511.8,762973000.0,-0.157,187.122,185.615,80.963,20.446,72.834,260.628,-15.729,106.469,200.0,200.0,1565.0,1565.0,1565.0,N/A,N/A,N/A,N/A,N/A,N/A,N/A,N/A,N/A,LSB_UNSIGNED_INTEGER,"frozenset({'CKG07B.PLT', 'S980127A.BSP', 'NULL', 'N/A'})","VICAR programs run: SSIMERGE,CATLABEL,BADLABELS.",REDR,2.639,2.241,2.823,SKEWED,"frozenset({400, 1})",0.0
C0389780563R,530.87511221187,-530.87511221187,1862840.7687515,-485750.72767386,2117660.8226131974,-736854.6557500745,111.66906917134013,-17.817840327222008,102.32200539312528,-27.028592758671223,FIXED_LENGTH,1000,810,"['C0389780563R.IMG', 1]","['C0389780563R.IMG', 3]","['C0389780563R.IMG', 5]","['C0389780563R.IMG', 11]","['C0389780563R.IMG', 11]",GO-J/JSA-SSI-2-REDR-V1.0,GALILEO ORBITER,SOLID STATE IMAGING SYSTEM,1,03897805.63,1997-04-04 06:31:26.685000+00:00,G7E0054,7,G7ESAPEXCR05,EUROPA,-000T04:32:37Z,000T00:32:22Z,NOT APPLICABLE,CLEAR,0,12.5,400K,2.333,OFF,NORMAL,OFF,NOT INVERTED,N,INTEGER COSINE TRANSFORM,6.312,AI8,NOT POSSIBLE,N/A,WEST,27592.22,683468.8,2.079,111.219,-1041.141,66.908,263.879,289.094,113.479,21.017,6.806,273.862,UNK,UNK,532.25,593.695,26183.5,762973000.0,-0.157,187.429,186.663,81.424,26.535,75.995,260.77,-22.607,106.659,200.0,200.0,1565.0,1565.0,1565.0,N/A,N/A,N/A,N/A,N/A,N/A,N/A,N/A,N/A,LSB_UNSIGNED_INTEGER,"frozenset({'NULL', 'S980127A.BSP', 'CKG07A2H.PLT', 'N/A'})","VICAR programs run: SSIMERGE,CATLABEL,BADLABELS.",REDR,2.795,2.37,3.122,SKEWED,"frozenset({400, 1})",0.0
C0401727700R,12660.170376575,-12660.170376575,-4912146.1061111,2456073.0530555,4798204.5727219265,-2367451.8604195756,360.18261218424294,90.09130609211965,3.9968813973502506,-86.84058886199524,FIXED_LENGTH,1000,809,"['C0401727700R.IMG', 1]","['C0401727700R.IMG', 3]","['C0401727700R.IMG', 5]","['C0401727700R.IMG', 10]","['C0401727700R.IMG', 10]",GO-J/JSA-SSI-2-REDR-V1.0,GALILEO ORBITER,SOLID STATE IMAGING SYSTEM,1,04017277.00,1997-06-27 03:50:09.229000+00:00,C9E0001,9,C9ESGLOBAL01,EUROPA,-000T08:02:52Z,-000T06:20:51Z,NOT APPLICABLE,GREEN,1,29.17,100K,8.667,ON,EXTENDED,OFF,NOT INVERTED,N,INTEGER COSINE TRANSFORM,2.39,IM8,NOT POSSIBLE,N/A,WEST,1248079.0,842152.6,0.378,40.402,163.764,588.296,128.557,123.674,176.016,319.624,-16.347,75.9,UNK,UNK,12651.5,12656.1,1246510.0,759941000.0,0.224,44.244,343.611,3.845,0.0,3.845,183.842,0.378,40.402,163.8,588.3,1565.0,1565.0,1565.0,N/A,N/A,N/A,N/A,N/A,N/A,N/A,N/A,N/A,LSB_UNSIGNED_INTEGER,"frozenset({'S980127A.BSP', 'NULL', 'N/A', 'CKC09B.PLT'})","VICAR programs run: SSIMERGE,CATLABEL,BADLABELS.",REDR,2.707,2.073,3.16,SKEWED,"frozenset({400, 1, 401})",0.0
C0401727726R,12659.376269017,-12659.376269017,-4911837.9923786,2455918.9961893,4848541.111033507,-2392622.1148442114,360.1713102530763,90.08565512653816,2.150484982144036,-87.76385989131798,FIXED_LENGTH,1000,810,"['C0401727726R.IMG', 1]","['C0401727726R.IMG', 3]","['C0401727726R.IMG', 5]","['C0401727726R.IMG', 11]","['C0401727726R.IMG', 11]",GO-J/JSA-SSI-2-REDR-V1.0,GALILEO ORBITER,SOLID STATE IMAGING SYSTEM,1,04017277.26,1997-06-27 03:50:26.645000+00:00,C9E0002,9,C9ESGLOBAL01,EUROPA,-000T08:02:35Z,-000T06:20:34Z,NOT APPLICABLE,VIOLET,3,195.83,100K,8.667,ON,EXTENDED,OFF,NOT INVERTED,Y,INTEGER COSINE TRANSFORM,3.75,IM8,NOT POSSIBLE,N/A,WEST,1248001.0,842070.9,0.378,40.401,200.293,224.86,48.75,123.883,176.232,319.841,-16.24,75.751,UNK,UNK,12659.5,12657.3,1246440.0,759940000.0,0.224,44.265,343.473,3.867,0.0,3.867,183.864,0.378,40.401,200.3,224.9,1565.0,1565.0,1565.0,N/A,N/A,N/A,N/A,N/A,N/A,N/A,N/A,N/A,LSB_UNSIGNED_INTEGER,"frozenset({'CKC09AJI.PLT', 'S980127A.BSP', 'NULL', 'N/A'})","VICAR programs run: SSIMERGE,UNMOSAIC,CATLABEL,BADL ABELS.",REDR,1.503,1.338,1.698,SKEWED,"frozenset({400, 1, 459})",0.0
C0401727733R,12658.981318501,-12658.981318501,-4911684.7515784,2455842.3757892,4506597.349386344,-2379888.487878182,360.16568922164186,90.08284461082091,14.693336693545973,-87.29677725172293,FIXED_LENGTH,1000,810,"['C0401727733R.IMG', 1]","['C0401727733R.IMG', 3]","['C0401727733R.IMG', 5]","['C0401727733R.IMG', 11]","['C0401727733R.IMG', 11]",GO-J/JSA-SSI-2-REDR-V1.0,GALILEO ORBITER,SOLID STATE IMAGING SYSTEM,1,04017277.33,1997-06-27 03:50:35.312000+00:00,C9E0003,9,C9ESGLOBAL01,EUROPA,-000T08:02:26Z,-000T06:20:25Z,NOT APPLICABLE,IR-7560,4,195.83,100K,8.667,ON,EXTENDED,OFF,NOT INVERTED,Y,INTEGER COSINE TRANSFORM,3.555,IM8,NOT POSSIBLE,N/A,WEST,1247962.0,842030.3,0.378,40.401,194.824,567.75,129.269,123.812,176.045,319.677,-16.345,75.777,UNK,UNK,12656.9,12657.2,1246400.0,759940000.0,0.224,44.275,343.504,3.877,0.0,3.877,183.874,0.378,40.401,194.8,567.8,1565.0,1565.0,1565.0,N/A,N/A,N/A,N/A,N/A,N/A,N/A,N/A,N/A,LSB_UNSIGNED_INTEGER,"frozenset({'S980127A.BSP', 'NULL', 'N/A', 'CKC09B.PLT'})","VICAR programs run: SSIMERGE,UNMOSAIC,CATLABEL,BADL ABELS.",REDR,1.503,1.338,1.698,SKEWED,"frozenset({400, 1, 412, 389})",0.0
C0401727765R,12658.191929171,-12658.191929171,-4911378.4685183,2455689.2342592,4620240.054147463,-2367081.8907549516,360.15445444143694,90.07722722072029,10.524804455861329,-86.82701799110482,FIXED_LENGTH,1000,812,"['C0401727765R.IMG', 1]","['C0401727765R.IMG', 3]","['C0401727765R.IMG', 5]","['C0401727765R.IMG', 13]","['C0401727765R.IMG', 13]",GO-J/JSA-SSI-2-REDR-V1.0,GALILEO ORBITER,SOLID STATE IMAGING SYSTEM,1,04017277.65,1997-06-27 03:50:52.645000+00:00,C9E0004,9,C9ESGLOBAL01,EUROPA,-000T08:02:09Z,-000T06:20:08Z,NOT APPLICABLE,IR-9680,5,195.83,40K,8.667,ON,EXTENDED,OFF,NOT INVERTED,Y,INTEGER COSINE TRANSFORM,4.386,IM8,NOT POSSIBLE,N/A,WEST,1247884.0,841949.1,0.378,40.4,196.452,229.329,50.021,124.014,176.275,319.868,-16.229,75.627,UNK,UNK,12654.2,12653.2,1246320.0,759940000.0,0.224,44.295,343.367,3.898,0.0,3.898,183.895,0.378,40.4,196.5,229.3,1565.0,1565.0,1565.0,N/A,N/A,N/A,N/A,N/A,N/A,N/A,N/A,N/A,LSB_UNSIGNED_INTEGER,"frozenset({'CKC09AJI.PLT', 'S980127A.BSP', 'NULL', 'N/A'})","VICAR programs run: SSIMERGE,UNMOSAIC,CATLABEL,BADL ABELS.",REDR,1.157,1.114,1.238,SKEWED,"frozenset({1, 403, 430})",0.0
C0401727772R,12657.797444825,-12657.797444825,-4911225.4085921,2455612.7042961,3784681.4360026745,-2392323.717071875,360.1488400446483,90.07442002232597,41.17396089342827,-87.75291435164385,FIXED_LENGTH,1000,811,"['C0401727772R.IMG', 1]","['C0401727772R.IMG', 3]","['C0401727772R.IMG', 5]","['C0401727772R.IMG', 12]","['C0401727772R.IMG', 12]",GO-J/JSA-SSI-2-REDR-V1.0,GALILEO ORBITER,SOLID STATE IMAGING SYSTEM,1,04017277.72,1997-06-27 03:51:01.312000+00:00,C9E0005,9,C9ESGLOBAL01,EUROPA,-000T08:02:00Z,-000T06:19:59Z,NOT APPLICABLE,IR-8890,7,195.83,40K,8.667,ON,EXTENDED,OFF,NOT INVERTED,Y,INTEGER COSINE TRANSFORM,4.169,IM8,NOT POSSIBLE,N/A,WEST,1247845.0,841908.5,0.378,40.399,194.968,565.126,128.847,123.938,176.093,319.709,-16.334,75.66,UNK,UNK,12651.2,12654.5,1246280.0,759940000.0,0.224,44.305,343.405,3.909,0.0,3.909,183.906,0.378,40.399,195.0,565.1,1565.0,1565.0,1565.0,N/A,N/A,N/A,N/A,N/A,N/A,N/A,N/A,N/A,LSB_UNSIGNED_INTEGER,"frozenset({'S980127A.BSP', 'NULL', 'N/A', 'CKC09B.PLT'})","VICAR programs run: SSIMERGE,UNMOSAIC,CATLABEL,BADL ABELS.",REDR,1.157,1.114,1.238,SKEWED,"frozenset({400, 1, 401, 403})",0.0
C0413742778R,7346.0852836562,-7346.0852836562,-5245104.8925305,2387477.7171883,-367304.26418278366,-2402169.8877555425,372.39588568848717,87.57515805148397,193.47310123868868,-88.11408210102898,FIXED_LENGTH,1000,811,"['C0413742778R.IMG', 1]","['C0413742778R.IMG', 3]","['C0413742778R.IMG', 5]","['C0413742778R.IMG', 12]","['C0413742778R.IMG', 12]",GO-J/JSA-SSI-2-REDR-V1.0,GALILEO ORBITER,SOLID STATE IMAGING SYSTEM,1,04137427.78,1997-09-19 12:35:55.621000+00:00,100.0,10,10ESGLOBAL01,EUROPA,000T13:24:55Z,000T07:14:51Z,NOT APPLICABLE,GREEN,1,45.83,100K,8.667,ON,NORMAL,OFF,NOT INVERTED,N,INTEGER COSINE TRANSFORM,2.425,IM8,NOT POSSIBLE,N/A,WEST,724749.8,882613.8,0.098,282.567,250.767,646.642,148.824,291.537,173.818,348.378,-4.483,273.225,UNK,UNK,7340.49,7342.79,723185.0,755923000.0,0.601,309.43,184.361,26.867,0.0,26.867,206.863,0.098,282.567,250.7,646.8,1565.0,1565.0,1565.0,N/A,N/A,N/A,N/A,N/A,N/A,N/A,N/A,N/A,LSB_UNSIGNED_INTEGER,"frozenset({'CKC10AOD.PLT', 'S980127A.BSP', 'NULL', 'N/A'})","VICAR programs run: SSIMERGE,CATLABEL,BADLABELS.",REDR,5.09,3.261,22.911,SKEWED,"frozenset({584, 1, 105, 696})",0.0
C0413743200R,14733.098534727,-14733.098534727,-5244983.0783628,2357295.7655563,-383060.56190289,-2357295.76555634,372.39141741851654,86.46805277236643,194.05105857550922,-86.46805277236791,FIXED_LENGTH,1000,812,"['C0413743200R.IMG', 1]","['C0413743200R.IMG', 3]","['C0413743200R.IMG', 5]","['C0413743200R.IMG', 13]","['C0413743200R.IMG', 13]",GO-J/JSA-SSI-2-REDR-V1.0,GALILEO ORBITER,SOLID STATE IMAGING SYSTEM,1,04137432.00,1997-09-19 12:40:07.029000+00:00,100000.0,10,10ESGLOBAL02,EUROPA,000T13:29:07Z,000T07:19:03Z,NOT APPLICABLE,VIOLET,3,195.83,400K,15.166,ON,NORMAL,OFF,NOT INVERTED,N,INTEGER COSINE TRANSFORM,2.923,HIS,NOT POSSIBLE,N/A,WEST,726764.2,884548.8,0.097,282.509,139.728,281.255,143.433,291.713,173.467,348.647,-4.337,273.069,UNK,UNK,14721.3,14725.7,725199.0,755925000.0,0.601,309.724,184.194,27.219,0.0,27.219,207.215,0.097,282.509,139.7,281.3,1565.0,1565.0,1565.0,N/A,N/A,N/A,N/A,N/A,N/A,N/A,N/A,N/A,LSB_UNSIGNED_INTEGER,"frozenset({'CKC10AOD.PLT', 'S980127A.BSP', 'NULL', 'N/A'})","VICAR programs run: SSIMERGE,CATLABEL,BADLABELS.",REDR,4.366,2.914,21.31,SKEWED,"frozenset({296, 49, 2, 344})",0.0
C0413743222R,14735.497914229,-14735.497914229,-5245837.2574655,2401886.1600193,-353651.94994147215,-2387150.6621051244,372.4227495936336,88.10367467348898,192.9723201973228,-87.56316133193579,FIXED_LENGTH,1000,811,"['C0413743222R.IMG', 1]","['C0413743222R.IMG', 3]","['C0413743222R.IMG', 5]","['C0413743222R.IMG', 12]","['C0413743222R.IMG', 12]",GO-J/JSA-SSI-2-REDR-V1.0,GALILEO ORBITER,SOLID STATE IMAGING SYSTEM,1,04137432.22,1997-09-19 12:40:21.702000+00:00,1000000.0,10,10ESGLOBAL02,EUROPA,000T13:29:21Z,000T07:19:17Z,NOT APPLICABLE,IR-7560,4,195.83,400K,15.166,ON,NORMAL,OFF,NOT INVERTED,N,INTEGER COSINE TRANSFORM,2.803,HIS,NOT POSSIBLE,N/A,WEST,726882.3,884661.9,0.097,282.506,130.128,278.797,81.123,291.716,173.447,348.566,-4.358,273.06,UNK,UNK,14729.9,14729.4,725317.0,755926000.0,0.601,309.742,184.184,27.24,0.0,27.24,207.236,0.097,282.506,147.4,191.8,1565.0,1565.0,1565.0,N/A,N/A,N/A,N/A,N/A,N/A,N/A,N/A,N/A,LSB_UNSIGNED_INTEGER,"frozenset({'CKC10AOD.PLT', 'S980127A.BSP', 'NULL', 'N/A'})","VICAR programs run: SSIMERGE,CATLABEL,BADLABELS.",REDR,4.418,2.947,34.205,SKEWED,"frozenset({288, 1, 137, 256})",0.0
C0413743245R,14738.022513985,-14738.022513985,-5261474.0374926,2358083.6022376,-383188.585363565,-2358083.6022376,372.9963228975564,86.49695143868146,194.0557546087841,-86.49695143868146,FIXED_LENGTH,1000,811,"['C0413743245R.IMG', 1]","['C0413743245R.IMG', 3]","['C0413743245R.IMG', 5]","['C0413743245R.IMG', 12]","['C0413743245R.IMG', 12]",GO-J/JSA-SSI-2-REDR-V1.0,GALILEO ORBITER,SOLID STATE IMAGING SYSTEM,1,04137432.45,1997-09-19 12:40:37.133000+00:00,10000000.0,10,10ESGLOBAL02,EUROPA,000T13:29:37Z,000T07:19:33Z,NOT APPLICABLE,IR-9680,5,395.83,400K,15.166,ON,NORMAL,OFF,NOT INVERTED,N,INTEGER COSINE TRANSFORM,1.831,HIS,NOT POSSIBLE,N/A,WEST,727006.5,884780.8,0.097,282.503,148.815,192.496,81.659,291.727,173.424,348.585,-4.347,273.05,UNK,UNK,14734.6,14731.0,725442.0,755926000.0,0.601,309.76,184.174,27.261,0.0,27.261,207.257,0.097,282.503,148.8,192.5,1565.0,1565.0,1565.0,N/A,N/A,N/A,N/A,N/A,N/A,N/A,N/A,N/A,LSB_UNSIGNED_INTEGER,"frozenset({'CKC10AOD.PLT', 'S980127A.BSP', 'NULL', 'N/A'})","VICAR programs run: SSIMERGE,CATLABEL,BADLABELS.",REDR,4.311,3.568,6.402,SKEWED,"frozenset({296, 49, 2, 344})",0.0
C0416073100R,73661.142190895,-73661.142190895,-4935296.52679,2062511.9813451,3683057.109544716,-2430817.6922994945,361.0317936175677,75.65507792973075,44.90164655405613,-89.1649132743223,FIXED_LENGTH,1000,812,"['C0416073100R.IMG', 1]","['C0416073100R.IMG', 3]","['C0416073100R.IMG', 5]","['C0416073100R.IMG', 13]","['C0416073100R.IMG', 13]",GO-J/JSA-SSI-2-REDR-V1.0,GALILEO ORBITER,SOLID STATE IMAGING SYSTEM,1,04160731.00,1997-10-05 21:17:58.772000+00:00,1e+101,10,10ESEURPLM01,EUROPA,016T22:06:58Z,016T15:56:54Z,NOT APPLICABLE,CLEAR,0,62.5,10K,8.667,OFF,EXTENDED,OFF,NOT INVERTED,Y,INTEGER COSINE TRANSFORM,1.916,IM8,NOT POSSIBLE,N/A,WEST,7253846.0,6607135.0,-0.233,348.06,121.331,611.924,127.253,69.089,91.888,143.163,15.247,90.419,UNK,UNK,73626.9,73629.4,7252280.0,754126000.0,0.673,166.659,17.848,178.531,0.0,178.531,358.599,-0.234,348.06,121.1,612.1,1565.0,1565.0,1565.0,N/A,N/A,N/A,N/A,N/A,N/A,N/A,N/A,N/A,LSB_UNSIGNED_INTEGER,"frozenset({'CKMN35AA.PLT', 'S980127A.BSP', 'NULL', 'N/A'})","VICAR programs run: SSIMERGE,UNMOSAIC,CATLABEL,BADL ABELS.",REDR,15.666,8.331,40.315,SKEWED,"frozenset({208, 17, 122, 567})",0.0
C0416073113R,73661.53903273,-73661.53903273,-4935323.1151929,2062523.0929164,3609415.4126037797,-2430830.78808013,361.03276890775356,75.65548551368673,47.60290035104529,-89.16539364113397,FIXED_LENGTH,1000,812,"['C0416073113R.IMG', 1]","['C0416073113R.IMG', 3]","['C0416073113R.IMG', 5]","['C0416073113R.IMG', 13]","['C0416073113R.IMG', 13]",GO-J/JSA-SSI-2-REDR-V1.0,GALILEO ORBITER,SOLID STATE IMAGING SYSTEM,1,04160731.13,1997-10-05 21:18:07.438000+00:00,1e+102,10,10ESEURPLM01,EUROPA,016T22:07:07Z,016T15:57:03Z,NOT APPLICABLE,CLEAR,0,62.5,10K,8.667,OFF,EXTENDED,OFF,NOT INVERTED,Y,INTEGER COSINE TRANSFORM,1.85,IM8,NOT POSSIBLE,N/A,WEST,7253885.0,6607147.0,-0.233,348.069,124.434,515.255,112.697,69.073,91.888,143.218,15.225,90.422,UNK,UNK,73605.1,73631.8,7252320.0,754126000.0,0.673,166.669,17.864,178.532,0.0,178.532,358.6,-0.234,348.069,124.3,515.3,1565.0,1565.0,1565.0,N/A,N/A,N/A,N/A,N/A,N/A,N/A,N/A,N/A,LSB_UNSIGNED_INTEGER,"frozenset({'CKMN35AA.PLT', 'S980127A.BSP', 'NULL', 'N/A'})","VICAR programs run: SSIMERGE,UNMOSAIC,CATLABEL,BADL ABELS.",REDR,15.666,8.331,40.315,SKEWED,"frozenset({208, 17, 97, 471})",0.0
C0416073120R,73661.935730018,-73661.935730018,-4935349.6939112,2357181.9433606,3830420.657960942,-2430843.8790905694,361.03374384269813,86.46387765621502,39.496198808651826,-89.16587383296992,FIXED_LENGTH,1000,812,"['C0416073120R.IMG', 1]","['C0416073120R.IMG', 3]","['C0416073120R.IMG', 5]","['C0416073120R.IMG', 13]","['C0416073120R.IMG', 13]",GO-J/JSA-SSI-2-REDR-V1.0,GALILEO ORBITER,SOLID STATE IMAGING SYSTEM,1,04160731.20,1997-10-05 21:18:16.105000+00:00,1e+103,10,10ESEURPLM01,EUROPA,016T22:07:16Z,016T15:57:12Z,NOT APPLICABLE,CLEAR,0,62.5,10K,8.667,OFF,EXTENDED,OFF,NOT INVERTED,Y,INTEGER COSINE TRANSFORM,1.619,IM8,NOT POSSIBLE,N/A,WEST,7253924.0,6607160.0,-0.233,348.078,118.673,421.923,94.456,69.056,91.888,143.273,15.208,90.424,UNK,UNK,73649.7,73632.5,7252360.0,754126000.0,0.673,166.679,17.877,178.533,0.0,178.533,358.601,-0.233,348.078,118.5,421.9,1565.0,1565.0,1565.0,N/A,N/A,N/A,N/A,N/A,N/A,N/A,N/A,N/A,LSB_UNSIGNED_INTEGER,"frozenset({'CKMN35AA.PLT', 'S980127A.BSP', 'NULL', 'N/A'})","VICAR programs run: SSIMERGE,UNMOSAIC,CATLABEL,BADL ABELS.",REDR,15.666,8.331,40.315,SKEWED,"frozenset({208, 17, 183, 289})",0.0
C0416076420R,73748.457169923,-73748.457169923,-4941146.6303848,2064956.8007578,3687422.858496192,-2433699.086607503,361.24638148293036,75.74475644062662,44.74150635601947,-89.27060580502774,FIXED_LENGTH,1000,812,"['C0416076420R.IMG', 1]","['C0416076420R.IMG', 3]","['C0416076420R.IMG', 5]","['C0416076420R.IMG', 13]","['C0416076420R.IMG', 13]",GO-J/JSA-SSI-2-REDR-V1.0,GALILEO ORBITER,SOLID STATE IMAGING SYSTEM,1,04160764.20,1997-10-05 21:51:38.121000+00:00,1e+113,10,10ESEURPLM02,EUROPA,016T22:40:38Z,016T16:30:34Z,NOT APPLICABLE,CLEAR,0,95.83,10K,8.667,ON,NORMAL,OFF,NOT INVERTED,Y,INTEGER COSINE TRANSFORM,2.478,IM8,NOT POSSIBLE,N/A,WEST,7262458.0,6610038.0,-0.233,350.183,120.476,413.788,92.824,68.997,92.137,143.514,15.12,90.422,UNK,UNK,73729.9,73720.7,7260890.0,754119000.0,0.673,169.028,21.286,178.764,0.0,178.764,358.845,-0.233,350.183,120.3,413.8,1565.0,1565.0,1565.0,N/A,N/A,N/A,N/A,N/A,N/A,N/A,N/A,N/A,LSB_UNSIGNED_INTEGER,"frozenset({'CKMN35AA.PLT', 'S980127A.BSP', 'NULL', 'N/A'})","VICAR programs run: SSIMERGE,UNMOSAIC,CATLABEL,BADL ABELS.",REDR,11.789,5.666,30.224,SKEWED,"frozenset({208, 17, 188, 289})",0.0
C0416110113R,74041.44914695,-74041.44914695,-4960777.0928457,2147202.0252616,2887616.5167310005,-2443367.8218493,361.9664471992553,78.76159654893243,74.07923222730204,-89.62526503843644,FIXED_LENGTH,1000,812,"['C0416110113R.IMG', 1]","['C0416110113R.IMG', 3]","['C0416110113R.IMG', 5]","['C0416110113R.IMG', 13]","['C0416110113R.IMG', 13]",GO-J/JSA-SSI-2-REDR-V1.0,GALILEO ORBITER,SOLID STATE IMAGING SYSTEM,1,04161101.13,1997-10-06 03:32:14.108000+00:00,1e+122,10,10ESEURPLM03,EUROPA,017T04:21:14Z,016T22:11:10Z,NOT APPLICABLE,CLEAR,0,95.83,10K,8.667,OFF,EXTENDED,OFF,NOT INVERTED,Y,INTEGER COSINE TRANSFORM,2.727,IM8,NOT POSSIBLE,N/A,WEST,7291462.0,6638875.0,-0.233,11.649,123.191,517.264,112.959,68.398,94.648,145.882,14.245,90.438,UNK,UNK,73985.1,74012.4,7289900.0,754109000.0,0.674,193.006,162.44,178.572,0.0,178.573,1.358,-0.233,11.649,123.0,517.3,1565.0,1565.0,1565.0,N/A,N/A,N/A,N/A,N/A,N/A,N/A,N/A,N/A,LSB_UNSIGNED_INTEGER,"frozenset({'CKMN35AA.PLT', 'S980127A.BSP', 'NULL', 'N/A'})","VICAR programs run: SSIMERGE,UNMOSAIC,CATLABEL,BADL ABELS.",REDR,11.565,5.601,42.738,SKEWED,"frozenset({208, 17, 474, 98})",0.0
C0420617200R,290.36124765298,-290.36124765298,-1362084.6127401,186992.64348852,-1121084.7771881265,-51974.66332988255,229.96267583208635,6.859084040900545,221.1225519905531,-1.9064845393185887,FIXED_LENGTH,1000,809,"['C0420617200R.IMG', 1]","['C0420617200R.IMG', 3]","['C0420617200R.IMG', 5]","['C0420617200R.IMG', 10]","['C0420617200R.IMG', 10]",GO-J/JSA-SSI-2-REDR-V1.0,GALILEO ORBITER,SOLID STATE IMAGING SYSTEM,1,04206172.00,1997-11-06 19:03:51.079000+00:00,11E0001,11,11ESCOLORS01-01,EUROPA,-000T05:39:08Z,-000T01:28:12Z,NOT APPLICABLE,GREEN,1,20.83,40K,8.667,ON,EXTENDED,OFF,NOT INVERTED,N,BARC RATE CONTROL,4.659,HCA,NOT POSSIBLE,CONTIGUOUS READOUT,WEST,30149.15,689420.2,2.342,219.948,384.706,-79.673,181.826,86.868,129.046,262.891,-27.365,91.145,UNK,UNK,291.577,290.286,28590.7,752773000.0,0.812,158.411,181.515,66.635,5.386,61.249,113.337,2.392,225.059,400.0,400.0,1565.0,1565.0,1565.0,N/A,N/A,N/A,N/A,N/A,N/A,N/A,N/A,N/A,LSB_UNSIGNED_INTEGER,"frozenset({'CKE11AIG.PLT', 'S980127A.BSP', 'NULL', 'N/A'})","VICAR programs run: SSIMERGE,CATLABEL,BADLABELS.",REDR,,,,,"frozenset({200, 1, 800})",
C0420617213R,289.86338175896,-289.86338175896,-1361778.1675036,186382.15447101,-1121481.4240254222,-51885.545334855095,229.95143510308293,6.8366906707709605,221.13710140779654,-1.9032155988616484,FIXED_LENGTH,1000,809,"['C0420617213R.IMG', 1]","['C0420617213R.IMG', 3]","['C0420617213R.IMG', 5]","['C0420617213R.IMG', 10]","['C0420617213R.IMG', 10]",GO-J/JSA-SSI-2-REDR-V1.0,GALILEO ORBITER,SOLID STATE IMAGING SYSTEM,1,04206172.13,1997-11-06 19:03:59.783000+00:00,11E0002,11,11ESCOLORS01-01,EUROPA,-000T05:39:00Z,-000T01:28:04Z,NOT APPLICABLE,VIOLET,3,95.83,40K,8.667,ON,NORMAL,OFF,NOT INVERTED,N,BARC RATE CONTROL,4.632,HCA,NOT POSSIBLE,CONTIGUOUS READOUT,WEST,30100.13,689381.8,2.347,219.948,388.408,-78.704,181.807,86.881,129.058,262.904,-27.37,91.138,UNK,UNK,290.743,289.781,28541.7,752772000.0,0.812,158.421,181.511,66.643,5.405,61.238,113.329,2.396,225.077,400.0,400.0,1565.0,1565.0,1565.0,N/A,N/A,N/A,N/A,N/A,N/A,N/A,N/A,N/A,LSB_UNSIGNED_INTEGER,"frozenset({'CKE11AIG.PLT', 'S980127A.BSP', 'NULL', 'N/A'})","VICAR programs run: SSIMERGE,CATLABEL,BADLABELS.",REDR,,,,,"frozenset({200, 1, 800})",
C0420617226R,289.36654691502,-289.36654691502,-1360601.5035944,188666.98858859,-1120716.6362018483,-49481.67952247147,229.9082738509046,6.920500755165858,221.1090481974804,-1.8150393084868925,FIXED_LENGTH,1000,809,"['C0420617226R.IMG', 1]","['C0420617226R.IMG', 3]","['C0420617226R.IMG', 5]","['C0420617226R.IMG', 10]","['C0420617226R.IMG', 10]",GO-J/JSA-SSI-2-REDR-V1.0,GALILEO ORBITER,SOLID STATE IMAGING SYSTEM,1,04206172.26,1997-11-06 19:04:08.466000+00:00,11E0003,11,11ESCOLORS01-01,EUROPA,-000T05:38:51Z,-000T01:27:55Z,NOT APPLICABLE,IR-7560,4,129.17,40K,8.667,ON,EXTENDED,OFF,NOT INVERTED,N,BARC RATE CONTROL,4.804,HCA,NOT POSSIBLE,CONTIGUOUS READOUT,WEST,30051.22,689343.6,2.352,219.949,378.696,-77.745,181.793,86.889,129.069,262.916,-27.376,91.135,UNK,UNK,290.741,289.296,28492.9,752772000.0,0.812,158.431,181.511,66.65,5.423,61.227,113.322,2.4,225.094,400.0,400.0,1565.0,1565.0,1565.0,N/A,N/A,N/A,N/A,N/A,N/A,N/A,N/A,N/A,LSB_UNSIGNED_INTEGER,"frozenset({'CKE11AIG.PLT', 'S980127A.BSP', 'NULL', 'N/A'})","VICAR programs run: SSIMERGE,CATLABEL,BADLABELS.",REDR,,,,,"frozenset({200, 1, 800})",
C0420617239R,288.86342171464,-288.86342171464,-1361702.1699628,187761.22411452,-1121945.529939649,-49973.37195662872,229.94864743449062,6.887276375142108,221.15412529392472,-1.8330750967684062,FIXED_LENGTH,1000,809,"['C0420617239R.IMG', 1]","['C0420617239R.IMG', 3]","['C0420617239R.IMG', 5]","['C0420617239R.IMG', 10]","['C0420617239R.IMG', 10]",GO-J/JSA-SSI-2-REDR-V1.0,GALILEO ORBITER,SOLID STATE IMAGING SYSTEM,1,04206172.39,1997-11-06 19:04:17.266000+00:00,11E0004,11,11ESCOLORS01-01,EUROPA,-000T05:38:42Z,-000T01:27:46Z,NOT APPLICABLE,IR-9680,5,395.83,40K,8.667,ON,EXTENDED,OFF,NOT INVERTED,N,BARC RATE CONTROL,4.087,HCA,NOT POSSIBLE,CONTIGUOUS READOUT,WEST,30001.66,689304.8,2.357,219.949,384.783,-86.275,181.792,86.9,129.079,262.928,-27.381,91.129,UNK,UNK,289.907,288.778,28443.3,752772000.0,0.812,158.442,181.508,66.649,5.434,61.216,113.338,2.406,225.104,400.0,400.0,1565.0,1565.0,1565.0,N/A,N/A,N/A,N/A,N/A,N/A,N/A,N/A,N/A,LSB_UNSIGNED_INTEGER,"frozenset({'CKE11AIG.PLT', 'S980127A.BSP', 'NULL', 'N/A'})","VICAR programs run: SSIMERGE,CATLABEL,BADLABELS.",REDR,,,,,"frozenset({200, 1, 800})",
C0420617400R,283.78852961785,-283.78852961785,-1380631.1965908,631145.6898701,-1122099.8461089388,383965.8805729527,230.642983757202,23.151078289007355,221.1597857710124,14.084266602979769,FIXED_LENGTH,1000,809,"['C0420617400R.IMG', 1]","['C0420617400R.IMG', 3]","['C0420617400R.IMG', 5]","['C0420617400R.IMG', 10]","['C0420617400R.IMG', 10]",GO-J/JSA-SSI-2-REDR-V1.0,GALILEO ORBITER,SOLID STATE IMAGING SYSTEM,1,04206174.00,1997-11-06 19:05:52.412000+00:00,11E0006,11,11ESCOLORS01-02,EUROPA,-000T05:37:07Z,-000T01:26:11Z,NOT APPLICABLE,GREEN,1,20.83,40K,8.667,ON,NORMAL,OFF,NOT INVERTED,N,BARC RATE CONTROL,4.172,HCA,NOT POSSIBLE,CONTIGUOUS READOUT,WEST,29465.94,688886.8,2.413,219.95,-1132.253,-37.738,254.057,86.299,129.174,263.083,-26.562,91.796,UNK,UNK,284.942,297.152,27971.5,752772000.0,0.812,158.553,188.609,67.705,17.733,61.104,113.273,18.387,225.28,400.0,400.0,1565.0,1565.0,1565.0,N/A,N/A,N/A,N/A,N/A,N/A,N/A,N/A,N/A,LSB_UNSIGNED_INTEGER,"frozenset({'CKE11AIG.PLT', 'S980127A.BSP', 'NULL', 'N/A'})","VICAR programs run: SSIMERGE,CATLABEL,BADLABELS.",REDR,,,,,"frozenset({96, 1, 800})",
C0420617413R,283.28521571717,-283.28521571717,-1378465.8596797,628326.60846068,-1120959.5985927926,381868.4707867421,230.56355695423787,23.047671460029406,221.11796030988856,14.007331437384824,FIXED_LENGTH,1000,809,"['C0420617413R.IMG', 1]","['C0420617413R.IMG', 3]","['C0420617413R.IMG', 5]","['C0420617413R.IMG', 10]","['C0420617413R.IMG', 10]",GO-J/JSA-SSI-2-REDR-V1.0,GALILEO ORBITER,SOLID STATE IMAGING SYSTEM,1,04206174.13,1997-11-06 19:06:01.116000+00:00,11E0007,11,11ESCOLORS01-02,EUROPA,-000T05:36:58Z,-000T01:26:02Z,NOT APPLICABLE,VIOLET,3,95.83,40K,8.667,ON,NORMAL,OFF,NOT INVERTED,N,BARC RATE CONTROL,3.479,HCA,NOT POSSIBLE,CONTIGUOUS READOUT,WEST,29416.94,688848.6,2.418,219.95,-1125.894,-33.435,254.073,86.306,129.184,263.094,-26.567,91.794,UNK,UNK,284.582,296.556,27922.3,752772000.0,0.812,158.564,188.608,67.678,17.703,61.094,113.299,18.366,225.264,400.0,400.0,1565.0,1565.0,1565.0,N/A,N/A,N/A,N/A,N/A,N/A,N/A,N/A,N/A,LSB_UNSIGNED_INTEGER,"frozenset({'CKE11AIG.PLT', 'S980127A.BSP', 'NULL', 'N/A'})","VICAR programs run: SSIMERGE,CATLABEL,BADLABELS.",REDR,,,,,"frozenset({96, 1, 800})",
C0420617426R,282.78813264609,-282.78813264609,-1380006.0873129,627506.86634167,-1122668.8866049582,381481.1909395717,230.6200541007627,23.01760246917897,221.18065876639906,13.993125611051063,FIXED_LENGTH,1000,809,"['C0420617426R.IMG', 1]","['C0420617426R.IMG', 3]","['C0420617426R.IMG', 5]","['C0420617426R.IMG', 10]","['C0420617426R.IMG', 10]",GO-J/JSA-SSI-2-REDR-V1.0,GALILEO ORBITER,SOLID STATE IMAGING SYSTEM,1,04206174.26,1997-11-06 19:06:09.800000+00:00,11E0008,11,11ESCOLORS01-02,EUROPA,-000T05:36:50Z,-000T01:25:54Z,NOT APPLICABLE,IR-7560,4,129.17,40K,8.667,ON,NORMAL,OFF,NOT INVERTED,N,BARC RATE CONTROL,4.409,HCA,NOT POSSIBLE,CONTIGUOUS READOUT,WEST,29368.05,688810.6,2.424,219.95,-1126.521,-40.183,254.086,86.318,129.194,263.105,-26.573,91.786,UNK,UNK,283.824,295.984,27873.2,752772000.0,0.812,158.574,188.601,67.651,17.674,61.084,113.325,18.345,225.249,400.0,400.0,1565.0,1565.0,1565.0,N/A,N/A,N/A,N/A,N/A,N/A,N/A,N/A,N/A,LSB_UNSIGNED_INTEGER,"frozenset({'CKE11AIG.PLT', 'S980127A.BSP', 'NULL', 'N/A'})","VICAR programs run: SSIMERGE,CATLABEL,BADLABELS.",REDR,,,,,"frozenset({96, 1, 800})",
C0420617439R,282.28461795418,-282.28461795418,-1379807.21256,626954.13647623,-1122928.2102216962,381648.80347404757,230.612759168629,22.997327764633162,221.19017102553295,13.99927381259969,FIXED_LENGTH,1000,809,"['C0420617439R.IMG', 1]","['C0420617439R.IMG', 3]","['C0420617439R.IMG', 5]","['C0420617439R.IMG', 10]","['C0420617439R.IMG', 10]",GO-J/JSA-SSI-2-REDR-V1.0,GALILEO ORBITER,SOLID STATE IMAGING SYSTEM,1,04206174.39,1997-11-06 19:06:18.600000+00:00,11E0009,11,11ESCOLORS01-02,EUROPA,-000T05:36:41Z,-000T01:25:45Z,NOT APPLICABLE,IR-9680,5,395.83,40K,8.667,ON,NORMAL,OFF,NOT INVERTED,N,BARC RATE CONTROL,3.562,HCA,NOT POSSIBLE,CONTIGUOUS READOUT,WEST,29318.52,688772.1,2.429,219.95,-1132.918,-36.252,254.114,86.326,129.204,263.116,-26.578,91.783,UNK,UNK,283.461,295.412,27823.4,752772000.0,0.812,158.584,188.601,67.621,17.644,61.074,113.354,18.325,225.23,400.0,400.0,1565.0,1565.0,1565.0,N/A,N/A,N/A,N/A,N/A,N/A,N/A,N/A,N/A,LSB_UNSIGNED_INTEGER,"frozenset({'CKE11AIG.PLT', 'S980127A.BSP', 'NULL', 'N/A'})","VICAR programs run: SSIMERGE,CATLABEL,BADLABELS.",REDR,,,,,"frozenset({96, 1, 800})",
C0420619200R,221.46617813418,-221.46617813418,-1590348.6251815,254907.57103244,-1397230.117848495,72640.90642800985,238.3356364771657,9.350273998777242,231.25184939903033,2.6645437633352733,FIXED_LENGTH,1000,812,"['C0420619200R.IMG', 1]","['C0420619200R.IMG', 3]","['C0420619200R.IMG', 5]","['C0420619200R.IMG', 13]","['C0420619200R.IMG', 13]",GO-J/JSA-SSI-2-REDR-V1.0,GALILEO ORBITER,SOLID STATE IMAGING SYSTEM,1,04206192.00,1997-11-06 19:24:04.407000+00:00,11E0011,11,11ESREGMAP01,EUROPA,-000T05:18:55Z,-000T01:07:59Z,NOT APPLICABLE,CLEAR,0,12.5,100K,8.667,ON,NORMAL,OFF,NOT INVERTED,N,INTEGER COSINE TRANSFORM,5.792,IM8,NOT POSSIBLE,N/A,WEST,23333.55,684212.8,3.24,219.574,-49.608,-1430.553,191.104,88.795,131.612,265.765,-28.131,90.436,UNK,UNK,230.162,221.921,21825.5,752766000.0,0.812,159.835,182.109,74.534,16.041,58.696,105.449,5.86,234.37,400.0,400.0,1565.0,1565.0,1565.0,N/A,N/A,N/A,N/A,N/A,N/A,N/A,N/A,N/A,LSB_UNSIGNED_INTEGER,"frozenset({'CKE11AIG.PLT', 'S980127A.BSP', 'NULL', 'N/A'})","VICAR programs run: SSIMERGE,CATLABEL,BADLABELS.",REDR,3.966,3.433,4.23,SKEWED,"frozenset({800, 1, 760})",0.0
C0420619213R,221.41909552025,-221.41909552025,-1765817.286774,251532.092511,-1562997.3952774508,68197.08142023298,244.77200891382353,9.22645794684666,237.33236500597874,2.501539654602684,FIXED_LENGTH,1000,807,"['C0420619213R.IMG', 1]","['C0420619213R.IMG', 3]","['C0420619213R.IMG', 5]","['C0420619213R.IMG', 8]","['C0420619213R.IMG', 8]",GO-J/JSA-SSI-2-REDR-V1.0,GALILEO ORBITER,SOLID STATE IMAGING SYSTEM,1,04206192.13,1997-11-06 19:24:13.074000+00:00,11E0012,11,11ESREGMAP01,EUROPA,-000T05:18:46Z,-000T01:07:50Z,NOT APPLICABLE,CLEAR,0,12.5,100K,8.667,ON,NORMAL,OFF,NOT INVERTED,N,INTEGER COSINE TRANSFORM,5.826,IM8,NOT POSSIBLE,N/A,WEST,23285.02,684176.6,3.248,219.567,-52.929,-2155.6,188.037,89.039,132.05,266.261,-28.145,90.402,UNK,UNK,239.779,222.03,21832.1,752766000.0,0.812,159.845,181.791,80.696,22.567,58.258,99.257,5.744,240.575,400.0,400.0,1565.0,1565.0,1565.0,N/A,N/A,N/A,N/A,N/A,N/A,N/A,N/A,N/A,LSB_UNSIGNED_INTEGER,"frozenset({'CKE11AIG.PLT', 'S980127A.BSP', 'NULL', 'N/A'})","VICAR programs run: SSIMERGE,CATLABEL,BADLABELS.",REDR,3.6,3.1,4.053,SKEWED,"frozenset({800, 1})",0.0
C0420619226R,220.4717717129,-220.4717717129,-1576814.1112907,93480.03120627,-1392058.7665952898,-87086.34982659509,237.83917647479436,3.428944466626441,231.06215887330157,-3.1944176045222457,FIXED_LENGTH,1000,812,"['C0420619226R.IMG', 1]","['C0420619226R.IMG', 3]","['C0420619226R.IMG', 5]","['C0420619226R.IMG', 13]","['C0420619226R.IMG', 13]",GO-J/JSA-SSI-2-REDR-V1.0,GALILEO ORBITER,SOLID STATE IMAGING SYSTEM,1,04206192.26,1997-11-06 19:24:21.741000+00:00,11E0013,11,11ESREGMAP01,EUROPA,-000T05:18:38Z,-000T01:07:42Z,NOT APPLICABLE,CLEAR,0,12.5,100K,8.667,ON,NORMAL,OFF,NOT INVERTED,N,INTEGER COSINE TRANSFORM,6.046,IM8,NOT POSSIBLE,N/A,WEST,23236.49,684140.4,3.256,219.561,687.555,-1419.247,167.793,89.198,131.636,265.786,-28.569,90.041,UNK,UNK,228.848,220.999,21727.6,752766000.0,0.812,159.855,180.14,74.221,15.922,58.68,105.768,0.017,234.075,400.0,400.0,1565.0,1565.0,1565.0,N/A,N/A,N/A,N/A,N/A,N/A,N/A,N/A,N/A,LSB_UNSIGNED_INTEGER,"frozenset({'CKE11AIG.PLT', 'S980127A.BSP', 'NULL', 'N/A'})","VICAR programs run: SSIMERGE,CATLABEL,BADLABELS.",REDR,3.485,3.022,4.247,SKEWED,"frozenset({760, 1})",0.0
C0420619239R,220.41665930379,-220.41665930379,-1748785.7749163,90811.663633161,-1556362.0313440915,-91252.49695176953,244.14727540026834,3.331065977427522,237.08897297722407,-3.3472362006189527,FIXED_LENGTH,1000,808,"['C0420619239R.IMG', 1]","['C0420619239R.IMG', 3]","['C0420619239R.IMG', 5]","['C0420619239R.IMG', 9]","['C0420619239R.IMG', 9]",GO-J/JSA-SSI-2-REDR-V1.0,GALILEO ORBITER,SOLID STATE IMAGING SYSTEM,1,04206192.39,1997-11-06 19:24:30.407000+00:00,11E0014,11,11ESREGMAP01,EUROPA,-000T05:18:29Z,-000T01:07:33Z,NOT APPLICABLE,CLEAR,0,12.5,100K,8.667,ON,NORMAL,OFF,NOT INVERTED,N,INTEGER COSINE TRANSFORM,6.029,IM8,NOT POSSIBLE,N/A,WEST,23187.97,684104.3,3.265,219.554,686.688,-2143.284,171.187,89.447,132.075,266.286,-28.584,90.005,UNK,UNK,238.047,221.099,21733.5,752766000.0,0.812,159.865,180.515,80.365,22.411,58.241,99.626,-0.116,240.227,400.0,400.0,1565.0,1565.0,1565.0,N/A,N/A,N/A,N/A,N/A,N/A,N/A,N/A,N/A,LSB_UNSIGNED_INTEGER,"frozenset({'CKE11AIG.PLT', 'S980127A.BSP', 'NULL', 'N/A'})","VICAR programs run: SSIMERGE,CATLABEL,BADLABELS.",REDR,3.302,3.09,3.522,SKEWED,"frozenset({760, 1, 800})",0.0
C0420619252R,219.55825298265,-219.55825298265,-1575989.1399095,-66745.708906726,-1386510.367585473,-248320.38412337756,237.808915669185,-2.448301805994973,230.85863784492958,-9.108649153224679,FIXED_LENGTH,1000,811,"['C0420619252R.IMG', 1]","['C0420619252R.IMG', 3]","['C0420619252R.IMG', 5]","['C0420619252R.IMG', 12]","['C0420619252R.IMG', 12]",GO-J/JSA-SSI-2-REDR-V1.0,GALILEO ORBITER,SOLID STATE IMAGING SYSTEM,1,04206192.52,1997-11-06 19:24:39.074000+00:00,11E0015,11,11ESREGMAP01,EUROPA,-000T05:18:20Z,-000T01:07:24Z,NOT APPLICABLE,CLEAR,0,12.5,100K,8.667,ON,NORMAL,OFF,NOT INVERTED,N,INTEGER COSINE TRANSFORM,5.896,IM8,NOT POSSIBLE,N/A,WEST,23139.45,684068.2,3.273,219.547,1428.608,-1397.477,147.299,89.596,131.654,265.805,-29.01,89.651,UNK,UNK,228.056,223.235,21647.7,752766000.0,0.812,159.875,178.162,74.213,18.215,58.667,105.949,-5.849,233.915,400.0,400.0,1565.0,1565.0,1565.0,N/A,N/A,N/A,N/A,N/A,N/A,N/A,N/A,N/A,LSB_UNSIGNED_INTEGER,"frozenset({'CKE11AIG.PLT', 'S980127A.BSP', 'NULL', 'N/A'})","VICAR programs run: SSIMERGE,CATLABEL,BADLABELS.",REDR,4.124,3.353,6.416,SKEWED,"frozenset({744, 17, 1, 760})",0.0
C0420619265R,219.495209499,-219.495209499,-1749596.3149165,-68482.505363688,-1549855.6742724099,-251541.51008585398,244.17700684785987,-2.5120093007819113,236.85031305391263,-9.226803393256635,FIXED_LENGTH,1000,807,"['C0420619265R.IMG', 1]","['C0420619265R.IMG', 3]","['C0420619265R.IMG', 5]","['C0420619265R.IMG', 8]","['C0420619265R.IMG', 8]",GO-J/JSA-SSI-2-REDR-V1.0,GALILEO ORBITER,SOLID STATE IMAGING SYSTEM,1,04206192.65,1997-11-06 19:24:47.741000+00:00,11E0016,11,11ESREGMAP01,EUROPA,-000T05:18:12Z,-000T01:07:16Z,NOT APPLICABLE,CLEAR,0,12.5,100K,8.667,ON,NORMAL,OFF,NOT INVERTED,N,INTEGER COSINE TRANSFORM,5.856,IM8,NOT POSSIBLE,N/A,WEST,23090.93,684032.1,3.282,219.54,1427.445,-2121.608,155.495,89.86,132.096,266.311,-29.024,89.602,UNK,UNK,237.155,223.612,21653.7,752766000.0,0.812,159.885,179.229,80.372,24.122,58.225,99.756,-5.967,240.117,400.0,400.0,1565.0,1565.0,1565.0,N/A,N/A,N/A,N/A,N/A,N/A,N/A,N/A,N/A,LSB_UNSIGNED_INTEGER,"frozenset({'CKE11AIG.PLT', 'S980127A.BSP', 'NULL', 'N/A'})","VICAR programs run: SSIMERGE,CATLABEL,BADLABELS.",REDR,3.573,3.115,4.456,SKEWED,"frozenset({752, 1, 800})",0.0
C0420619278R,218.82998382442,-218.82998382442,-1582797.273002,-227364.35319357,-1384099.6476894268,-412494.51950902934,238.0586450498275,-8.3399602110841,230.7702101396596,-15.130726658222908,FIXED_LENGTH,1000,812,"['C0420619278R.IMG', 1]","['C0420619278R.IMG', 3]","['C0420619278R.IMG', 5]","['C0420619278R.IMG', 13]","['C0420619278R.IMG', 13]",GO-J/JSA-SSI-2-REDR-V1.0,GALILEO ORBITER,SOLID STATE IMAGING SYSTEM,1,04206192.78,1997-11-06 19:24:56.407000+00:00,11E0017,11,11ESREGMAP01,EUROPA,-000T05:18:03Z,-000T01:07:07Z,NOT APPLICABLE,CLEAR,0,12.5,100K,8.667,ON,NORMAL,OFF,NOT INVERTED,N,INTEGER COSINE TRANSFORM,6.142,IM8,NOT POSSIBLE,N/A,WEST,23042.42,683995.9,3.29,219.533,2166.734,-1371.303,132.664,90.003,131.674,265.83,-29.453,89.254,UNK,UNK,227.638,228.951,21587.1,752765000.0,0.812,159.896,176.293,74.617,22.338,58.652,105.891,-11.824,233.992,400.0,400.0,1565.0,1565.0,1565.0,N/A,N/A,N/A,N/A,N/A,N/A,N/A,N/A,N/A,LSB_UNSIGNED_INTEGER,"frozenset({'CKE11AIG.PLT', 'S980127A.BSP', 'NULL', 'N/A'})","VICAR programs run: SSIMERGE,CATLABEL,BADLABELS.",REDR,3.703,3.177,4.215,SKEWED,"frozenset({760, 1})",0.0
C0420619300R,218.77103611075,-218.77103611075,-1761544.3827638,-230803.44309684,-1549117.7067002617,-417852.6789715312,244.6152743644964,-8.46610959445377,236.8232436382266,-15.3272695027552,FIXED_LENGTH,1000,809,"['C0420619300R.IMG', 1]","['C0420619300R.IMG', 3]","['C0420619300R.IMG', 5]","['C0420619300R.IMG', 10]","['C0420619300R.IMG', 10]",GO-J/JSA-SSI-2-REDR-V1.0,GALILEO ORBITER,SOLID STATE IMAGING SYSTEM,1,04206193.00,1997-11-06 19:25:05.074000+00:00,11E0018,11,11ESREGMAP01,EUROPA,-000T05:17:54Z,-000T01:06:58Z,NOT APPLICABLE,CLEAR,0,12.5,100K,8.667,ON,NORMAL,OFF,NOT INVERTED,N,INTEGER COSINE TRANSFORM,5.952,IM8,NOT POSSIBLE,N/A,WEST,22993.91,683959.9,3.298,219.526,2181.75,-2094.006,142.475,90.268,132.114,266.336,-29.467,89.204,UNK,UNK,236.938,229.911,21593.5,752765000.0,0.812,159.906,178.052,80.734,27.433,58.212,99.635,-11.948,240.257,400.0,400.0,1565.0,1565.0,1565.0,N/A,N/A,N/A,N/A,N/A,N/A,N/A,N/A,N/A,LSB_UNSIGNED_INTEGER,"frozenset({'CKE11AIG.PLT', 'S980127A.BSP', 'NULL', 'N/A'})","VICAR programs run: SSIMERGE,CATLABEL,BADLABELS.",REDR,3.293,3.062,3.579,SKEWED,"frozenset({760, 1, 800})",0.0
C0420619313R,218.29155532473,-218.29155532473,-1597239.310311,-390960.17558659,-1385059.9185353625,-582838.4527170277,238.588393952117,-14.340824595906026,230.8054338699167,-21.379118744315544,FIXED_LENGTH,1000,811,"['C0420619313R.IMG', 1]","['C0420619313R.IMG', 3]","['C0420619313R.IMG', 5]","['C0420619313R.IMG', 12]","['C0420619313R.IMG', 12]",GO-J/JSA-SSI-2-REDR-V1.0,GALILEO ORBITER,SOLID STATE IMAGING SYSTEM,1,04206193.13,1997-11-06 19:25:13.741000+00:00,11E0019,11,11ESREGMAP01,EUROPA,-000T05:17:46Z,-000T01:06:50Z,NOT APPLICABLE,CLEAR,0,12.5,100K,8.667,ON,NORMAL,OFF,NOT INVERTED,N,INTEGER COSINE TRANSFORM,5.961,IM8,NOT POSSIBLE,N/A,WEST,22945.4,683923.8,3.307,219.519,2906.126,-1334.511,122.825,90.407,131.691,265.854,-29.893,88.86,UNK,UNK,227.266,238.722,21545.7,752765000.0,0.812,159.916,174.671,75.355,27.495,58.64,105.656,-17.895,234.235,400.0,400.0,1565.0,1565.0,1565.0,N/A,N/A,N/A,N/A,N/A,N/A,N/A,N/A,N/A,LSB_UNSIGNED_INTEGER,"frozenset({'CKE11AIG.PLT', 'S980127A.BSP', 'NULL', 'N/A'})","VICAR programs run: SSIMERGE,CATLABEL,BADLABELS.",REDR,3.901,3.267,4.792,SKEWED,"frozenset({600, 161, 1, 760})",0.0
C0420619326R,218.24002206907,-218.24002206907,-1783675.7003705,-394796.19992295,-1553432.4770876314,-589248.0595864914,245.4270740405063,-14.481533945831059,236.9815138896762,-21.614229769897058,FIXED_LENGTH,1000,809,"['C0420619326R.IMG', 1]","['C0420619326R.IMG', 3]","['C0420619326R.IMG', 5]","['C0420619326R.IMG', 10]","['C0420619326R.IMG', 10]",GO-J/JSA-SSI-2-REDR-V1.0,GALILEO ORBITER,SOLID STATE IMAGING SYSTEM,1,04206193.26,1997-11-06 19:25:22.407000+00:00,11E0020,11,11ESREGMAP01,EUROPA,-000T05:17:37Z,-000T01:06:41Z,NOT APPLICABLE,CLEAR,0,12.5,100K,8.667,ON,NORMAL,OFF,NOT INVERTED,N,INTEGER COSINE TRANSFORM,5.963,IM8,NOT POSSIBLE,N/A,WEST,22896.89,683887.7,3.316,219.511,2929.56,-2053.104,132.519,90.682,132.129,266.36,-29.907,88.801,UNK,UNK,237.419,240.745,21553.4,752765000.0,0.812,159.926,177.116,81.46,31.913,58.201,99.239,-18.029,240.673,400.0,400.0,1565.0,1565.0,1565.0,N/A,N/A,N/A,N/A,N/A,N/A,N/A,N/A,N/A,LSB_UNSIGNED_INTEGER,"frozenset({'CKE11AIG.PLT', 'S980127A.BSP', 'NULL', 'N/A'})","VICAR programs run: SSIMERGE,CATLABEL,BADLABELS.",REDR,3.23,2.899,3.504,SKEWED,"frozenset({600, 161, 800, 1})",0.0
C0420626700R,32.011331601093,-32.011331601093,2519707.9443168,1032461.4781301,2560042.2221341776,1003331.1663731054,87.57450011847804,37.871757494681994,86.09499698874446,36.80322745654108,FIXED_LENGTH,1000,811,"['C0420626700R.IMG', 1]","['C0420626700R.IMG', 3]","['C0420626700R.IMG', 5]","['C0420626700R.IMG', 12]","['C0420626700R.IMG', 12]",GO-J/JSA-SSI-2-REDR-V1.0,GALILEO ORBITER,SOLID STATE IMAGING SYSTEM,1,04206267.00,1997-11-06 20:39:54.405000+00:00,11E0021,11,11ESMORPHY01,EUROPA,-000T04:03:05Z,000T00:07:50Z,NOT APPLICABLE,CLEAR,0,12.5,100K,8.667,ON,NORMAL,OFF,NOT INVERTED,N,INTEGER COSINE TRANSFORM,6.553,IM8,NOT POSSIBLE,N/A,WEST,4564.724,667082.8,19.937,100.62,15384.623,-9220.292,122.953,289.93,110.573,25.811,0.477,272.458,UNK,UNK,33.8561,35.9267,3155.27,752744000.0,0.812,165.173,172.329,80.296,31.378,59.49,258.074,37.236,86.766,400.0,400.0,1565.0,1565.0,1565.0,N/A,N/A,N/A,N/A,N/A,N/A,N/A,N/A,N/A,LSB_UNSIGNED_INTEGER,"frozenset({'NULL', 'S980127A.BSP', 'CKE11B.PLT', 'N/A'})","VICAR programs run: SSIMERGE,CATLABEL,BADLABELS.",REDR,2.986,2.883,3.166,SKEWED,"frozenset({360, 401, 1, 760})",0.0
C0420626713R,32.318356836927,-32.318356836927,2547494.4776708,1019708.7949187,2588312.5623558387,990299.0901970965,86.55526126541551,37.403975852248855,85.05801159815539,36.325197390485826,FIXED_LENGTH,1000,810,"['C0420626713R.IMG', 1]","['C0420626713R.IMG', 3]","['C0420626713R.IMG', 5]","['C0420626713R.IMG', 11]","['C0420626713R.IMG', 11]",GO-J/JSA-SSI-2-REDR-V1.0,GALILEO ORBITER,SOLID STATE IMAGING SYSTEM,1,04206267.13,1997-11-06 20:40:03.071000+00:00,11E0022,11,11ESMORPHY01,EUROPA,-000T04:02:56Z,000T00:07:59Z,NOT APPLICABLE,CLEAR,0,12.5,100K,8.667,ON,NORMAL,OFF,NOT INVERTED,N,INTEGER COSINE TRANSFORM,6.551,IM8,NOT POSSIBLE,N/A,WEST,4595.13,667052.8,19.795,100.127,15001.386,-9517.756,124.089,289.912,110.292,26.179,0.553,272.399,UNK,UNK,34.0625,36.255,3184.6,752744000.0,0.812,165.183,172.698,80.939,31.222,59.865,259.147,36.787,85.906,400.0,400.0,1565.0,1565.0,1565.0,N/A,N/A,N/A,N/A,N/A,N/A,N/A,N/A,N/A,LSB_UNSIGNED_INTEGER,"frozenset({'NULL', 'S980127A.BSP', 'CKE11B.PLT', 'N/A'})","VICAR programs run: SSIMERGE,CATLABEL,BADLABELS.",REDR,2.969,2.702,3.212,SKEWED,"frozenset({632, 129, 800, 1})",0.0
C0420626726R,32.479687635306,-32.479687635306,2514317.5792243,1008104.5448246,2553715.440325926,978807.866577554,87.77222429891012,36.97831992727689,86.32706990520602,35.90368739378876,FIXED_LENGTH,1000,813,"['C0420626726R.IMG', 1]","['C0420626726R.IMG', 3]","['C0420626726R.IMG', 5]","['C0420626726R.IMG', 14]","['C0420626726R.IMG', 14]",GO-J/JSA-SSI-2-REDR-V1.0,GALILEO ORBITER,SOLID STATE IMAGING SYSTEM,1,04206267.26,1997-11-06 20:40:11.738000+00:00,11E0023,11,11ESMORPHY01,EUROPA,-000T04:02:48Z,000T00:08:07Z,NOT APPLICABLE,CLEAR,0,12.5,100K,8.667,ON,NORMAL,OFF,NOT INVERTED,N,INTEGER COSINE TRANSFORM,6.5,IM8,NOT POSSIBLE,N/A,WEST,4625.862,667022.9,19.654,99.641,14618.354,-8334.12,121.551,289.88,109.162,27.268,0.885,272.192,UNK,UNK,34.2392,36.0373,3200.39,752744000.0,0.812,165.193,172.389,79.939,29.636,61.003,257.938,36.374,87.114,400.0,400.0,1565.0,1565.0,1565.0,N/A,N/A,N/A,N/A,N/A,N/A,N/A,N/A,N/A,LSB_UNSIGNED_INTEGER,"frozenset({'NULL', 'S980127A.BSP', 'CKE11B.PLT', 'N/A'})","VICAR programs run: SSIMERGE,CATLABEL,BADLABELS.",REDR,2.912,2.641,3.337,SKEWED,"frozenset({760, 1})",0.0
C0420626739R,32.788569098341,-32.788569098341,2541704.2993652,994510.08932178,2581542.4108196846,964967.5885641748,86.76765100903847,36.479661204427984,85.30634777593107,35.39601164637881,FIXED_LENGTH,1000,811,"['C0420626739R.IMG', 1]","['C0420626739R.IMG', 3]","['C0420626739R.IMG', 5]","['C0420626739R.IMG', 12]","['C0420626739R.IMG', 12]",GO-J/JSA-SSI-2-REDR-V1.0,GALILEO ORBITER,SOLID STATE IMAGING SYSTEM,1,04206267.39,1997-11-06 20:40:20.405000+00:00,11E0024,11,11ESMORPHY01,EUROPA,-000T04:02:39Z,000T00:08:16Z,NOT APPLICABLE,CLEAR,0,12.5,100K,8.667,ON,NORMAL,OFF,NOT INVERTED,N,INTEGER COSINE TRANSFORM,6.399,IM8,NOT POSSIBLE,N/A,WEST,4656.913,666992.9,19.513,99.163,14223.947,-8631.441,123.137,289.846,108.836,27.575,0.912,272.163,UNK,UNK,33.79,36.3555,3230.55,752744000.0,0.812,165.204,172.805,80.686,29.496,61.305,258.947,35.863,86.126,400.0,400.0,1565.0,1565.0,1565.0,N/A,N/A,N/A,N/A,N/A,N/A,N/A,N/A,N/A,LSB_UNSIGNED_INTEGER,"frozenset({'NULL', 'S980127A.BSP', 'CKE11B.PLT', 'N/A'})","VICAR programs run: SSIMERGE,CATLABEL,BADLABELS.",REDR,3.086,2.751,3.542,SKEWED,"frozenset({760, 1, 800})",0.0
C0420626752R,32.967067333633,-32.967067333633,2509189.4288975,982484.54067693,2547727.930610517,953011.9824806621,87.96033016986675,36.038551611803676,86.54669796953797,34.95746761942221,FIXED_LENGTH,1000,812,"['C0420626752R.IMG', 1]","['C0420626752R.IMG', 3]","['C0420626752R.IMG', 5]","['C0420626752R.IMG', 13]","['C0420626752R.IMG', 13]",GO-J/JSA-SSI-2-REDR-V1.0,GALILEO ORBITER,SOLID STATE IMAGING SYSTEM,1,04206267.52,1997-11-06 20:40:29.071000+00:00,11E0025,11,11ESMORPHY01,EUROPA,-000T04:02:30Z,000T00:08:25Z,NOT APPLICABLE,CLEAR,0,12.5,100K,8.667,ON,NORMAL,OFF,NOT INVERTED,N,INTEGER COSINE TRANSFORM,6.239,IM8,NOT POSSIBLE,N/A,WEST,4688.276,666963.0,19.372,98.693,13821.063,-7503.514,120.459,289.786,107.759,28.642,1.228,271.978,UNK,UNK,33.9702,36.2607,3247.97,752744000.0,0.812,165.214,172.535,79.69,27.939,62.418,257.758,35.432,87.312,400.0,400.0,1565.0,1565.0,1565.0,N/A,N/A,N/A,N/A,N/A,N/A,N/A,N/A,N/A,LSB_UNSIGNED_INTEGER,"frozenset({'NULL', 'S980127A.BSP', 'CKE11B.PLT', 'N/A'})","VICAR programs run: SSIMERGE,CATLABEL,BADLABELS.",REDR,3.393,2.923,3.958,SKEWED,"frozenset({760, 1})",0.0
C0420626765R,33.280681851274,-33.280681851274,2536853.2547952,968434.56119022,2575824.933243042,938681.631615181,86.94559235352686,35.52318379692924,85.51607078143833,34.43181549167976,FIXED_LENGTH,1000,811,"['C0420626765R.IMG', 1]","['C0420626765R.IMG', 3]","['C0420626765R.IMG', 5]","['C0420626765R.IMG', 12]","['C0420626765R.IMG', 12]",GO-J/JSA-SSI-2-REDR-V1.0,GALILEO ORBITER,SOLID STATE IMAGING SYSTEM,1,04206267.65,1997-11-06 20:40:37.738000+00:00,11E0026,11,11ESMORPHY01,EUROPA,-000T04:02:22Z,000T00:08:33Z,NOT APPLICABLE,CLEAR,0,12.5,100K,8.667,ON,NORMAL,OFF,NOT INVERTED,N,INTEGER COSINE TRANSFORM,6.393,IM8,NOT POSSIBLE,N/A,WEST,4719.946,666933.1,19.233,98.229,13432.598,-7802.341,122.196,289.779,107.463,28.922,1.244,271.924,UNK,UNK,34.1887,36.368,3278.83,752743000.0,0.812,165.224,172.922,80.465,27.805,62.691,258.781,34.916,86.302,400.0,400.0,1565.0,1565.0,1565.0,N/A,N/A,N/A,N/A,N/A,N/A,N/A,N/A,N/A,LSB_UNSIGNED_INTEGER,"frozenset({'NULL', 'S980127A.BSP', 'CKE11B.PLT', 'N/A'})","VICAR programs run: SSIMERGE,CATLABEL,BADLABELS.",REDR,3.059,2.84,3.295,SKEWED,"frozenset({760, 1, 800})",0.0
C0420626778R,33.475816626717,-33.475816626717,2504627.1241943,956169.75030892,2542454.79698249,926510.1767776487,88.12768023666962,35.07329781740004,86.74012197830523,33.98535390862938,FIXED_LENGTH,1000,812,"['C0420626778R.IMG', 1]","['C0420626778R.IMG', 3]","['C0420626778R.IMG', 5]","['C0420626778R.IMG', 13]","['C0420626778R.IMG', 13]",GO-J/JSA-SSI-2-REDR-V1.0,GALILEO ORBITER,SOLID STATE IMAGING SYSTEM,1,04206267.78,1997-11-06 20:40:46.405000+00:00,11E0027,11,11ESMORPHY01,EUROPA,-000T04:02:13Z,000T00:08:42Z,NOT APPLICABLE,CLEAR,0,12.5,100K,8.667,ON,NORMAL,OFF,NOT INVERTED,N,INTEGER COSINE TRANSFORM,6.449,IM8,NOT POSSIBLE,N/A,WEST,4751.917,666903.3,19.094,97.773,13039.346,-6685.074,119.301,289.709,106.382,29.977,1.544,271.744,UNK,UNK,34.3757,36.494,3297.57,752743000.0,0.812,165.234,172.666,79.449,26.245,63.787,257.609,34.458,87.495,400.0,400.0,1565.0,1565.0,1565.0,N/A,N/A,N/A,N/A,N/A,N/A,N/A,N/A,N/A,LSB_UNSIGNED_INTEGER,"frozenset({'NULL', 'S980127A.BSP', 'CKE11B.PLT', 'N/A'})","VICAR programs run: SSIMERGE,CATLABEL,BADLABELS.",REDR,3.026,2.747,3.345,SKEWED,"frozenset({520, 1, 760})",0.0
C0420626800R,33.793797153947,-33.793797153947,2532439.5711225,941664.15769473,2570694.149500768,911722.853416333,87.10749084683769,34.541217640620765,85.70427324880494,33.442939555941415,FIXED_LENGTH,1000,810,"['C0420626800R.IMG', 1]","['C0420626800R.IMG', 3]","['C0420626800R.IMG', 5]","['C0420626800R.IMG', 11]","['C0420626800R.IMG', 11]",GO-J/JSA-SSI-2-REDR-V1.0,GALILEO ORBITER,SOLID STATE IMAGING SYSTEM,1,04206268.00,1997-11-06 20:40:55.071000+00:00,11E0028,11,11ESMORPHY01,EUROPA,-000T04:02:04Z,000T00:08:51Z,NOT APPLICABLE,CLEAR,0,12.5,100K,8.667,ON,NORMAL,OFF,NOT INVERTED,N,INTEGER COSINE TRANSFORM,6.443,IM8,NOT POSSIBLE,N/A,WEST,4784.181,666873.4,18.955,97.324,12649.038,-6994.978,121.301,289.675,106.149,30.23,1.543,271.722,UNK,UNK,35.2845,36.6005,3328.98,752743000.0,0.812,165.244,173.08,80.256,26.103,64.029,258.656,33.926,86.458,400.0,400.0,1565.0,1565.0,1565.0,N/A,N/A,N/A,N/A,N/A,N/A,N/A,N/A,N/A,LSB_UNSIGNED_INTEGER,"frozenset({'NULL', 'S980127A.BSP', 'CKE11B.PLT', 'N/A'})","VICAR programs run: SSIMERGE,CATLABEL,BADLABELS.",REDR,3.066,2.954,3.182,SKEWED,"frozenset({160, 1, 800})",0.0
C0426234600R,1378.3219865784,-1378.3219865784,-3131547.5535061,-412118.27398694,-700187.5691818027,-2366578.850955111,294.868411114224,-15.11692558237373,205.68360600617262,-86.80856596968486,FIXED_LENGTH,1000,807,"['C0426234600R.IMG', 1]","['C0426234600R.IMG', 3]","['C0426234600R.IMG', 5]","['C0426234600R.IMG', 8]","['C0426234600R.IMG', 8]",GO-J/JSA-SSI-2-REDR-V1.0,GALILEO ORBITER,SOLID STATE IMAGING SYSTEM,1,04262346.00,1997-12-16 05:41:58.839000+00:00,12E0001,12,12ESGLOCOL01,EUROPA,-000T00:53:05Z,-000T06:22:01Z,NOT APPLICABLE,GREEN,1,62.5,100K,8.667,ON,NORMAL,OFF,NOT INVERTED,N,INTEGER COSINE TRANSFORM,4.543,IM8,NOT POSSIBLE,N/A,WEST,137194.3,630323.4,0.556,293.638,1141.86,949.193,66.466,71.381,89.928,224.535,-19.909,91.784,UNK,UNK,1391.37,1447.58,135717.0,751103000.0,0.98,193.482,181.203,91.922,19.388,100.234,88.287,-16.713,285.195,800.8,800.8,1565.0,1565.0,1565.0,N/A,N/A,N/A,N/A,N/A,N/A,N/A,N/A,N/A,LSB_UNSIGNED_INTEGER,"frozenset({'CKE12ALC.PLT', 'NULL', 'N/A', 'S980928A.BSP'})","VICAR programs run: SSIMERGE,CATLABEL,BADLABELS.",REDR,1.705,1.458,1.86,SKEWED,"frozenset({536, 265, 800, 1})",0.0
C0426234626R,1377.2807284205,-1377.2807284205,-3127804.534243,-407675.09561247,-703790.45222292,-2363413.72996958,294.7311132868157,-14.95394519282128,205.81576349166255,-86.69246605027436,FIXED_LENGTH,1000,807,"['C0426234626R.IMG', 1]","['C0426234626R.IMG', 3]","['C0426234626R.IMG', 5]","['C0426234626R.IMG', 8]","['C0426234626R.IMG', 8]",GO-J/JSA-SSI-2-REDR-V1.0,GALILEO ORBITER,SOLID STATE IMAGING SYSTEM,1,04262346.26,1997-12-16 05:42:16.339000+00:00,12E0003,12,12ESGLOCOL01,EUROPA,-000T00:52:47Z,-000T06:21:43Z,NOT APPLICABLE,VIOLET,3,395.83,100K,8.667,ON,NORMAL,OFF,NOT INVERTED,N,INTEGER COSINE TRANSFORM,4.487,IM8,NOT POSSIBLE,N/A,WEST,137093.2,630309.3,0.556,293.654,1139.369,948.518,66.407,71.381,89.933,224.54,-19.909,91.786,UNK,UNK,1390.02,1445.19,135614.0,751103000.0,0.98,193.502,181.214,91.967,19.236,100.229,88.24,-16.569,285.263,800.8,800.8,1565.0,1565.0,1565.0,N/A,N/A,N/A,N/A,N/A,N/A,N/A,N/A,N/A,LSB_UNSIGNED_INTEGER,"frozenset({'CKE12ALC.PLT', 'NULL', 'N/A', 'S980928A.BSP'})","VICAR programs run: SSIMERGE,CATLABEL,BADLABELS.",REDR,2.276,2.06,2.535,SKEWED,"frozenset({536, 265, 800, 1})",0.0
C0426234639R,1376.7926520411,-1376.7926520411,-3144594.4172619,-414414.58826437,-704917.8378450708,-2409387.141071924,295.34698360403803,-15.201156770934785,205.8571171651792,-88.37881843566757,FIXED_LENGTH,1000,807,"['C0426234639R.IMG', 1]","['C0426234639R.IMG', 3]","['C0426234639R.IMG', 5]","['C0426234639R.IMG', 8]","['C0426234639R.IMG', 8]",GO-J/JSA-SSI-2-REDR-V1.0,GALILEO ORBITER,SOLID STATE IMAGING SYSTEM,1,04262346.39,1997-12-16 05:42:25.006000+00:00,12E0004,12,12ESGLOCOL01,EUROPA,-000T00:52:38Z,-000T06:21:34Z,NOT APPLICABLE,IR-7560,4,395.83,100K,8.667,ON,NORMAL,OFF,NOT INVERTED,N,INTEGER COSINE TRANSFORM,4.366,IM8,NOT POSSIBLE,N/A,WEST,137043.1,630302.4,0.556,293.662,1139.548,952.364,65.875,71.381,89.933,224.54,-19.909,91.786,UNK,UNK,1390.04,1444.89,135565.0,751103000.0,0.98,193.513,181.154,91.771,19.321,100.229,88.443,-16.566,285.069,800.8,800.8,1565.0,1565.0,1565.0,N/A,N/A,N/A,N/A,N/A,N/A,N/A,N/A,N/A,LSB_UNSIGNED_INTEGER,"frozenset({'CKE12ALC.PLT', 'NULL', 'N/A', 'S980928A.BSP'})","VICAR programs run: SSIMERGE,CATLABEL,BADLABELS.",REDR,2.377,1.786,2.668,SKEWED,"frozenset({536, 265, 800, 1})",0.0
C0426234652R,1376.268007485,-1376.268007485,-3114494.5009386,-412880.4022455,-701896.683817395,-2363052.168851745,294.2428874650995,-15.14488123708765,205.74629810305066,-86.6792036135983,FIXED_LENGTH,1000,807,"['C0426234652R.IMG', 1]","['C0426234652R.IMG', 3]","['C0426234652R.IMG', 5]","['C0426234652R.IMG', 8]","['C0426234652R.IMG', 8]",GO-J/JSA-SSI-2-REDR-V1.0,GALILEO ORBITER,SOLID STATE IMAGING SYSTEM,1,04262346.52,1997-12-16 05:42:33.873000+00:00,12E0005,12,12ESGLOCOL01,EUROPA,-000T00:52:30Z,-000T06:21:26Z,NOT APPLICABLE,IR-9680,5,795.83,40K,8.667,ON,NORMAL,OFF,NOT INVERTED,N,INTEGER COSINE TRANSFORM,4.898,IM8,NOT POSSIBLE,N/A,WEST,136991.9,630295.3,0.556,293.67,1139.258,954.936,65.495,71.382,89.934,224.541,-19.909,91.785,UNK,UNK,1390.22,1444.18,135514.0,751103000.0,0.98,193.523,181.114,91.643,19.357,100.228,88.577,-16.54,284.946,800.8,800.8,1565.0,1565.0,1565.0,N/A,N/A,N/A,N/A,N/A,N/A,N/A,N/A,N/A,LSB_UNSIGNED_INTEGER,"frozenset({'CKE12ALC.PLT', 'NULL', 'N/A', 'S980928A.BSP'})","VICAR programs run: SSIMERGE,CATLABEL,BADLABELS.",REDR,1.855,1.541,2.114,SKEWED,"frozenset({536, 265, 800, 1})",0.0
C0426234678R,1374.5853639931,-1374.5853639931,-3087318.7275285,622687.16988887,-1697612.9245314759,-538837.4626852995,293.2460519200274,22.840811006131837,242.27020219111031,-19.76511680883844,FIXED_LENGTH,1000,809,"['C0426234678R.IMG', 1]","['C0426234678R.IMG', 3]","['C0426234678R.IMG', 5]","['C0426234678R.IMG', 10]","['C0426234678R.IMG', 10]",GO-J/JSA-SSI-2-REDR-V1.0,GALILEO ORBITER,SOLID STATE IMAGING SYSTEM,1,04262346.78,1997-12-16 05:42:50.839000+00:00,12E0007,12,12ESGLOCOL01,EUROPA,-000T00:52:13Z,-000T06:21:09Z,NOT APPLICABLE,GREEN,1,62.5,100K,8.667,ON,NORMAL,OFF,NOT INVERTED,N,INTEGER COSINE TRANSFORM,4.425,IM8,NOT POSSIBLE,N/A,WEST,136893.9,630281.8,0.556,293.686,397.549,1009.769,359.77,71.425,89.91,224.66,-19.491,91.783,UNK,UNK,1636.9,1376.5,135576.0,751103000.0,0.98,193.543,180.927,67.702,32.788,100.486,112.281,1.547,261.262,400.0,400.0,1565.0,1565.0,1565.0,N/A,N/A,N/A,N/A,N/A,N/A,N/A,N/A,N/A,LSB_UNSIGNED_INTEGER,"frozenset({'CKE12ALC.PLT', 'NULL', 'N/A', 'S980928A.BSP'})","VICAR programs run: SSIMERGE,CATLABEL,BADLABELS.",REDR,2.042,1.649,1.93,SKEWED,"frozenset({400, 401, 800, 1})",0.0
C0426267200R,180.99130444577,-180.99130444577,-3275761.619164,-1124498.9745216,-2992148.2450974784,-1348566.209425463,300.1583325666057,-41.2477882886535,289.7550999497832,-49.46680678235246,FIXED_LENGTH,1000,810,"['C0426267200R.IMG', 1]","['C0426267200R.IMG', 3]","['C0426267200R.IMG', 5]","['C0426267200R.IMG', 11]","['C0426267200R.IMG', 11]",GO-J/JSA-SSI-2-REDR-V1.0,GALILEO ORBITER,SOLID STATE IMAGING SYSTEM,1,04262672.00,1997-12-16 11:11:36.136000+00:00,12E0018,12,12ESFRTPLT01,EUROPA,000T04:36:32Z,-000T00:52:23Z,NOT APPLICABLE,CLEAR,0,12.5,100K,8.667,ON,NORMAL,OFF,NOT INVERTED,N,INTEGER COSINE TRANSFORM,5.636,IM8,NOT POSSIBLE,N/A,WEST,18947.49,662931.3,-0.158,309.216,6768.945,1313.179,81.841,74.132,97.314,231.418,-24.35,91.342,UNK,UNK,185.315,294.831,17945.9,751205000.0,0.981,216.686,176.503,85.346,52.112,93.08,98.005,-47.656,298.681,400.0,400.0,1565.0,1565.0,1565.0,N/A,N/A,N/A,N/A,N/A,N/A,N/A,N/A,N/A,LSB_UNSIGNED_INTEGER,"frozenset({'CKE12ALC.PLT', 'NULL', 'N/A', 'S980928A.BSP'})","VICAR programs run: SSIMERGE,CATLABEL,BADLABELS.",REDR,4.358,3.785,5.113,SKEWED,"frozenset({200, 201, 800, 1})",0.0
C0426267201R,180.99130444577,-180.99130444577,-3275761.619164,-1124498.9745216,-2992148.2450974784,-1348566.209425463,300.1583325666057,-41.2477882886535,289.7550999497832,-49.46680678235246,FIXED_LENGTH,1000,809,"['C0426267201R.IMG', 1]","['C0426267201R.IMG', 3]","['C0426267201R.IMG', 5]","['C0426267201R.IMG', 10]","['C0426267201R.IMG', 10]",GO-J/JSA-SSI-2-REDR-V1.0,GALILEO ORBITER,SOLID STATE IMAGING SYSTEM,1,04262672.01,1997-12-16 11:11:36.136000+00:00,12E0018,12,12ESFRTPLT01,EUROPA,000T04:36:32Z,-000T00:52:23Z,NOT APPLICABLE,CLEAR,0,12.5,100K,8.667,ON,NORMAL,OFF,NOT INVERTED,N,INTEGER COSINE TRANSFORM,5.763,IM8,NOT POSSIBLE,N/A,WEST,18947.49,662931.3,-0.158,309.216,6768.945,1313.179,81.841,74.132,97.314,231.418,-24.35,91.342,UNK,UNK,185.315,294.831,17945.9,751205000.0,0.981,216.686,176.503,85.346,52.112,93.08,98.005,-47.656,298.681,400.0,400.0,1565.0,1565.0,1565.0,N/A,N/A,N/A,N/A,N/A,N/A,N/A,N/A,N/A,LSB_UNSIGNED_INTEGER,"frozenset({'CKE12ALC.PLT', 'NULL', 'N/A', 'S980928A.BSP'})","VICAR programs run: SSIMERGE,CATLABEL,BADLABELS.",REDR,2.575,2.73,3.944,SKEWED,"frozenset({800, 1})",1.0
C0426267365R,173.43660928533,-173.43660928533,-2611088.1527906,466371.04236825,-2393772.0813560816,312706.20654144767,275.77742067318286,17.10697337696391,267.8060418552818,11.470387876037877,FIXED_LENGTH,1000,809,"['C0426267365R.IMG', 1]","['C0426267365R.IMG', 3]","['C0426267365R.IMG', 5]","['C0426267365R.IMG', 10]","['C0426267365R.IMG', 10]",GO-J/JSA-SSI-2-REDR-V1.0,GALILEO ORBITER,SOLID STATE IMAGING SYSTEM,1,04262673.65,1997-12-16 11:13:20.161000+00:00,12E0019,12,12ESDKLNCL01,EUROPA,000T04:38:16Z,-000T00:50:39Z,NOT APPLICABLE,GREEN,1,62.5,100K,8.667,ON,NORMAL,OFF,NOT INVERTED,N,INTEGER COSINE TRANSFORM,5.404,IM8,NOT POSSIBLE,N/A,WEST,18321.42,663342.9,-0.189,309.145,-1404.146,5303.234,339.799,73.319,95.19,230.654,-19.141,91.91,UNK,UNK,215.911,179.593,17068.0,751205000.0,0.981,216.808,190.2,59.674,38.326,95.172,121.212,12.421,275.922,400.0,400.0,1565.0,1565.0,1565.0,N/A,N/A,N/A,N/A,N/A,N/A,N/A,N/A,N/A,LSB_UNSIGNED_INTEGER,"frozenset({'MIPS_NEAR.CK', 'NULL', 'N/A', 'S980928A.BSP'})","VICAR programs run: SSIMERGE,CATLABEL,BADLABELS.",REDR,2.927,2.674,3.318,SKEWED,"frozenset({264, 1, 800})",0.0
C0426267366R,173.43660928533,-173.43660928533,-2611088.1527906,466371.04236825,-2393772.0813560816,312706.20654144767,275.77742067318286,17.10697337696391,267.8060418552818,11.470387876037877,FIXED_LENGTH,1000,808,"['C0426267366R.IMG', 1]","['C0426267366R.IMG', 3]","['C0426267366R.IMG', 5]","['C0426267366R.IMG', 9]","['C0426267366R.IMG', 9]",GO-J/JSA-SSI-2-REDR-V1.0,GALILEO ORBITER,SOLID STATE IMAGING SYSTEM,1,04262673.66,1997-12-16 11:13:20.161000+00:00,12E0019,12,12ESDKLNCL01,EUROPA,000T04:38:16Z,-000T00:50:39Z,NOT APPLICABLE,GREEN,1,62.5,100K,8.667,ON,NORMAL,OFF,NOT INVERTED,N,INTEGER COSINE TRANSFORM,5.673,IM8,NOT POSSIBLE,N/A,WEST,18321.42,663342.9,-0.189,309.145,-1404.146,5303.234,339.799,73.319,95.19,230.654,-19.141,91.91,UNK,UNK,215.911,179.593,17068.0,751205000.0,0.981,216.808,190.2,59.674,38.326,95.172,121.212,12.421,275.922,400.0,400.0,1565.0,1565.0,1565.0,N/A,N/A,N/A,N/A,N/A,N/A,N/A,N/A,N/A,LSB_UNSIGNED_INTEGER,"frozenset({'MIPS_NEAR.CK', 'NULL', 'N/A', 'S980928A.BSP'})","VICAR programs run: SSIMERGE,CATLABEL,BADLABELS.",REDR,3.01,2.066,3.557,SKEWED,"frozenset({536, 265, 800, 1})",1.0
C0426267378R,174.00801007684,-174.00801007684,-2440114.3253075,474171.82745939,-2185366.598555006,318434.6584406182,269.5059234119924,17.393114262118132,260.16151266713337,11.680513431073841,FIXED_LENGTH,1000,809,"['C0426267378R.IMG', 1]","['C0426267378R.IMG', 3]","['C0426267378R.IMG', 5]","['C0426267378R.IMG', 10]","['C0426267378R.IMG', 10]",GO-J/JSA-SSI-2-REDR-V1.0,GALILEO ORBITER,SOLID STATE IMAGING SYSTEM,1,04262673.78,1997-12-16 11:13:28.828000+00:00,12E0020,12,12ESDKLNCL01,EUROPA,000T04:38:24Z,-000T00:50:31Z,NOT APPLICABLE,GREEN,1,62.5,100K,8.667,ON,NORMAL,OFF,NOT INVERTED,N,INTEGER COSINE TRANSFORM,5.206,IM8,NOT POSSIBLE,N/A,WEST,18269.26,663377.3,-0.192,309.139,-1398.611,6054.469,342.355,73.159,94.775,230.23,-19.02,91.921,UNK,UNK,238.552,181.365,17121.7,751206000.0,0.981,216.818,193.575,53.676,44.587,95.59,127.418,12.608,269.715,400.0,400.0,1565.0,1565.0,1565.0,N/A,N/A,N/A,N/A,N/A,N/A,N/A,N/A,N/A,LSB_UNSIGNED_INTEGER,"frozenset({'MIPS_NEAR.CK', 'NULL', 'N/A', 'S980928A.BSP'})","VICAR programs run: SSIMERGE,CATLABEL,BADLABELS.",REDR,3.229,2.955,3.561,SKEWED,"frozenset({264, 1, 800})",0.0
C0426267400R,172.18205762699,-172.18205762699,-2612173.9962591,334033.19179636,-2412959.355584672,185784.44017952163,275.81725053743185,12.252683807436224,268.50985096773917,6.8147658908369415,FIXED_LENGTH,1000,809,"['C0426267400R.IMG', 1]","['C0426267400R.IMG', 3]","['C0426267400R.IMG', 5]","['C0426267400R.IMG', 10]","['C0426267400R.IMG', 10]",GO-J/JSA-SSI-2-REDR-V1.0,GALILEO ORBITER,SOLID STATE IMAGING SYSTEM,1,04262674.00,1997-12-16 11:13:37.494000+00:00,12E0021,12,12ESDKLNCL01,EUROPA,000T04:38:33Z,-000T00:50:22Z,NOT APPLICABLE,GREEN,1,62.5,100K,8.667,ON,NORMAL,OFF,NOT INVERTED,N,INTEGER COSINE TRANSFORM,5.566,IM8,NOT POSSIBLE,N/A,WEST,18217.12,663411.7,-0.194,309.132,-697.927,5363.876,347.528,73.412,95.202,230.525,-19.534,91.774,UNK,UNK,213.228,174.225,16941.0,751206000.0,0.981,216.828,186.636,59.391,36.872,95.183,120.823,7.745,276.057,400.0,400.0,1565.0,1565.0,1565.0,N/A,N/A,N/A,N/A,N/A,N/A,N/A,N/A,N/A,LSB_UNSIGNED_INTEGER,"frozenset({'MIPS_NEAR.CK', 'NULL', 'N/A', 'S980928A.BSP'})","VICAR programs run: SSIMERGE,CATLABEL,BADLABELS.",REDR,2.879,1.807,2.692,SKEWED,"frozenset({264, 537, 800, 1})",0.0
C0426267401R,172.18205762699,-172.18205762699,-2612173.9962591,334033.19179636,-2412959.355584672,185784.44017952163,275.81725053743185,12.252683807436224,268.50985096773917,6.8147658908369415,FIXED_LENGTH,1000,807,"['C0426267401R.IMG', 1]","['C0426267401R.IMG', 3]","['C0426267401R.IMG', 5]","['C0426267401R.IMG', 8]","['C0426267401R.IMG', 8]",GO-J/JSA-SSI-2-REDR-V1.0,GALILEO ORBITER,SOLID STATE IMAGING SYSTEM,1,04262674.01,1997-12-16 11:13:37.494000+00:00,12E0021,12,12ESDKLNCL01,EUROPA,000T04:38:33Z,-000T00:50:22Z,NOT APPLICABLE,GREEN,1,62.5,100K,8.667,ON,NORMAL,OFF,NOT INVERTED,N,INTEGER COSINE TRANSFORM,5.519,IM8,NOT POSSIBLE,N/A,WEST,18217.12,663411.7,-0.194,309.132,-697.927,5363.876,347.528,73.412,95.202,230.525,-19.534,91.774,UNK,UNK,213.228,174.225,16941.0,751206000.0,0.981,216.828,186.636,59.391,36.872,95.183,120.823,7.745,276.057,400.0,400.0,1565.0,1565.0,1565.0,N/A,N/A,N/A,N/A,N/A,N/A,N/A,N/A,N/A,LSB_UNSIGNED_INTEGER,"frozenset({'MIPS_NEAR.CK', 'NULL', 'N/A', 'S980928A.BSP'})","VICAR programs run: SSIMERGE,CATLABEL,BADLABELS.",REDR,3.44,3.013,3.963,SKEWED,"frozenset({720, 1, 800})",1.0
C0426267413R,172.72676037527,-172.72676037527,-2446674.5607157,341135.35174116,-2216775.2426562156,191553.97725617615,269.74655964854946,12.513198397874064,261.313614297881,7.026398492780958,FIXED_LENGTH,1000,810,"['C0426267413R.IMG', 1]","['C0426267413R.IMG', 3]","['C0426267413R.IMG', 5]","['C0426267413R.IMG', 11]","['C0426267413R.IMG', 11]",GO-J/JSA-SSI-2-REDR-V1.0,GALILEO ORBITER,SOLID STATE IMAGING SYSTEM,1,04262674.13,1997-12-16 11:13:46.161000+00:00,12E0022,12,12ESDKLNCL01,EUROPA,000T04:38:42Z,-000T00:50:13Z,NOT APPLICABLE,GREEN,1,62.5,100K,8.667,ON,NORMAL,OFF,NOT INVERTED,N,INTEGER COSINE TRANSFORM,5.528,IM8,NOT POSSIBLE,N/A,WEST,18164.96,663446.1,-0.197,309.126,-689.595,6111.845,349.2,73.18,94.79,230.103,-19.412,91.859,UNK,UNK,234.616,175.144,16991.9,751206000.0,0.981,216.838,188.889,53.464,43.162,95.599,126.789,7.929,270.055,400.0,400.0,1565.0,1565.0,1565.0,N/A,N/A,N/A,N/A,N/A,N/A,N/A,N/A,N/A,LSB_UNSIGNED_INTEGER,"frozenset({'MIPS_NEAR.CK', 'NULL', 'N/A', 'S980928A.BSP'})","VICAR programs run: SSIMERGE,CATLABEL,BADLABELS.",REDR,2.528,1.871,2.721,SKEWED,"frozenset({264, 537, 800, 1})",0.0
C0426267426R,171.40889266116,-171.40889266116,-2595130.63489,465203.73468239,-2377784.158995649,313164.0468919411,275.1920823715127,17.064155320758427,267.219588286501,11.487181934792083,FIXED_LENGTH,1000,809,"['C0426267426R.IMG', 1]","['C0426267426R.IMG', 3]","['C0426267426R.IMG', 5]","['C0426267426R.IMG', 10]","['C0426267426R.IMG', 10]",GO-J/JSA-SSI-2-REDR-V1.0,GALILEO ORBITER,SOLID STATE IMAGING SYSTEM,1,04262674.26,1997-12-16 11:13:54.894000+00:00,12E0023,12,12ESDKLNCL01,EUROPA,000T04:38:50Z,-000T00:50:05Z,NOT APPLICABLE,VIOLET,3,195.83,40K,8.667,ON,NORMAL,OFF,NOT INVERTED,N,INTEGER COSINE TRANSFORM,5.47,IM8,NOT POSSIBLE,N/A,WEST,18112.41,663480.9,-0.199,309.119,-1423.209,5391.658,339.935,73.357,95.22,230.676,-19.124,91.879,UNK,UNK,213.497,177.54,16862.6,751206000.0,0.981,216.848,190.286,59.39,38.575,95.156,121.297,12.384,275.674,400.0,400.0,1565.0,1565.0,1565.0,N/A,N/A,N/A,N/A,N/A,N/A,N/A,N/A,N/A,LSB_UNSIGNED_INTEGER,"frozenset({'MIPS_NEAR.CK', 'NULL', 'N/A', 'S980928A.BSP'})","VICAR programs run: SSIMERGE,CATLABEL,BADLABELS.",REDR,4.558,3.803,5.055,SKEWED,"frozenset({200, 1, 800})",0.0
C0426267427R,171.40889266116,-171.40889266116,-2595130.63489,465203.73468239,-2377784.158995649,313164.0468919411,275.1920823715127,17.064155320758427,267.219588286501,11.487181934792083,FIXED_LENGTH,1000,809,"['C0426267427R.IMG', 1]","['C0426267427R.IMG', 3]","['C0426267427R.IMG', 5]","['C0426267427R.IMG', 10]","['C0426267427R.IMG', 10]",GO-J/JSA-SSI-2-REDR-V1.0,GALILEO ORBITER,SOLID STATE IMAGING SYSTEM,1,04262674.27,1997-12-16 11:13:54.894000+00:00,12E0023,12,12ESDKLNCL01,EUROPA,000T04:38:50Z,-000T00:50:05Z,NOT APPLICABLE,VIOLET,3,195.83,40K,8.667,ON,NORMAL,OFF,NOT INVERTED,N,INTEGER COSINE TRANSFORM,5.745,IM8,NOT POSSIBLE,N/A,WEST,18112.41,663480.9,-0.199,309.119,-1423.209,5391.658,339.935,73.357,95.22,230.676,-19.124,91.879,UNK,UNK,213.497,177.54,16862.6,751206000.0,0.981,216.848,190.286,59.39,38.575,95.156,121.297,12.384,275.674,400.0,400.0,1565.0,1565.0,1565.0,N/A,N/A,N/A,N/A,N/A,N/A,N/A,N/A,N/A,LSB_UNSIGNED_INTEGER,"frozenset({'MIPS_NEAR.CK', 'NULL', 'N/A', 'S980928A.BSP'})","VICAR programs run: SSIMERGE,CATLABEL,BADLABELS.",REDR,5.508,3.43,6.916,SKEWED,"frozenset({600, 201, 800, 1})",1.0
C0426267439R,171.98323855751,-171.98323855751,-2425995.5630922,473641.83898738,-2170772.4370728554,319544.85723985103,268.988032575318,17.373673735462074,259.6261836924473,11.721236674106194,FIXED_LENGTH,1000,809,"['C0426267439R.IMG', 1]","['C0426267439R.IMG', 3]","['C0426267439R.IMG', 5]","['C0426267439R.IMG', 10]","['C0426267439R.IMG', 10]",GO-J/JSA-SSI-2-REDR-V1.0,GALILEO ORBITER,SOLID STATE IMAGING SYSTEM,1,04262674.39,1997-12-16 11:14:03.561000+00:00,12E0024,12,12ESDKLNCL01,EUROPA,000T04:38:59Z,-000T00:49:56Z,NOT APPLICABLE,VIOLET,3,195.83,40K,8.667,ON,NORMAL,OFF,NOT INVERTED,N,INTEGER COSINE TRANSFORM,5.461,IM8,NOT POSSIBLE,N/A,WEST,18060.26,663515.3,-0.202,309.112,-1390.11,6145.851,342.696,72.849,94.801,230.259,-19.0,92.242,UNK,UNK,236.151,179.079,16915.0,751206000.0,0.981,216.859,194.014,53.516,44.735,95.57,127.498,12.614,269.589,400.0,400.0,1565.0,1565.0,1565.0,N/A,N/A,N/A,N/A,N/A,N/A,N/A,N/A,N/A,LSB_UNSIGNED_INTEGER,"frozenset({'MIPS_NEAR.CK', 'NULL', 'N/A', 'S980928A.BSP'})","VICAR programs run: SSIMERGE,CATLABEL,BADLABELS.",REDR,4.7,4.131,4.855,SKEWED,"frozenset({200, 1, 800})",0.0
C0426267452R,170.12839362829,-170.12839362829,-2601093.0101829,334982.8070541,-2402553.1748186853,188332.13174651397,275.4107884791671,12.287516679670365,268.1281414679048,6.908217859012187,FIXED_LENGTH,1000,807,"['C0426267452R.IMG', 1]","['C0426267452R.IMG', 3]","['C0426267452R.IMG', 5]","['C0426267452R.IMG', 8]","['C0426267452R.IMG', 8]",GO-J/JSA-SSI-2-REDR-V1.0,GALILEO ORBITER,SOLID STATE IMAGING SYSTEM,1,04262674.52,1997-12-16 11:14:12.227000+00:00,12E0025,12,12ESDKLNCL01,EUROPA,000T04:39:08Z,-000T00:49:47Z,NOT APPLICABLE,VIOLET,3,195.83,40K,8.667,ON,NORMAL,OFF,NOT INVERTED,N,INTEGER COSINE TRANSFORM,5.655,IM8,NOT POSSIBLE,N/A,WEST,18008.13,663549.8,-0.202,309.105,-711.634,5434.205,347.548,73.33,95.234,230.561,-19.52,91.868,UNK,UNK,210.737,172.155,16733.3,751206000.0,0.981,216.869,186.811,59.275,36.976,95.154,120.892,7.792,275.977,400.0,400.0,1565.0,1565.0,1565.0,N/A,N/A,N/A,N/A,N/A,N/A,N/A,N/A,N/A,LSB_UNSIGNED_INTEGER,"frozenset({'MIPS_NEAR.CK', 'NULL', 'N/A', 'S980928A.BSP'})","VICAR programs run: SSIMERGE,CATLABEL,BADLABELS.",REDR,6.242,3.921,7.601,SKEWED,"frozenset({800, 1})",0.0
C0426267478R,169.36338861607,-169.36338861607,-2582791.6763951,464225.04819665,-2366175.9023551466,313660.9957169638,274.7394765806389,17.028256085739613,266.7937853972529,11.505410532940472,FIXED_LENGTH,1000,809,"['C0426267478R.IMG', 1]","['C0426267478R.IMG', 3]","['C0426267478R.IMG', 5]","['C0426267478R.IMG', 10]","['C0426267478R.IMG', 10]",GO-J/JSA-SSI-2-REDR-V1.0,GALILEO ORBITER,SOLID STATE IMAGING SYSTEM,1,04262674.78,1997-12-16 11:14:29.594000+00:00,12E0027,12,12ESDKLNCL01,EUROPA,000T04:39:25Z,-000T00:49:30Z,NOT APPLICABLE,IR-7560,4,262.5,100K,8.667,ON,NORMAL,OFF,NOT INVERTED,N,INTEGER COSINE TRANSFORM,3.633,IM8,NOT POSSIBLE,N/A,WEST,17903.62,663618.9,-0.21,309.091,-1407.548,5481.226,340.418,72.914,95.25,230.71,-19.106,92.334,UNK,UNK,211.924,175.064,16655.8,751206000.0,0.981,216.889,190.834,59.229,38.717,95.131,121.391,12.392,275.549,400.0,400.0,1565.0,1565.0,1565.0,N/A,N/A,N/A,N/A,N/A,N/A,N/A,N/A,N/A,LSB_UNSIGNED_INTEGER,"frozenset({'MIPS_NEAR.CK', 'NULL', 'N/A', 'S980928A.BSP'})","VICAR programs run: SSIMERGE,CATLABEL,BADLABELS.",REDR,8.271,6.983,9.911,SKEWED,"frozenset({200, 1, 800})",0.0
C0426267500R,169.93941887402,-169.93941887402,-2414839.1421998,472431.58446978,-2160099.953307644,319995.925739784,268.5788034897827,17.32928034494023,259.23470592249305,11.737782334360647,FIXED_LENGTH,1000,809,"['C0426267500R.IMG', 1]","['C0426267500R.IMG', 3]","['C0426267500R.IMG', 5]","['C0426267500R.IMG', 10]","['C0426267500R.IMG', 10]",GO-J/JSA-SSI-2-REDR-V1.0,GALILEO ORBITER,SOLID STATE IMAGING SYSTEM,1,04262675.00,1997-12-16 11:14:38.261000+00:00,12E0028,12,12ESDKLNCL01,EUROPA,000T04:39:34Z,-000T00:49:21Z,NOT APPLICABLE,IR-7560,4,262.5,100K,8.667,ON,NORMAL,OFF,NOT INVERTED,N,INTEGER COSINE TRANSFORM,4.253,IM8,NOT POSSIBLE,N/A,WEST,17851.47,663653.4,-0.212,309.084,-1441.877,6217.009,342.43,73.142,94.837,230.289,-18.982,91.959,UNK,UNK,234.485,177.118,16707.9,751206000.0,0.981,216.899,193.832,53.381,44.853,95.547,127.417,12.614,269.49,400.0,400.0,1565.0,1565.0,1565.0,N/A,N/A,N/A,N/A,N/A,N/A,N/A,N/A,N/A,LSB_UNSIGNED_INTEGER,"frozenset({'MIPS_NEAR.CK', 'NULL', 'N/A', 'S980928A.BSP'})","VICAR programs run: SSIMERGE,CATLABEL,BADLABELS.",REDR,5.98,5.048,6.5,SKEWED,"frozenset({200, 1, 800})",0.0
C0426267513R,168.09608859897,-168.09608859897,-2586830.7074495,335015.50457775,-2388477.3229027153,190116.67620543786,274.8876324274631,12.288716058739299,267.61182462550005,6.973676800017178,FIXED_LENGTH,1000,807,"['C0426267513R.IMG', 1]","['C0426267513R.IMG', 3]","['C0426267513R.IMG', 5]","['C0426267513R.IMG', 8]","['C0426267513R.IMG', 8]",GO-J/JSA-SSI-2-REDR-V1.0,GALILEO ORBITER,SOLID STATE IMAGING SYSTEM,1,04262675.13,1997-12-16 11:14:46.927000+00:00,12E0029,12,12ESDKLNCL01,EUROPA,000T04:39:42Z,-000T00:49:13Z,NOT APPLICABLE,IR-7560,4,262.5,100K,8.667,ON,NORMAL,OFF,NOT INVERTED,N,INTEGER COSINE TRANSFORM,5.053,IM8,NOT POSSIBLE,N/A,WEST,17799.34,663688.0,-0.213,309.076,-734.809,5501.888,347.46,73.341,95.264,230.599,-19.503,91.871,UNK,UNK,208.234,170.012,16525.5,751206000.0,0.981,216.91,186.894,59.177,37.062,95.124,120.994,7.843,275.916,400.0,400.0,1565.0,1565.0,1565.0,N/A,N/A,N/A,N/A,N/A,N/A,N/A,N/A,N/A,LSB_UNSIGNED_INTEGER,"frozenset({'MIPS_NEAR.CK', 'NULL', 'N/A', 'S980928A.BSP'})","VICAR programs run: SSIMERGE,CATLABEL,BADLABELS.",REDR,4.505,3.827,5.331,SKEWED,"frozenset({800, 1})",0.0
C0426267539R,167.32380703007,-167.32380703007,-2569424.3807538,463486.94547329,-2353074.6982639194,314736.0810235578,274.24915031703443,17.001181712566986,266.3132196475943,11.544845776656455,FIXED_LENGTH,1000,809,"['C0426267539R.IMG', 1]","['C0426267539R.IMG', 3]","['C0426267539R.IMG', 5]","['C0426267539R.IMG', 10]","['C0426267539R.IMG', 10]",GO-J/JSA-SSI-2-REDR-V1.0,GALILEO ORBITER,SOLID STATE IMAGING SYSTEM,1,04262675.39,1997-12-16 11:15:04.327000+00:00,12E0031,12,12ESDKLNCL01,EUROPA,000T04:40:00Z,-000T00:48:55Z,NOT APPLICABLE,IR-9680,5,395.83,40K,8.667,ON,NORMAL,OFF,NOT INVERTED,N,INTEGER COSINE TRANSFORM,5.091,IM8,NOT POSSIBLE,N/A,WEST,17694.65,663757.4,-0.218,309.061,-1477.119,5542.077,339.945,73.352,95.281,230.746,-19.085,91.909,UNK,UNK,209.384,173.253,16448.8,751206000.0,0.981,216.93,190.526,59.086,38.86,95.103,121.494,12.441,275.436,400.0,400.0,1565.0,1565.0,1565.0,N/A,N/A,N/A,N/A,N/A,N/A,N/A,N/A,N/A,LSB_UNSIGNED_INTEGER,"frozenset({'CKE12ALC.PLT', 'NULL', 'N/A', 'S980928A.BSP'})","VICAR programs run: SSIMERGE,CATLABEL,BADLABELS.",REDR,2.428,1.838,2.516,SKEWED,"frozenset({200, 601, 800, 1})",0.0
C0426267540R,167.32380703007,-167.32380703007,-2569424.3807538,463486.94547329,-2353074.6982639194,314736.0810235578,274.24915031703443,17.001181712566986,266.3132196475943,11.544845776656455,FIXED_LENGTH,1000,808,"['C0426267540R.IMG', 1]","['C0426267540R.IMG', 3]","['C0426267540R.IMG', 5]","['C0426267540R.IMG', 9]","['C0426267540R.IMG', 9]",GO-J/JSA-SSI-2-REDR-V1.0,GALILEO ORBITER,SOLID STATE IMAGING SYSTEM,1,04262675.40,1997-12-16 11:15:04.327000+00:00,12E0031,12,12ESDKLNCL01,EUROPA,000T04:40:00Z,-000T00:48:55Z,NOT APPLICABLE,IR-9680,5,395.83,40K,8.667,ON,NORMAL,OFF,NOT INVERTED,N,INTEGER COSINE TRANSFORM,4.937,IM8,NOT POSSIBLE,N/A,WEST,17694.65,663757.4,-0.218,309.061,-1477.119,5542.077,339.945,73.352,95.281,230.746,-19.085,91.909,UNK,UNK,209.384,173.253,16448.8,751206000.0,0.981,216.93,190.526,59.086,38.86,95.103,121.494,12.441,275.436,400.0,400.0,1565.0,1565.0,1565.0,N/A,N/A,N/A,N/A,N/A,N/A,N/A,N/A,N/A,LSB_UNSIGNED_INTEGER,"frozenset({'CKE12ALC.PLT', 'NULL', 'N/A', 'S980928A.BSP'})","VICAR programs run: SSIMERGE,CATLABEL,BADLABELS.",REDR,5.813,4.906,7.277,SKEWED,"frozenset({600, 1, 800})",1.0
C0426267552R,167.91473854203,-167.91473854203,-2401012.8464125,471840.4153031,-2145950.3585671564,321052.9800923571,268.0716406249224,17.307595646970306,258.715684116827,11.776556183988284,FIXED_LENGTH,1000,809,"['C0426267552R.IMG', 1]","['C0426267552R.IMG', 3]","['C0426267552R.IMG', 5]","['C0426267552R.IMG', 10]","['C0426267552R.IMG', 10]",GO-J/JSA-SSI-2-REDR-V1.0,GALILEO ORBITER,SOLID STATE IMAGING SYSTEM,1,04262675.52,1997-12-16 11:15:12.994000+00:00,12E0032,12,12ESDKLNCL01,EUROPA,000T04:40:08Z,-000T00:48:47Z,NOT APPLICABLE,IR-9680,5,395.83,40K,8.667,ON,NORMAL,OFF,NOT INVERTED,N,INTEGER COSINE TRANSFORM,5.033,IM8,NOT POSSIBLE,N/A,WEST,17642.51,663792.0,-0.221,309.053,-1472.797,6285.191,342.348,73.213,94.868,230.328,-18.966,91.901,UNK,UNK,231.222,175.008,16498.8,751206000.0,0.981,216.94,193.813,53.344,44.869,95.516,127.448,12.617,269.492,400.0,400.0,1565.0,1565.0,1565.0,N/A,N/A,N/A,N/A,N/A,N/A,N/A,N/A,N/A,LSB_UNSIGNED_INTEGER,"frozenset({'CKE12ALC.PLT', 'NULL', 'N/A', 'S980928A.BSP'})","VICAR programs run: SSIMERGE,CATLABEL,BADLABELS.",REDR,2.717,1.805,2.621,SKEWED,"frozenset({200, 601, 800, 1})",0.0
C0426267553R,167.91473854203,-167.91473854203,-2401012.8464125,471840.4153031,-2145950.3585671564,321052.9800923571,268.0716406249224,17.307595646970306,258.715684116827,11.776556183988284,FIXED_LENGTH,1000,809,"['C0426267553R.IMG', 1]","['C0426267553R.IMG', 3]","['C0426267553R.IMG', 5]","['C0426267553R.IMG', 10]","['C0426267553R.IMG', 10]",GO-J/JSA-SSI-2-REDR-V1.0,GALILEO ORBITER,SOLID STATE IMAGING SYSTEM,1,04262675.53,1997-12-16 11:15:12.994000+00:00,12E0032,12,12ESDKLNCL01,EUROPA,000T04:40:08Z,-000T00:48:47Z,NOT APPLICABLE,IR-9680,5,395.83,40K,8.667,ON,NORMAL,OFF,NOT INVERTED,N,INTEGER COSINE TRANSFORM,4.202,IM8,NOT POSSIBLE,N/A,WEST,17642.51,663792.0,-0.221,309.053,-1472.797,6285.191,342.348,73.213,94.868,230.328,-18.966,91.901,UNK,UNK,231.222,175.008,16498.8,751206000.0,0.981,216.94,193.813,53.344,44.869,95.516,127.448,12.617,269.492,400.0,400.0,1565.0,1565.0,1565.0,N/A,N/A,N/A,N/A,N/A,N/A,N/A,N/A,N/A,LSB_UNSIGNED_INTEGER,"frozenset({'CKE12ALC.PLT', 'NULL', 'N/A', 'S980928A.BSP'})","VICAR programs run: SSIMERGE,CATLABEL,BADLABELS.",REDR,9.871,7.356,13.41,SKEWED,"frozenset({200, 1, 800})",1.0
C0426267565R,166.04461187491,-166.04461187491,-2575517.9747917,336406.38365857,-2377924.8866605572,192943.83899864776,274.4726696643057,12.339734945515241,267.2247503231591,7.077380062531483,FIXED_LENGTH,1000,808,"['C0426267565R.IMG', 1]","['C0426267565R.IMG', 3]","['C0426267565R.IMG', 5]","['C0426267565R.IMG', 9]","['C0426267565R.IMG', 9]",GO-J/JSA-SSI-2-REDR-V1.0,GALILEO ORBITER,SOLID STATE IMAGING SYSTEM,1,04262675.65,1997-12-16 11:15:21.661000+00:00,12E0033,12,12ESDKLNCL01,EUROPA,000T04:40:17Z,-000T00:48:38Z,NOT APPLICABLE,IR-9680,5,395.83,40K,8.667,ON,NORMAL,OFF,NOT INVERTED,N,INTEGER COSINE TRANSFORM,4.683,IM8,NOT POSSIBLE,N/A,WEST,17590.37,663826.6,-0.224,309.046,-759.848,5563.892,347.341,73.352,95.299,230.643,-19.486,91.875,UNK,UNK,205.73,167.969,16316.7,751206000.0,0.981,216.95,186.968,59.133,37.092,95.088,121.042,7.901,275.909,400.0,400.0,1565.0,1565.0,1565.0,N/A,N/A,N/A,N/A,N/A,N/A,N/A,N/A,N/A,LSB_UNSIGNED_INTEGER,"frozenset({'CKE12ALC.PLT', 'NULL', 'N/A', 'S980928A.BSP'})","VICAR programs run: SSIMERGE,CATLABEL,BADLABELS.",REDR,8.649,5.214,10.931,SKEWED,"frozenset({800, 1})",0.0
C0426268700R,125.13468302905,-125.13468302905,-2580902.8374742,-633932.30422517,-2379060.5937483422,-749932.1553930994,274.67019201063397,-23.253294192769253,267.2664092366631,-27.508289004592584,FIXED_LENGTH,1000,808,"['C0426268700R.IMG', 1]","['C0426268700R.IMG', 3]","['C0426268700R.IMG', 5]","['C0426268700R.IMG', 9]","['C0426268700R.IMG', 9]",GO-J/JSA-SSI-2-REDR-V1.0,GALILEO ORBITER,SOLID STATE IMAGING SYSTEM,1,04262687.00,1997-12-16 11:26:46.160000+00:00,12E0035,12,12ESPWYCOL01,EUROPA,000T04:51:42Z,-000T00:37:13Z,NOT APPLICABLE,GREEN,1,62.5,100K,8.667,ON,NORMAL,OFF,NOT INVERTED,N,INTEGER COSINE TRANSFORM,6.006,IM8,NOT POSSIBLE,N/A,WEST,13476.8,666609.1,-0.501,308.006,5827.579,7014.201,39.372,73.692,96.277,230.609,-23.145,91.51,UNK,UNK,165.809,153.968,12382.6,751212000.0,0.981,217.753,160.558,58.028,48.181,94.122,126.43,-25.296,271.323,400.0,400.0,1565.0,1565.0,1565.0,N/A,N/A,N/A,N/A,N/A,N/A,N/A,N/A,N/A,LSB_UNSIGNED_INTEGER,"frozenset({'CKE12ALC.PLT', 'NULL', 'N/A', 'S980928A.BSP'})","VICAR programs run: SSIMERGE,CATLABEL,BADLABELS.",REDR,2.843,2.663,3.191,SKEWED,"frozenset({536, 1, 800})",0.0
C0426268701R,125.13468302905,-125.13468302905,-2580902.8374742,-633932.30422517,-2379060.5937483422,-749932.1553930994,274.67019201063397,-23.253294192769253,267.2664092366631,-27.508289004592584,FIXED_LENGTH,1000,810,"['C0426268701R.IMG', 1]","['C0426268701R.IMG', 3]","['C0426268701R.IMG', 5]","['C0426268701R.IMG', 11]","['C0426268701R.IMG', 11]",GO-J/JSA-SSI-2-REDR-V1.0,GALILEO ORBITER,SOLID STATE IMAGING SYSTEM,1,04262687.01,1997-12-16 11:26:46.160000+00:00,12E0035,12,12ESPWYCOL01,EUROPA,000T04:51:42Z,-000T00:37:13Z,NOT APPLICABLE,GREEN,1,62.5,100K,8.667,ON,NORMAL,OFF,NOT INVERTED,N,INTEGER COSINE TRANSFORM,6.116,IM8,NOT POSSIBLE,N/A,WEST,13476.8,666609.1,-0.501,308.006,5827.579,7014.201,39.372,73.692,96.277,230.609,-23.145,91.51,UNK,UNK,165.809,153.968,12382.6,751212000.0,0.981,217.753,160.558,58.028,48.181,94.122,126.43,-25.296,271.323,400.0,400.0,1565.0,1565.0,1565.0,N/A,N/A,N/A,N/A,N/A,N/A,N/A,N/A,N/A,LSB_UNSIGNED_INTEGER,"frozenset({'CKE12ALC.PLT', 'NULL', 'N/A', 'S980928A.BSP'})","VICAR programs run: SSIMERGE,CATLABEL,BADLABELS.",REDR,3.178,2.817,3.044,SKEWED,"frozenset({136, 537, 800, 1})",1.0
C0426268713R,124.60615935065,-124.60615935065,-2580219.7416739,-634494.56341351,-2379105.4004819505,-750004.4731315626,274.6451353484315,-23.273918442759218,267.26805279410837,-27.510941694219902,FIXED_LENGTH,1000,808,"['C0426268713R.IMG', 1]","['C0426268713R.IMG', 3]","['C0426268713R.IMG', 5]","['C0426268713R.IMG', 9]","['C0426268713R.IMG', 9]",GO-J/JSA-SSI-2-REDR-V1.0,GALILEO ORBITER,SOLID STATE IMAGING SYSTEM,1,04262687.13,1997-12-16 11:26:54.894000+00:00,12E0036,12,12ESPWYCOL01,EUROPA,000T04:51:50Z,-000T00:37:05Z,NOT APPLICABLE,VIOLET,3,195.83,100K,8.667,ON,NORMAL,OFF,NOT INVERTED,N,INTEGER COSINE TRANSFORM,5.262,IM8,NOT POSSIBLE,N/A,WEST,13424.39,666645.3,-0.506,307.985,5849.678,7044.203,39.359,73.698,96.29,230.621,-23.156,91.508,UNK,UNK,165.809,153.484,12330.5,751212000.0,0.981,217.764,160.523,57.993,48.208,94.108,126.471,-25.296,271.293,400.0,400.0,1565.0,1565.0,1565.0,N/A,N/A,N/A,N/A,N/A,N/A,N/A,N/A,N/A,LSB_UNSIGNED_INTEGER,"frozenset({'CKE12ALC.PLT', 'NULL', 'N/A', 'S980928A.BSP'})","VICAR programs run: SSIMERGE,CATLABEL,BADLABELS.",REDR,5.957,4.611,5.642,SKEWED,"frozenset({536, 137, 800, 1})",0.0
C0426268726R,124.07709497853,-124.07709497853,-2579438.7275087,-635274.72629007,-2379054.219118374,-750418.2704301458,274.61648693908074,-23.302535625960033,267.2661754086265,-27.526120208165313,FIXED_LENGTH,1000,808,"['C0426268726R.IMG', 1]","['C0426268726R.IMG', 3]","['C0426268726R.IMG', 5]","['C0426268726R.IMG', 9]","['C0426268726R.IMG', 9]",GO-J/JSA-SSI-2-REDR-V1.0,GALILEO ORBITER,SOLID STATE IMAGING SYSTEM,1,04262687.26,1997-12-16 11:27:03.660000+00:00,12E0037,12,12ESPWYCOL01,EUROPA,000T04:51:59Z,-000T00:36:56Z,NOT APPLICABLE,IR-9680,5,395.83,40K,8.667,ON,NORMAL,OFF,NOT INVERTED,N,INTEGER COSINE TRANSFORM,5.05,IM8,NOT POSSIBLE,N/A,WEST,13371.79,666681.5,-0.511,307.964,5870.063,7067.102,39.367,73.704,96.308,230.637,-23.167,91.508,UNK,UNK,164.319,152.905,12277.3,751212000.0,0.981,217.774,160.537,58.0,48.182,94.091,126.458,-25.284,271.315,400.0,400.0,1565.0,1565.0,1565.0,N/A,N/A,N/A,N/A,N/A,N/A,N/A,N/A,N/A,LSB_UNSIGNED_INTEGER,"frozenset({'CKE12ALC.PLT', 'NULL', 'N/A', 'S980928A.BSP'})","VICAR programs run: SSIMERGE,CATLABEL,BADLABELS.",REDR,3.577,2.972,4.114,SKEWED,"frozenset({536, 137, 800, 1})",0.0
C0426271900R,9.7032310571039,-9.7032310571039,-2580234.6865498,248363.90213763,-2568484.073739647,233789.64908985994,274.6456835419747,9.110245439107814,274.21465888082605,8.575646726436302,FIXED_LENGTH,1000,808,"['C0426271900R.IMG', 1]","['C0426271900R.IMG', 3]","['C0426271900R.IMG', 5]","['C0426271900R.IMG', 9]","['C0426271900R.IMG', 9]",GO-J/JSA-SSI-2-REDR-V1.0,GALILEO ORBITER,SOLID STATE IMAGING SYSTEM,1,04262719.00,1997-12-16 11:59:07.464000+00:00,12E0038,12,12ESCHAOS_01,EUROPA,000T05:24:03Z,-000T00:04:52Z,NOT APPLICABLE,CLEAR,0,6.25,100K,8.667,ON,NORMAL,OFF,NOT INVERTED,N,INTEGER COSINE TRANSFORM,5.009,IM8,NOT POSSIBLE,N/A,WEST,2352.706,675056.5,-6.205,268.068,-46392.754,19268.342,291.961,51.983,138.959,288.334,7.774,138.109,UNK,UNK,9.8809,12.4725,954.378,751227000.0,0.981,220.031,222.748,54.472,43.267,47.078,125.81,8.734,274.202,400.0,400.0,1565.0,1565.0,1565.0,N/A,N/A,N/A,N/A,N/A,N/A,N/A,N/A,N/A,LSB_UNSIGNED_INTEGER,"frozenset({'MIPS_NEAR.CK', 'NULL', 'N/A', 'S980928A.BSP'})","VICAR programs run: SSIMERGE,CATLABEL,BADLABELS.",REDR,3.091,2.858,3.483,SKEWED,"frozenset({400, 1, 800})",0.0
C0426271901R,9.7032310571039,-9.7032310571039,-2580234.6865498,248363.90213763,-2568484.073739647,233789.64908985994,274.6456835419747,9.110245439107814,274.21465888082605,8.575646726436302,FIXED_LENGTH,1000,809,"['C0426271901R.IMG', 1]","['C0426271901R.IMG', 3]","['C0426271901R.IMG', 5]","['C0426271901R.IMG', 10]","['C0426271901R.IMG', 10]",GO-J/JSA-SSI-2-REDR-V1.0,GALILEO ORBITER,SOLID STATE IMAGING SYSTEM,1,04262719.01,1997-12-16 11:59:07.464000+00:00,12E0038,12,12ESCHAOS_01,EUROPA,000T05:24:03Z,-000T00:04:52Z,NOT APPLICABLE,CLEAR,0,6.25,100K,8.667,ON,NORMAL,OFF,NOT INVERTED,N,INTEGER COSINE TRANSFORM,5.102,IM8,NOT POSSIBLE,N/A,WEST,2352.706,675056.5,-6.205,268.068,-46392.754,19268.342,291.961,51.983,138.957,288.334,7.774,138.109,UNK,UNK,9.8809,12.4725,954.378,751227000.0,0.981,220.031,222.748,54.472,43.267,47.078,125.81,8.734,274.202,400.0,400.0,1565.0,1565.0,1565.0,N/A,N/A,N/A,N/A,N/A,N/A,N/A,N/A,N/A,LSB_UNSIGNED_INTEGER,"frozenset({'MIPS_NEAR.CK', 'NULL', 'N/A', 'S980928A.BSP'})","VICAR programs run: SSIMERGE,CATLABEL,BADLABELS.",REDR,3.578,2.459,3.812,SKEWED,"frozenset({400, 401, 800, 1})",1.0
C0426271913R,9.4720624890283,-9.4720624890283,-2574724.4419551,249276.26852376,-2563168.5257184855,234660.87610318934,274.4435620571084,9.14371198411092,274.0196790681425,8.607604236590952,FIXED_LENGTH,1000,808,"['C0426271913R.IMG', 1]","['C0426271913R.IMG', 3]","['C0426271913R.IMG', 5]","['C0426271913R.IMG', 9]","['C0426271913R.IMG', 9]",GO-J/JSA-SSI-2-REDR-V1.0,GALILEO ORBITER,SOLID STATE IMAGING SYSTEM,1,04262719.13,1997-12-16 11:59:16.131000+00:00,12E0039,12,12ESCHAOS_01,EUROPA,000T05:24:12Z,-000T00:04:43Z,NOT APPLICABLE,CLEAR,0,6.25,100K,8.667,ON,NORMAL,OFF,NOT INVERTED,N,INTEGER COSINE TRANSFORM,4.922,IM8,NOT POSSIBLE,N/A,WEST,2317.853,675096.2,-6.312,267.062,-48968.332,21757.781,293.394,48.595,139.895,290.717,9.161,142.724,UNK,UNK,9.82585,12.6397,932.005,751227000.0,0.981,220.041,225.528,54.265,45.225,45.612,125.999,8.763,273.999,400.0,400.0,1565.0,1565.0,1565.0,N/A,N/A,N/A,N/A,N/A,N/A,N/A,N/A,N/A,LSB_UNSIGNED_INTEGER,"frozenset({'MIPS_NEAR.CK', 'NULL', 'N/A', 'S980928A.BSP'})","VICAR programs run: SSIMERGE,CATLABEL,BADLABELS.",REDR,3.371,2.951,3.661,SKEWED,"frozenset({400, 1, 800})",0.0
C0426271914R,9.4720624890283,-9.4720624890283,-2574724.4419551,249276.26852376,-2563168.5257184855,234660.87610318934,274.4435620571084,9.14371198411092,274.0196790681425,8.607604236590952,FIXED_LENGTH,1000,809,"['C0426271914R.IMG', 1]","['C0426271914R.IMG', 3]","['C0426271914R.IMG', 5]","['C0426271914R.IMG', 10]","['C0426271914R.IMG', 10]",GO-J/JSA-SSI-2-REDR-V1.0,GALILEO ORBITER,SOLID STATE IMAGING SYSTEM,1,04262719.14,1997-12-16 11:59:16.131000+00:00,12E0039,12,12ESCHAOS_01,EUROPA,000T05:24:12Z,-000T00:04:43Z,NOT APPLICABLE,CLEAR,0,6.25,100K,8.667,ON,NORMAL,OFF,NOT INVERTED,N,INTEGER COSINE TRANSFORM,5.086,IM8,NOT POSSIBLE,N/A,WEST,2317.853,675096.2,-6.312,267.062,-48968.332,21757.781,293.394,48.595,139.886,290.717,9.161,142.724,UNK,UNK,9.82585,12.6397,932.005,751227000.0,0.981,220.041,225.528,54.265,45.225,45.612,125.999,8.763,273.999,400.0,400.0,1565.0,1565.0,1565.0,N/A,N/A,N/A,N/A,N/A,N/A,N/A,N/A,N/A,LSB_UNSIGNED_INTEGER,"frozenset({'MIPS_NEAR.CK', 'NULL', 'N/A', 'S980928A.BSP'})","VICAR programs run: SSIMERGE,CATLABEL,BADLABELS.",REDR,3.275,2.36,3.91,SKEWED,"frozenset({400, 401, 800, 1})",1.0
C0426271926R,9.2339773560168,-9.2339773560168,-2566186.9450786,247202.80779793,-2554912.2587269037,232631.59153013548,274.13039781982957,9.067655294881604,273.7168306346273,8.53316797444819,FIXED_LENGTH,1000,808,"['C0426271926R.IMG', 1]","['C0426271926R.IMG', 3]","['C0426271926R.IMG', 5]","['C0426271926R.IMG', 9]","['C0426271926R.IMG', 9]",GO-J/JSA-SSI-2-REDR-V1.0,GALILEO ORBITER,SOLID STATE IMAGING SYSTEM,1,04262719.26,1997-12-16 11:59:24.798000+00:00,12E0040,12,12ESCHAOS_01,EUROPA,000T05:24:20Z,-000T00:04:35Z,NOT APPLICABLE,CLEAR,0,6.25,100K,8.667,ON,NORMAL,OFF,NOT INVERTED,N,INTEGER COSINE TRANSFORM,4.954,IM8,NOT POSSIBLE,N/A,WEST,2283.705,675135.9,-6.419,266.026,-51182.324,24786.627,295.303,44.909,140.758,293.093,10.466,147.626,UNK,UNK,10.2343,12.8377,908.937,751227000.0,0.981,220.051,228.553,53.939,47.009,44.226,126.318,8.686,273.685,400.0,400.0,1565.0,1565.0,1565.0,N/A,N/A,N/A,N/A,N/A,N/A,N/A,N/A,N/A,LSB_UNSIGNED_INTEGER,"frozenset({'MIPS_NEAR.CK', 'NULL', 'N/A', 'S980928A.BSP'})","VICAR programs run: SSIMERGE,CATLABEL,BADLABELS.",REDR,3.326,2.927,3.948,SKEWED,"frozenset({400, 1, 800})",0.0
C0426271927R,9.2339773560168,-9.2339773560168,-2566186.9450786,247202.80779793,-2554912.2587269037,232631.59153013548,274.13039781982957,9.067655294881604,273.7168306346273,8.53316797444819,FIXED_LENGTH,1000,809,"['C0426271927R.IMG', 1]","['C0426271927R.IMG', 3]","['C0426271927R.IMG', 5]","['C0426271927R.IMG', 10]","['C0426271927R.IMG', 10]",GO-J/JSA-SSI-2-REDR-V1.0,GALILEO ORBITER,SOLID STATE IMAGING SYSTEM,1,04262719.27,1997-12-16 11:59:24.798000+00:00,12E0040,12,12ESCHAOS_01,EUROPA,000T05:24:20Z,-000T00:04:35Z,NOT APPLICABLE,CLEAR,0,6.25,100K,8.667,ON,NORMAL,OFF,NOT INVERTED,N,INTEGER COSINE TRANSFORM,5.051,IM8,NOT POSSIBLE,N/A,WEST,2283.705,675135.9,-6.419,266.026,-51182.324,24786.627,295.303,44.909,140.76,293.093,10.466,147.626,UNK,UNK,10.2343,12.8377,908.937,751227000.0,0.981,220.051,228.553,53.939,47.009,44.226,126.318,8.686,273.685,400.0,400.0,1565.0,1565.0,1565.0,N/A,N/A,N/A,N/A,N/A,N/A,N/A,N/A,N/A,LSB_UNSIGNED_INTEGER,"frozenset({'MIPS_NEAR.CK', 'NULL', 'N/A', 'S980928A.BSP'})","VICAR programs run: SSIMERGE,CATLABEL,BADLABELS.",REDR,3.737,2.453,4.046,SKEWED,"frozenset({400, 401, 800, 1})",1.0
C0426271939R,9.0320051430127,-9.0320051430127,-2558315.4567583,247196.94875911,-2547341.5705095395,232574.13243257243,273.8416634669232,9.067440379262917,273.43912994137224,8.531060315174827,FIXED_LENGTH,1000,809,"['C0426271939R.IMG', 1]","['C0426271939R.IMG', 3]","['C0426271939R.IMG', 5]","['C0426271939R.IMG', 10]","['C0426271939R.IMG', 10]",GO-J/JSA-SSI-2-REDR-V1.0,GALILEO ORBITER,SOLID STATE IMAGING SYSTEM,1,04262719.39,1997-12-16 11:59:33.464000+00:00,12E0041,12,12ESCHAOS_01,EUROPA,000T05:24:29Z,-000T00:04:26Z,NOT APPLICABLE,CLEAR,0,6.25,100K,8.667,ON,NORMAL,OFF,NOT INVERTED,N,INTEGER COSINE TRANSFORM,4.971,IM8,NOT POSSIBLE,N/A,WEST,2250.298,675175.7,-6.527,264.958,-53675.547,28287.713,297.281,41.165,141.412,295.616,11.905,152.671,UNK,UNK,10.2906,13.1537,889.501,751227000.0,0.981,220.061,231.456,53.644,49.085,42.919,126.616,8.681,273.395,400.0,400.0,1565.0,1565.0,1565.0,N/A,N/A,N/A,N/A,N/A,N/A,N/A,N/A,N/A,LSB_UNSIGNED_INTEGER,"frozenset({'MIPS_NEAR.CK', 'NULL', 'N/A', 'S980928A.BSP'})","VICAR programs run: SSIMERGE,CATLABEL,BADLABELS.",REDR,3.265,3.014,3.549,SKEWED,"frozenset({400, 1, 800})",0.0
C0426271940R,9.0320051430127,-9.0320051430127,-2558315.4567583,247196.94875911,-2547341.5705095395,232574.13243257243,273.8416634669232,9.067440379262917,273.43912994137224,8.531060315174827,FIXED_LENGTH,1000,809,"['C0426271940R.IMG', 1]","['C0426271940R.IMG', 3]","['C0426271940R.IMG', 5]","['C0426271940R.IMG', 10]","['C0426271940R.IMG', 10]",GO-J/JSA-SSI-2-REDR-V1.0,GALILEO ORBITER,SOLID STATE IMAGING SYSTEM,1,04262719.40,1997-12-16 11:59:33.464000+00:00,12E0041,12,12ESCHAOS_01,EUROPA,000T05:24:29Z,-000T00:04:26Z,NOT APPLICABLE,CLEAR,0,6.25,100K,8.667,ON,NORMAL,OFF,NOT INVERTED,N,INTEGER COSINE TRANSFORM,4.977,IM8,NOT POSSIBLE,N/A,WEST,2250.298,675175.7,-6.527,264.958,-53675.547,28287.713,297.281,41.165,141.426,295.616,11.905,152.671,UNK,UNK,10.2906,13.1537,889.501,751227000.0,0.981,220.061,231.456,53.644,49.085,42.919,126.616,8.681,273.395,400.0,400.0,1565.0,1565.0,1565.0,N/A,N/A,N/A,N/A,N/A,N/A,N/A,N/A,N/A,LSB_UNSIGNED_INTEGER,"frozenset({'MIPS_NEAR.CK', 'NULL', 'N/A', 'S980928A.BSP'})","VICAR programs run: SSIMERGE,CATLABEL,BADLABELS.",REDR,4.326,3.149,4.572,SKEWED,"frozenset({400, 401, 800, 1})",1.0
C0426271952R,8.8552791949362,-8.8552791949362,-2550045.8944866,247814.98827029,-2539454.9805694562,233079.80368991615,273.53832734874845,9.09011070932882,273.14984164539453,8.549608861184346,FIXED_LENGTH,1000,808,"['C0426271952R.IMG', 1]","['C0426271952R.IMG', 3]","['C0426271952R.IMG', 5]","['C0426271952R.IMG', 9]","['C0426271952R.IMG', 9]",GO-J/JSA-SSI-2-REDR-V1.0,GALILEO ORBITER,SOLID STATE IMAGING SYSTEM,1,04262719.52,1997-12-16 11:59:42.131000+00:00,12E0042,12,12ESCHAOS_01,EUROPA,000T05:24:38Z,-000T00:04:17Z,NOT APPLICABLE,CLEAR,0,6.25,100K,8.667,ON,NORMAL,OFF,NOT INVERTED,N,INTEGER COSINE TRANSFORM,5.014,IM8,NOT POSSIBLE,N/A,WEST,2217.659,675215.4,-6.637,263.857,-55969.621,32763.104,299.861,36.873,141.893,298.24,13.408,158.313,UNK,UNK,10.5566,13.4934,872.592,751227000.0,0.981,220.071,234.738,53.337,51.307,41.732,126.933,8.697,273.092,400.0,400.0,1565.0,1565.0,1565.0,N/A,N/A,N/A,N/A,N/A,N/A,N/A,N/A,N/A,LSB_UNSIGNED_INTEGER,"frozenset({'MIPS_NEAR.CK', 'NULL', 'N/A', 'S980928A.BSP'})","VICAR programs run: SSIMERGE,CATLABEL,BADLABELS.",REDR,3.155,2.92,3.462,SKEWED,"frozenset({400, 1, 800})",0.0
C0426271953R,8.8552791949362,-8.8552791949362,-2550045.8944866,247814.98827029,-2539454.9805694562,233079.80368991615,273.53832734874845,9.09011070932882,273.14984164539453,8.549608861184346,FIXED_LENGTH,1000,809,"['C0426271953R.IMG', 1]","['C0426271953R.IMG', 3]","['C0426271953R.IMG', 5]","['C0426271953R.IMG', 10]","['C0426271953R.IMG', 10]",GO-J/JSA-SSI-2-REDR-V1.0,GALILEO ORBITER,SOLID STATE IMAGING SYSTEM,1,04262719.53,1997-12-16 11:59:42.131000+00:00,12E0042,12,12ESCHAOS_01,EUROPA,000T05:24:38Z,-000T00:04:17Z,NOT APPLICABLE,CLEAR,0,6.25,100K,8.667,ON,NORMAL,OFF,NOT INVERTED,N,INTEGER COSINE TRANSFORM,5.126,IM8,NOT POSSIBLE,N/A,WEST,2217.659,675215.4,-6.637,263.857,-55969.621,32763.104,299.861,36.873,141.889,298.24,13.408,158.313,UNK,UNK,10.5566,13.4934,872.592,751227000.0,0.981,220.071,234.738,53.337,51.307,41.732,126.933,8.697,273.092,400.0,400.0,1565.0,1565.0,1565.0,N/A,N/A,N/A,N/A,N/A,N/A,N/A,N/A,N/A,LSB_UNSIGNED_INTEGER,"frozenset({'MIPS_NEAR.CK', 'NULL', 'N/A', 'S980928A.BSP'})","VICAR programs run: SSIMERGE,CATLABEL,BADLABELS.",REDR,2.958,2.348,3.847,SKEWED,"frozenset({400, 401, 800, 1})",1.0
C0426272378R,5.6834966732904,-5.6834966732904,-1520062.5522649,-351728.87512325,-1497095.5422081335,-359969.9452995211,235.7574704485678,-12.901779819107682,234.91501670702667,-13.204070817680963,FIXED_LENGTH,1000,808,"['C0426272378R.IMG', 1]","['C0426272378R.IMG', 3]","['C0426272378R.IMG', 5]","['C0426272378R.IMG', 9]","['C0426272378R.IMG', 9]",GO-J/JSA-SSI-2-REDR-V1.0,GALILEO ORBITER,SOLID STATE IMAGING SYSTEM,1,04262723.78,1997-12-16 12:04:02.131000+00:00,12E0043,12,12ESMOTTLE01,EUROPA,000T05:28:58Z,000T00:00:02Z,NOT APPLICABLE,CLEAR,0,6.25,100K,8.667,ON,NORMAL,OFF,NOT INVERTED,N,INTEGER COSINE TRANSFORM,5.301,IM8,NOT POSSIBLE,N/A,WEST,1785.057,676405.1,-8.608,217.035,-37060.906,156108.609,346.473,289.49,110.403,28.347,4.294,272.136,UNK,UNK,23.4452,8.00528,564.659,751230000.0,0.981,220.376,277.911,19.917,76.307,59.601,165.66,-12.96,234.716,400.0,400.0,1565.0,1565.0,1565.0,N/A,N/A,N/A,N/A,N/A,N/A,N/A,N/A,N/A,LSB_UNSIGNED_INTEGER,"frozenset({'CKE12F.PLT', 'NULL', 'N/A', 'S980928A.BSP'})","VICAR programs run: SSIMERGE,CATLABEL,BADLABELS.",REDR,2.861,2.583,2.822,SKEWED,"frozenset({536, 1, 800})",0.0
C0426272379R,5.6834966732904,-5.6834966732904,-1520062.5522649,-351728.87512325,-1497095.5422081335,-359969.9452995211,235.7574704485678,-12.901779819107682,234.91501670702667,-13.204070817680963,FIXED_LENGTH,1000,810,"['C0426272379R.IMG', 1]","['C0426272379R.IMG', 3]","['C0426272379R.IMG', 5]","['C0426272379R.IMG', 11]","['C0426272379R.IMG', 11]",GO-J/JSA-SSI-2-REDR-V1.0,GALILEO ORBITER,SOLID STATE IMAGING SYSTEM,1,04262723.79,1997-12-16 12:04:02.131000+00:00,12E0043,12,12ESMOTTLE01,EUROPA,000T05:28:58Z,000T00:00:02Z,NOT APPLICABLE,CLEAR,0,6.25,100K,8.667,ON,NORMAL,OFF,NOT INVERTED,N,INTEGER COSINE TRANSFORM,5.0,IM8,NOT POSSIBLE,N/A,WEST,1785.057,676405.1,-8.608,217.035,-37060.906,156108.609,346.473,289.49,110.403,28.347,4.294,272.136,UNK,UNK,23.4452,8.00528,564.659,751230000.0,0.981,220.376,277.911,19.917,76.307,59.601,165.66,-12.96,234.716,400.0,400.0,1565.0,1565.0,1565.0,N/A,N/A,N/A,N/A,N/A,N/A,N/A,N/A,N/A,LSB_UNSIGNED_INTEGER,"frozenset({'CKE12F.PLT', 'NULL', 'N/A', 'S980928A.BSP'})","VICAR programs run: SSIMERGE,CATLABEL,BADLABELS.",REDR,3.503,2.354,4.26,SKEWED,"frozenset({264, 537, 800, 1})",1.0
C0426272400R,11.964874014742,-11.964874014742,-1508770.613259,-349458.07534857,-1482423.960678538,-358108.6792612285,235.34327041812142,-12.818484528961447,234.37684788472967,-13.13579764959825,FIXED_LENGTH,1000,810,"['C0426272400R.IMG', 1]","['C0426272400R.IMG', 3]","['C0426272400R.IMG', 5]","['C0426272400R.IMG', 11]","['C0426272400R.IMG', 11]",GO-J/JSA-SSI-2-REDR-V1.0,GALILEO ORBITER,SOLID STATE IMAGING SYSTEM,1,04262724.00,1997-12-16 12:04:09.868000+00:00,12E0045,12,12ESMOTTLE02,EUROPA,000T05:29:05Z,000T00:00:09Z,NOT APPLICABLE,CLEAR,0,6.25,400K,2.333,OFF,NORMAL,OFF,NOT INVERTED,N,INTEGER COSINE TRANSFORM,6.008,AI8,NOT POSSIBLE,N/A,WEST,1792.642,676440.1,-8.577,215.483,-18883.244,76961.391,346.039,289.98,108.833,29.427,5.366,271.354,UNK,UNK,49.2725,16.7971,582.289,751230000.0,0.981,220.385,275.305,19.13,76.505,60.955,166.353,-12.837,233.72,200.0,200.0,1565.0,1565.0,1565.0,N/A,N/A,N/A,N/A,N/A,N/A,N/A,N/A,N/A,LSB_UNSIGNED_INTEGER,"frozenset({'MIPS_NEAR.CK', 'NULL', 'N/A', 'S980928A.BSP'})","VICAR programs run: SSIMERGE,CATLABEL,BADLABELS.",REDR,2.43,2.163,2.623,SKEWED,"frozenset({200, 1, 400})",0.0
C0426272401R,11.964874014742,-11.964874014742,-1508770.613259,-349458.07534857,-1482423.960678538,-358108.6792612285,235.34327041812142,-12.818484528961447,234.37684788472967,-13.13579764959825,FIXED_LENGTH,1000,810,"['C0426272401R.IMG', 1]","['C0426272401R.IMG', 3]","['C0426272401R.IMG', 5]","['C0426272401R.IMG', 11]","['C0426272401R.IMG', 11]",GO-J/JSA-SSI-2-REDR-V1.0,GALILEO ORBITER,SOLID STATE IMAGING SYSTEM,1,04262724.01,1997-12-16 12:04:09.868000+00:00,12E0045,12,12ESMOTTLE02,EUROPA,000T05:29:05Z,000T00:00:09Z,NOT APPLICABLE,CLEAR,0,6.25,400K,2.333,OFF,NORMAL,OFF,NOT INVERTED,N,INTEGER COSINE TRANSFORM,5.687,AI8,NOT POSSIBLE,N/A,WEST,1792.642,676440.1,-8.577,215.483,-18883.244,76961.391,346.039,289.98,108.83,29.427,5.366,271.354,UNK,UNK,49.2725,16.7971,582.289,751230000.0,0.981,220.385,275.305,19.13,76.505,60.955,166.353,-12.837,233.72,200.0,200.0,1565.0,1565.0,1565.0,N/A,N/A,N/A,N/A,N/A,N/A,N/A,N/A,N/A,LSB_UNSIGNED_INTEGER,"frozenset({'MIPS_NEAR.CK', 'NULL', 'N/A', 'S980928A.BSP'})","VICAR programs run: SSIMERGE,CATLABEL,BADLABELS.",REDR,3.531,3.264,3.914,SKEWED,"frozenset({200, 201, 400, 1})",1.0
C0426272404R,12.038060465834,-12.038060465834,-1496403.144266,-349115.79156965,-1470112.0202086186,-357747.080923653,234.88961883261706,-12.805929205063938,233.925233143025,-13.122533847663535,FIXED_LENGTH,1000,809,"['C0426272404R.IMG', 1]","['C0426272404R.IMG', 3]","['C0426272404R.IMG', 5]","['C0426272404R.IMG', 10]","['C0426272404R.IMG', 10]",GO-J/JSA-SSI-2-REDR-V1.0,GALILEO ORBITER,SOLID STATE IMAGING SYSTEM,1,04262724.04,1997-12-16 12:04:12.535000+00:00,12E0046,12,12ESMOTTLE02,EUROPA,000T05:29:08Z,000T00:00:12Z,NOT APPLICABLE,CLEAR,0,6.25,400K,2.333,OFF,NORMAL,OFF,NOT INVERTED,N,INTEGER COSINE TRANSFORM,5.795,AI8,NOT POSSIBLE,N/A,WEST,1795.543,676452.2,-8.565,214.951,-18577.367,76494.648,346.173,289.79,108.482,29.749,5.597,271.46,UNK,UNK,49.6696,16.6293,586.768,751230000.0,0.981,220.389,274.849,18.836,76.444,61.331,166.827,-12.825,233.303,200.0,200.0,1565.0,1565.0,1565.0,N/A,N/A,N/A,N/A,N/A,N/A,N/A,N/A,N/A,LSB_UNSIGNED_INTEGER,"frozenset({'MIPS_NEAR.CK', 'NULL', 'N/A', 'S980928A.BSP'})","VICAR programs run: SSIMERGE,CATLABEL,BADLABELS.",REDR,2.645,2.542,2.838,SKEWED,"frozenset({200, 1, 400})",0.0
C0426272405R,12.038060465834,-12.038060465834,-1496403.144266,-349115.79156965,-1470112.0202086186,-357747.080923653,234.88961883261706,-12.805929205063938,233.925233143025,-13.122533847663535,FIXED_LENGTH,1000,810,"['C0426272405R.IMG', 1]","['C0426272405R.IMG', 3]","['C0426272405R.IMG', 5]","['C0426272405R.IMG', 11]","['C0426272405R.IMG', 11]",GO-J/JSA-SSI-2-REDR-V1.0,GALILEO ORBITER,SOLID STATE IMAGING SYSTEM,1,04262724.05,1997-12-16 12:04:12.535000+00:00,12E0046,12,12ESMOTTLE02,EUROPA,000T05:29:08Z,000T00:00:12Z,NOT APPLICABLE,CLEAR,0,6.25,400K,2.333,OFF,NORMAL,OFF,NOT INVERTED,N,INTEGER COSINE TRANSFORM,5.646,AI8,NOT POSSIBLE,N/A,WEST,1795.543,676452.2,-8.565,214.951,-18577.367,76494.648,346.173,289.79,108.485,29.749,5.597,271.46,UNK,UNK,49.6696,16.6293,586.768,751230000.0,0.981,220.389,274.849,18.836,76.444,61.331,166.827,-12.825,233.303,200.0,200.0,1565.0,1565.0,1565.0,N/A,N/A,N/A,N/A,N/A,N/A,N/A,N/A,N/A,LSB_UNSIGNED_INTEGER,"frozenset({'MIPS_NEAR.CK', 'NULL', 'N/A', 'S980928A.BSP'})","VICAR programs run: SSIMERGE,CATLABEL,BADLABELS.",REDR,3.611,2.95,4.219,SKEWED,"frozenset({200, 201, 400, 1})",1.0
C0426272407R,12.00702940631,-12.00702940631,-1481823.5201209,-348768.18316509,-1456308.5826324911,-357257.15295535116,234.3548231025266,-12.793178568377277,233.41890874105036,-13.104562781819032,FIXED_LENGTH,1000,810,"['C0426272407R.IMG', 1]","['C0426272407R.IMG', 3]","['C0426272407R.IMG', 5]","['C0426272407R.IMG', 11]","['C0426272407R.IMG', 11]",GO-J/JSA-SSI-2-REDR-V1.0,GALILEO ORBITER,SOLID STATE IMAGING SYSTEM,1,04262724.07,1997-12-16 12:04:14.535000+00:00,12E0047,12,12ESMOTTLE02,EUROPA,000T05:29:10Z,000T00:00:14Z,NOT APPLICABLE,CLEAR,0,6.25,400K,2.333,OFF,NORMAL,OFF,NOT INVERTED,N,INTEGER COSINE TRANSFORM,5.626,AI8,NOT POSSIBLE,N/A,WEST,1797.814,676461.3,-8.556,214.553,-18576.408,75749.992,346.043,289.841,108.292,29.887,5.681,271.374,UNK,UNK,48.0336,16.5865,585.833,751230000.0,0.981,220.391,274.447,18.502,76.125,61.488,167.276,-12.811,232.821,200.0,200.0,1565.0,1565.0,1565.0,N/A,N/A,N/A,N/A,N/A,N/A,N/A,N/A,N/A,LSB_UNSIGNED_INTEGER,"frozenset({'MIPS_NEAR.CK', 'NULL', 'N/A', 'S980928A.BSP'})","VICAR programs run: SSIMERGE,CATLABEL,BADLABELS.",REDR,3.027,2.418,2.706,SKEWED,"frozenset({200, 1, 400})",0.0
C0426272408R,12.00702940631,-12.00702940631,-1481823.5201209,-348768.18316509,-1456308.5826324911,-357257.15295535116,234.3548231025266,-12.793178568377277,233.41890874105036,-13.104562781819032,FIXED_LENGTH,1000,809,"['C0426272408R.IMG', 1]","['C0426272408R.IMG', 3]","['C0426272408R.IMG', 5]","['C0426272408R.IMG', 10]","['C0426272408R.IMG', 10]",GO-J/JSA-SSI-2-REDR-V1.0,GALILEO ORBITER,SOLID STATE IMAGING SYSTEM,1,04262724.08,1997-12-16 12:04:14.535000+00:00,12E0047,12,12ESMOTTLE02,EUROPA,000T05:29:10Z,000T00:00:14Z,NOT APPLICABLE,CLEAR,0,6.25,400K,2.333,OFF,NORMAL,OFF,NOT INVERTED,N,INTEGER COSINE TRANSFORM,5.742,AI8,NOT POSSIBLE,N/A,WEST,1797.814,676461.3,-8.556,214.553,-18576.408,75749.992,346.043,289.841,108.288,29.887,5.681,271.374,UNK,UNK,48.0336,16.5865,585.833,751230000.0,0.981,220.391,274.447,18.502,76.125,61.488,167.276,-12.811,232.821,200.0,200.0,1565.0,1565.0,1565.0,N/A,N/A,N/A,N/A,N/A,N/A,N/A,N/A,N/A,LSB_UNSIGNED_INTEGER,"frozenset({'MIPS_NEAR.CK', 'NULL', 'N/A', 'S980928A.BSP'})","VICAR programs run: SSIMERGE,CATLABEL,BADLABELS.",REDR,3.571,2.866,4.381,SKEWED,"frozenset({336, 65, 400, 1})",1.0
C0426272411R,12.04385512955,-12.04385512955,-1467061.9933305,-348416.68504275,-1441974.6430956475,-356847.38363343495,233.81335499480628,-12.780285252809508,232.89312497712152,-13.089532018234053,FIXED_LENGTH,1000,809,"['C0426272411R.IMG', 1]","['C0426272411R.IMG', 3]","['C0426272411R.IMG', 5]","['C0426272411R.IMG', 10]","['C0426272411R.IMG', 10]",GO-J/JSA-SSI-2-REDR-V1.0,GALILEO ORBITER,SOLID STATE IMAGING SYSTEM,1,04262724.11,1997-12-16 12:04:17.202000+00:00,12E0048,12,12ESMOTTLE02,EUROPA,000T05:29:13Z,000T00:00:17Z,NOT APPLICABLE,CLEAR,0,6.25,400K,2.333,OFF,NORMAL,OFF,NOT INVERTED,N,INTEGER COSINE TRANSFORM,5.73,AI8,NOT POSSIBLE,N/A,WEST,1800.969,676473.3,-8.543,214.024,-18222.057,75098.68,346.182,289.628,108.05,30.143,5.861,271.52,UNK,UNK,47.6191,16.3612,588.34,751230000.0,0.981,220.394,274.091,18.164,75.915,61.785,167.874,-12.797,232.324,200.0,200.0,1565.0,1565.0,1565.0,N/A,N/A,N/A,N/A,N/A,N/A,N/A,N/A,N/A,LSB_UNSIGNED_INTEGER,"frozenset({'MIPS_NEAR.CK', 'NULL', 'N/A', 'S980928A.BSP'})","VICAR programs run: SSIMERGE,CATLABEL,BADLABELS.",REDR,2.727,2.573,2.864,SKEWED,"frozenset({200, 1, 400})",0.0
C0426272412R,12.04385512955,-12.04385512955,-1467061.9933305,-348416.68504275,-1441974.6430956475,-356847.38363343495,233.81335499480628,-12.780285252809508,232.89312497712152,-13.089532018234053,FIXED_LENGTH,1000,810,"['C0426272412R.IMG', 1]","['C0426272412R.IMG', 3]","['C0426272412R.IMG', 5]","['C0426272412R.IMG', 11]","['C0426272412R.IMG', 11]",GO-J/JSA-SSI-2-REDR-V1.0,GALILEO ORBITER,SOLID STATE IMAGING SYSTEM,1,04262724.12,1997-12-16 12:04:17.202000+00:00,12E0048,12,12ESMOTTLE02,EUROPA,000T05:29:13Z,000T00:00:17Z,NOT APPLICABLE,CLEAR,0,6.25,400K,2.333,OFF,NORMAL,OFF,NOT INVERTED,N,INTEGER COSINE TRANSFORM,5.649,AI8,NOT POSSIBLE,N/A,WEST,1800.969,676473.3,-8.543,214.024,-18222.057,75098.68,346.182,289.628,108.047,30.143,5.861,271.52,UNK,UNK,47.6191,16.3612,588.34,751230000.0,0.981,220.394,274.091,18.164,75.915,61.785,167.874,-12.797,232.324,200.0,200.0,1565.0,1565.0,1565.0,N/A,N/A,N/A,N/A,N/A,N/A,N/A,N/A,N/A,LSB_UNSIGNED_INTEGER,"frozenset({'MIPS_NEAR.CK', 'NULL', 'N/A', 'S980928A.BSP'})","VICAR programs run: SSIMERGE,CATLABEL,BADLABELS.",REDR,3.705,2.991,3.973,SKEWED,"frozenset({200, 201, 400, 1})",1.0
C0426272414R,12.006499880946,-12.006499880946,-1452030.076102,-348176.49004755,-1427740.9268428462,-356460.97496540274,233.26196868547012,-12.771474651346558,232.37101750716488,-13.075358147654336,FIXED_LENGTH,1000,809,"['C0426272414R.IMG', 1]","['C0426272414R.IMG', 3]","['C0426272414R.IMG', 5]","['C0426272414R.IMG', 10]","['C0426272414R.IMG', 10]",GO-J/JSA-SSI-2-REDR-V1.0,GALILEO ORBITER,SOLID STATE IMAGING SYSTEM,1,04262724.14,1997-12-16 12:04:19.202000+00:00,12E0049,12,12ESMOTTLE02,EUROPA,000T05:29:15Z,000T00:00:19Z,NOT APPLICABLE,CLEAR,0,6.25,400K,2.333,OFF,NORMAL,OFF,NOT INVERTED,N,INTEGER COSINE TRANSFORM,5.952,AI8,NOT POSSIBLE,N/A,WEST,1803.43,676482.3,-8.532,213.629,-18291.352,74264.922,345.982,289.738,107.881,30.252,5.918,271.382,UNK,UNK,46.381,16.3178,586.964,751230000.0,0.981,220.396,273.624,17.834,75.544,61.906,168.325,-12.786,231.822,200.0,200.0,1565.0,1565.0,1565.0,N/A,N/A,N/A,N/A,N/A,N/A,N/A,N/A,N/A,LSB_UNSIGNED_INTEGER,"frozenset({'MIPS_NEAR.CK', 'NULL', 'N/A', 'S980928A.BSP'})","VICAR programs run: SSIMERGE,CATLABEL,BADLABELS.",REDR,2.575,2.374,2.604,SKEWED,"frozenset({200, 1, 400})",0.0
C0426272415R,12.006499880946,-12.006499880946,-1452030.076102,-348176.49004755,-1427740.9268428462,-356460.97496540274,233.26196868547012,-12.771474651346558,232.37101750716488,-13.075358147654336,FIXED_LENGTH,1000,810,"['C0426272415R.IMG', 1]","['C0426272415R.IMG', 3]","['C0426272415R.IMG', 5]","['C0426272415R.IMG', 11]","['C0426272415R.IMG', 11]",GO-J/JSA-SSI-2-REDR-V1.0,GALILEO ORBITER,SOLID STATE IMAGING SYSTEM,1,04262724.15,1997-12-16 12:04:19.202000+00:00,12E0049,12,12ESMOTTLE02,EUROPA,000T05:29:15Z,000T00:00:19Z,NOT APPLICABLE,CLEAR,0,6.25,400K,2.333,OFF,NORMAL,OFF,NOT INVERTED,N,INTEGER COSINE TRANSFORM,5.95,AI8,NOT POSSIBLE,N/A,WEST,1803.43,676482.3,-8.532,213.629,-18291.352,74264.922,345.982,289.738,107.881,30.252,5.918,271.382,UNK,UNK,46.381,16.3178,586.964,751230000.0,0.981,220.396,273.624,17.834,75.544,61.906,168.325,-12.786,231.822,200.0,200.0,1565.0,1565.0,1565.0,N/A,N/A,N/A,N/A,N/A,N/A,N/A,N/A,N/A,LSB_UNSIGNED_INTEGER,"frozenset({'MIPS_NEAR.CK', 'NULL', 'N/A', 'S980928A.BSP'})","VICAR programs run: SSIMERGE,CATLABEL,BADLABELS.",REDR,3.176,2.51,3.407,SKEWED,"frozenset({200, 201, 400, 1})",1.0
C0426272418R,12.036125853729,-12.036125853729,-1436716.2347821,-347952.36230545,-1412920.8139692778,-356161.0001376932,232.70024110815686,-12.763253413386172,231.82740040117065,-13.064354759954004,FIXED_LENGTH,1000,809,"['C0426272418R.IMG', 1]","['C0426272418R.IMG', 3]","['C0426272418R.IMG', 5]","['C0426272418R.IMG', 10]","['C0426272418R.IMG', 10]",GO-J/JSA-SSI-2-REDR-V1.0,GALILEO ORBITER,SOLID STATE IMAGING SYSTEM,1,04262724.18,1997-12-16 12:04:21.868000+00:00,12E0050,12,12ESMOTTLE02,EUROPA,000T05:29:17Z,000T00:00:21Z,NOT APPLICABLE,CLEAR,0,6.25,400K,2.333,OFF,NORMAL,OFF,NOT INVERTED,N,INTEGER COSINE TRANSFORM,5.799,AI8,NOT POSSIBLE,N/A,WEST,1806.836,676494.4,-8.518,213.104,-17854.469,73551.852,346.172,289.461,107.7,30.473,6.066,271.601,UNK,UNK,45.5633,16.318,588.968,751230000.0,0.981,220.4,273.337,17.5,75.275,62.161,168.956,-12.776,231.301,200.0,200.0,1565.0,1565.0,1565.0,N/A,N/A,N/A,N/A,N/A,N/A,N/A,N/A,N/A,LSB_UNSIGNED_INTEGER,"frozenset({'MIPS_NEAR.CK', 'NULL', 'N/A', 'S980928A.BSP'})","VICAR programs run: SSIMERGE,CATLABEL,BADLABELS.",REDR,2.668,2.531,2.864,SKEWED,"frozenset({200, 1, 400})",0.0
C0426272419R,12.036125853729,-12.036125853729,-1436716.2347821,-347952.36230545,-1412920.8139692778,-356161.0001376932,232.70024110815686,-12.763253413386172,231.82740040117065,-13.064354759954004,FIXED_LENGTH,1000,809,"['C0426272419R.IMG', 1]","['C0426272419R.IMG', 3]","['C0426272419R.IMG', 5]","['C0426272419R.IMG', 10]","['C0426272419R.IMG', 10]",GO-J/JSA-SSI-2-REDR-V1.0,GALILEO ORBITER,SOLID STATE IMAGING SYSTEM,1,04262724.19,1997-12-16 12:04:21.868000+00:00,12E0050,12,12ESMOTTLE02,EUROPA,000T05:29:17Z,000T00:00:21Z,NOT APPLICABLE,CLEAR,0,6.25,400K,2.333,OFF,NORMAL,OFF,NOT INVERTED,N,INTEGER COSINE TRANSFORM,5.801,AI8,NOT POSSIBLE,N/A,WEST,1806.836,676494.4,-8.518,213.104,-17854.469,73551.852,346.172,289.461,107.709,30.473,6.066,271.601,UNK,UNK,45.5633,16.318,588.968,751230000.0,0.981,220.4,273.337,17.5,75.275,62.161,168.956,-12.776,231.301,200.0,200.0,1565.0,1565.0,1565.0,N/A,N/A,N/A,N/A,N/A,N/A,N/A,N/A,N/A,LSB_UNSIGNED_INTEGER,"frozenset({'MIPS_NEAR.CK', 'NULL', 'N/A', 'S980928A.BSP'})","VICAR programs run: SSIMERGE,CATLABEL,BADLABELS.",REDR,3.506,2.741,3.816,SKEWED,"frozenset({200, 201, 400, 1})",1.0
C0426272421R,11.990092117186,-11.990092117186,-1421113.6780974,-347760.63176686,-1398140.6616008717,-355829.9637617262,232.12792315191683,-12.756220538440607,231.28524908793764,-13.052212002458349,FIXED_LENGTH,1000,810,"['C0426272421R.IMG', 1]","['C0426272421R.IMG', 3]","['C0426272421R.IMG', 5]","['C0426272421R.IMG', 11]","['C0426272421R.IMG', 11]",GO-J/JSA-SSI-2-REDR-V1.0,GALILEO ORBITER,SOLID STATE IMAGING SYSTEM,1,04262724.21,1997-12-16 12:04:23.868000+00:00,12E0051,12,12ESMOTTLE02,EUROPA,000T05:29:19Z,000T00:00:23Z,NOT APPLICABLE,CLEAR,0,6.25,400K,2.333,OFF,NORMAL,OFF,NOT INVERTED,N,INTEGER COSINE TRANSFORM,5.685,AI8,NOT POSSIBLE,N/A,WEST,1809.485,676503.4,-8.506,212.712,-17873.488,72652.188,345.993,289.542,107.583,30.547,6.1,271.501,UNK,UNK,44.3285,16.0329,587.034,751230000.0,0.981,220.402,272.882,17.171,74.843,62.242,169.422,-12.766,230.773,200.0,200.0,1565.0,1565.0,1565.0,N/A,N/A,N/A,N/A,N/A,N/A,N/A,N/A,N/A,LSB_UNSIGNED_INTEGER,"frozenset({'MIPS_NEAR.CK', 'NULL', 'N/A', 'S980928A.BSP'})","VICAR programs run: SSIMERGE,CATLABEL,BADLABELS.",REDR,2.797,2.629,3.05,SKEWED,"frozenset({200, 1, 400})",0.0
C0426272422R,11.990092117186,-11.990092117186,-1421113.6780974,-347760.63176686,-1398140.6616008717,-355829.9637617262,232.12792315191683,-12.756220538440607,231.28524908793764,-13.052212002458349,FIXED_LENGTH,1000,810,"['C0426272422R.IMG', 1]","['C0426272422R.IMG', 3]","['C0426272422R.IMG', 5]","['C0426272422R.IMG', 11]","['C0426272422R.IMG', 11]",GO-J/JSA-SSI-2-REDR-V1.0,GALILEO ORBITER,SOLID STATE IMAGING SYSTEM,1,04262724.22,1997-12-16 12:04:23.868000+00:00,12E0051,12,12ESMOTTLE02,EUROPA,000T05:29:19Z,000T00:00:23Z,NOT APPLICABLE,CLEAR,0,6.25,400K,2.333,OFF,NORMAL,OFF,NOT INVERTED,N,INTEGER COSINE TRANSFORM,5.613,AI8,NOT POSSIBLE,N/A,WEST,1809.485,676503.4,-8.506,212.712,-17873.488,72652.188,345.993,289.542,107.58,30.547,6.1,271.501,UNK,UNK,44.3285,16.0329,587.034,751230000.0,0.981,220.402,272.882,17.171,74.843,62.242,169.422,-12.766,230.773,200.0,200.0,1565.0,1565.0,1565.0,N/A,N/A,N/A,N/A,N/A,N/A,N/A,N/A,N/A,LSB_UNSIGNED_INTEGER,"frozenset({'MIPS_NEAR.CK', 'NULL', 'N/A', 'S980928A.BSP'})","VICAR programs run: SSIMERGE,CATLABEL,BADLABELS.",REDR,3.747,2.804,4.161,SKEWED,"frozenset({200, 201, 400, 1})",1.0
C0426272425R,12.018279077827,-12.018279077827,-1405585.8112682,-347592.66748891,-1383123.6476717412,-355596.8413547428,231.55834489701647,-12.75005943457665,230.73440944707443,-13.043660830864185,FIXED_LENGTH,1000,810,"['C0426272425R.IMG', 1]","['C0426272425R.IMG', 3]","['C0426272425R.IMG', 5]","['C0426272425R.IMG', 11]","['C0426272425R.IMG', 11]",GO-J/JSA-SSI-2-REDR-V1.0,GALILEO ORBITER,SOLID STATE IMAGING SYSTEM,1,04262724.25,1997-12-16 12:04:26.535000+00:00,12E0052,12,12ESMOTTLE02,EUROPA,000T05:29:22Z,000T00:00:26Z,NOT APPLICABLE,CLEAR,0,6.25,400K,2.333,OFF,NORMAL,OFF,NOT INVERTED,N,INTEGER COSINE TRANSFORM,5.711,AI8,NOT POSSIBLE,N/A,WEST,1813.141,676515.4,-8.491,212.19,-17067.281,71968.836,346.472,288.973,107.429,30.737,6.229,272.02,UNK,UNK,43.5215,15.5475,588.786,751230000.0,0.981,220.405,272.879,16.85,74.529,62.462,170.049,-12.756,230.238,200.0,200.0,1565.0,1565.0,1565.0,N/A,N/A,N/A,N/A,N/A,N/A,N/A,N/A,N/A,LSB_UNSIGNED_INTEGER,"frozenset({'MIPS_NEAR.CK', 'NULL', 'N/A', 'S980928A.BSP'})","VICAR programs run: SSIMERGE,CATLABEL,BADLABELS.",REDR,2.708,2.486,3.089,SKEWED,"frozenset({200, 1, 400})",0.0
C0426272426R,12.018279077827,-12.018279077827,-1405585.8112682,-347592.66748891,-1383123.6476717412,-355596.8413547428,231.55834489701647,-12.75005943457665,230.73440944707443,-13.043660830864185,FIXED_LENGTH,1000,810,"['C0426272426R.IMG', 1]","['C0426272426R.IMG', 3]","['C0426272426R.IMG', 5]","['C0426272426R.IMG', 11]","['C0426272426R.IMG', 11]",GO-J/JSA-SSI-2-REDR-V1.0,GALILEO ORBITER,SOLID STATE IMAGING SYSTEM,1,04262724.26,1997-12-16 12:04:26.535000+00:00,12E0052,12,12ESMOTTLE02,EUROPA,000T05:29:22Z,000T00:00:26Z,NOT APPLICABLE,CLEAR,0,6.25,400K,2.333,OFF,NORMAL,OFF,NOT INVERTED,N,INTEGER COSINE TRANSFORM,5.794,AI8,NOT POSSIBLE,N/A,WEST,1813.141,676515.4,-8.491,212.19,-17067.281,71968.836,346.472,288.973,107.434,30.737,6.229,272.02,UNK,UNK,43.5215,15.5475,588.786,751230000.0,0.981,220.405,272.879,16.85,74.529,62.462,170.049,-12.756,230.238,200.0,200.0,1565.0,1565.0,1565.0,N/A,N/A,N/A,N/A,N/A,N/A,N/A,N/A,N/A,LSB_UNSIGNED_INTEGER,"frozenset({'MIPS_NEAR.CK', 'NULL', 'N/A', 'S980928A.BSP'})","VICAR programs run: SSIMERGE,CATLABEL,BADLABELS.",REDR,3.45,2.674,3.681,SKEWED,"frozenset({200, 201, 400, 1})",1.0
C0426272600R,12.004972937926,-12.004972937926,-519323.12432174,-461074.99562692,-513224.5980692736,-468722.16338837886,199.04931064480374,-16.912708891443923,198.82561037878835,-17.193214933671896,FIXED_LENGTH,1000,810,"['C0426272600R.IMG', 1]","['C0426272600R.IMG', 3]","['C0426272600R.IMG', 5]","['C0426272600R.IMG', 11]","['C0426272600R.IMG', 11]",GO-J/JSA-SSI-2-REDR-V1.0,GALILEO ORBITER,SOLID STATE IMAGING SYSTEM,1,04262726.00,1997-12-16 12:06:11.202000+00:00,12E0053,12,12ESWEDGE_01,EUROPA,000T05:31:07Z,000T00:02:11Z,NOT APPLICABLE,CLEAR,0,6.25,400K,2.333,OFF,NORMAL,OFF,NOT INVERTED,N,INTEGER COSINE TRANSFORM,4.766,AI8,NOT POSSIBLE,N/A,WEST,2057.524,676984.6,-7.515,193.949,-20363.658,17170.52,309.532,281.065,129.234,13.493,-12.958,284.399,UNK,UNK,13.3154,14.0523,588.87,751231000.0,0.981,220.528,229.081,28.283,38.751,41.469,202.386,-16.914,198.313,200.0,200.0,1565.0,1565.0,1565.0,N/A,N/A,N/A,N/A,N/A,N/A,N/A,N/A,N/A,LSB_UNSIGNED_INTEGER,"frozenset({'MIPS_NEAR.CK', 'NULL', 'N/A', 'S980928A.BSP'})","VICAR programs run: SSIMERGE,CATLABEL,BADLABELS.",REDR,4.496,3.819,6.103,SKEWED,"frozenset({200, 1, 400})",0.0
C0426272604R,12.206741777107,-12.206741777107,-516442.83110584,-460877.74253645,-510290.63325017807,-468592.4033395816,198.94365850329848,-16.9054734435695,198.71798950723007,-17.18845520054418,FIXED_LENGTH,1000,810,"['C0426272604R.IMG', 1]","['C0426272604R.IMG', 3]","['C0426272604R.IMG', 5]","['C0426272604R.IMG', 11]","['C0426272604R.IMG', 11]",GO-J/JSA-SSI-2-REDR-V1.0,GALILEO ORBITER,SOLID STATE IMAGING SYSTEM,1,04262726.04,1997-12-16 12:06:13.868000+00:00,12E0054,12,12ESWEDGE_01,EUROPA,000T05:31:09Z,000T00:02:13Z,NOT APPLICABLE,CLEAR,0,6.25,400K,2.333,OFF,NORMAL,OFF,NOT INVERTED,N,INTEGER COSINE TRANSFORM,4.694,AI8,NOT POSSIBLE,N/A,WEST,2065.994,676996.5,-7.484,193.549,-19986.316,17461.281,310.534,281.296,128.339,14.205,-12.257,284.017,UNK,UNK,14.0778,14.2587,598.792,751231000.0,0.981,220.531,228.827,28.361,38.803,42.226,202.47,-16.908,198.209,200.0,200.0,1565.0,1565.0,1565.0,N/A,N/A,N/A,N/A,N/A,N/A,N/A,N/A,N/A,LSB_UNSIGNED_INTEGER,"frozenset({'MIPS_NEAR.CK', 'NULL', 'N/A', 'S980928A.BSP'})","VICAR programs run: SSIMERGE,CATLABEL,BADLABELS.",REDR,4.625,3.794,5.593,SKEWED,"frozenset({200, 1, 400})",0.0
C0426272607R,12.343645125628,-12.343645125628,-512878.45496984,-459961.24831628,-506706.632407026,-467688.37016492314,198.81291349101298,-16.871855485333988,198.58652464033895,-17.15529432637789,FIXED_LENGTH,1000,810,"['C0426272607R.IMG', 1]","['C0426272607R.IMG', 3]","['C0426272607R.IMG', 5]","['C0426272607R.IMG', 11]","['C0426272607R.IMG', 11]",GO-J/JSA-SSI-2-REDR-V1.0,GALILEO ORBITER,SOLID STATE IMAGING SYSTEM,1,04262726.07,1997-12-16 12:06:15.868000+00:00,12E0055,12,12ESWEDGE_01,EUROPA,000T05:31:11Z,000T00:02:15Z,NOT APPLICABLE,CLEAR,0,6.25,400K,2.333,OFF,NORMAL,OFF,NOT INVERTED,N,INTEGER COSINE TRANSFORM,4.674,AI8,NOT POSSIBLE,N/A,WEST,2072.41,677005.4,-7.461,193.251,-19770.482,17439.209,310.802,281.746,127.802,14.594,-11.749,283.467,UNK,UNK,13.6702,14.3637,605.526,751231000.0,0.981,220.533,228.252,28.441,38.706,42.659,202.576,-16.874,198.081,200.0,200.0,1565.0,1565.0,1565.0,N/A,N/A,N/A,N/A,N/A,N/A,N/A,N/A,N/A,LSB_UNSIGNED_INTEGER,"frozenset({'MIPS_NEAR.CK', 'NULL', 'N/A', 'S980928A.BSP'})","VICAR programs run: SSIMERGE,CATLABEL,BADLABELS.",REDR,4.507,3.643,5.228,SKEWED,"frozenset({200, 1, 400})",0.0
C0426272611R,12.541240029133,-12.541240029133,-509199.42766286,-459297.83358694,-502953.8901283518,-467098.48488506075,198.67796295490328,-16.847520745220034,198.44887016263834,-17.13365672270759,FIXED_LENGTH,1000,810,"['C0426272611R.IMG', 1]","['C0426272611R.IMG', 3]","['C0426272611R.IMG', 5]","['C0426272611R.IMG', 11]","['C0426272611R.IMG', 11]",GO-J/JSA-SSI-2-REDR-V1.0,GALILEO ORBITER,SOLID STATE IMAGING SYSTEM,1,04262726.11,1997-12-16 12:06:18.535000+00:00,12E0056,12,12ESWEDGE_01,EUROPA,000T05:31:14Z,000T00:02:18Z,NOT APPLICABLE,CLEAR,0,6.25,400K,2.333,OFF,NORMAL,OFF,NOT INVERTED,N,INTEGER COSINE TRANSFORM,4.856,AI8,NOT POSSIBLE,N/A,WEST,2081.048,677017.3,-7.431,192.857,-19332.27,17708.936,311.873,281.723,127.172,15.189,-11.086,283.349,UNK,UNK,14.0815,14.5191,615.241,751231000.0,0.981,220.536,228.178,28.532,38.692,43.317,202.75,-16.85,197.947,200.0,200.0,1565.0,1565.0,1565.0,N/A,N/A,N/A,N/A,N/A,N/A,N/A,N/A,N/A,LSB_UNSIGNED_INTEGER,"frozenset({'MIPS_NEAR.CK', 'NULL', 'N/A', 'S980928A.BSP'})","VICAR programs run: SSIMERGE,CATLABEL,BADLABELS.",REDR,3.998,3.377,5.503,SKEWED,"frozenset({200, 1, 400})",0.0
C0426272614R,12.684241807877,-12.684241807877,-505403.61483486,-458738.28922368,-499112.23089815304,-466577.15066094795,198.538728604797,-16.82699607782878,198.30795411896491,-17.114533642837305,FIXED_LENGTH,1000,810,"['C0426272614R.IMG', 1]","['C0426272614R.IMG', 3]","['C0426272614R.IMG', 5]","['C0426272614R.IMG', 11]","['C0426272614R.IMG', 11]",GO-J/JSA-SSI-2-REDR-V1.0,GALILEO ORBITER,SOLID STATE IMAGING SYSTEM,1,04262726.14,1997-12-16 12:06:20.535000+00:00,12E0057,12,12ESWEDGE_01,EUROPA,000T05:31:16Z,000T00:02:20Z,NOT APPLICABLE,CLEAR,0,6.25,400K,2.333,OFF,NORMAL,OFF,NOT INVERTED,N,INTEGER COSINE TRANSFORM,5.195,AI8,NOT POSSIBLE,N/A,WEST,2087.587,677026.2,-7.407,192.564,-19117.992,17717.59,312.202,282.0,126.697,15.544,-10.638,282.982,UNK,UNK,14.0645,14.6745,622.267,751231000.0,0.981,220.539,227.762,28.627,38.626,43.721,202.875,-16.829,197.809,200.0,200.0,1565.0,1565.0,1565.0,N/A,N/A,N/A,N/A,N/A,N/A,N/A,N/A,N/A,LSB_UNSIGNED_INTEGER,"frozenset({'MIPS_NEAR.CK', 'NULL', 'N/A', 'S980928A.BSP'})","VICAR programs run: SSIMERGE,CATLABEL,BADLABELS.",REDR,3.711,3.086,4.176,SKEWED,"frozenset({400, 1})",0.0
C0426272618R,12.886900184231,-12.886900184231,-501184.43506493,-458438.58715383,-494818.3063739199,-466351.1438669478,198.38396471630534,-16.816002695169537,198.15044851538858,-17.10624347930498,FIXED_LENGTH,1000,810,"['C0426272618R.IMG', 1]","['C0426272618R.IMG', 3]","['C0426272618R.IMG', 5]","['C0426272618R.IMG', 11]","['C0426272618R.IMG', 11]",GO-J/JSA-SSI-2-REDR-V1.0,GALILEO ORBITER,SOLID STATE IMAGING SYSTEM,1,04262726.18,1997-12-16 12:06:23.202000+00:00,12E0058,12,12ESWEDGE_01,EUROPA,000T05:31:19Z,000T00:02:23Z,NOT APPLICABLE,CLEAR,0,6.25,400K,2.333,OFF,NORMAL,OFF,NOT INVERTED,N,INTEGER COSINE TRANSFORM,5.139,AI8,NOT POSSIBLE,N/A,WEST,2096.387,677038.1,-7.377,192.176,-19056.766,17584.477,312.075,282.994,126.113,16.076,-10.057,281.863,UNK,UNK,14.3692,14.8961,632.261,751231000.0,0.981,220.542,226.643,28.742,38.633,44.319,203.049,-16.819,197.657,200.0,200.0,1565.0,1565.0,1565.0,N/A,N/A,N/A,N/A,N/A,N/A,N/A,N/A,N/A,LSB_UNSIGNED_INTEGER,"frozenset({'MIPS_NEAR.CK', 'NULL', 'N/A', 'S980928A.BSP'})","VICAR programs run: SSIMERGE,CATLABEL,BADLABELS.",REDR,3.933,3.408,4.653,SKEWED,"frozenset({400, 1})",0.0
C0426272621R,13.03037332671,-13.03037332671,-496978.43868072,-457887.31870059,-490593.5557506321,-465822.81605655636,198.2296844080707,-16.79578159673845,197.99548028221977,-17.0868638674389,FIXED_LENGTH,1000,810,"['C0426272621R.IMG', 1]","['C0426272621R.IMG', 3]","['C0426272621R.IMG', 5]","['C0426272621R.IMG', 11]","['C0426272621R.IMG', 11]",GO-J/JSA-SSI-2-REDR-V1.0,GALILEO ORBITER,SOLID STATE IMAGING SYSTEM,1,04262726.21,1997-12-16 12:06:25.202000+00:00,12E0059,12,12ESWEDGE_01,EUROPA,000T05:31:21Z,000T00:02:25Z,NOT APPLICABLE,CLEAR,0,6.25,400K,2.333,OFF,NORMAL,OFF,NOT INVERTED,N,INTEGER COSINE TRANSFORM,5.298,AI8,NOT POSSIBLE,N/A,WEST,2103.046,677046.9,-7.353,191.887,-18948.824,17468.277,312.044,283.523,125.678,16.382,-9.651,281.252,UNK,UNK,14.6982,15.1039,639.351,751231000.0,0.981,220.544,225.95,28.85,38.56,44.678,203.187,-16.799,197.505,200.0,200.0,1565.0,1565.0,1565.0,N/A,N/A,N/A,N/A,N/A,N/A,N/A,N/A,N/A,LSB_UNSIGNED_INTEGER,"frozenset({'MIPS_NEAR.CK', 'NULL', 'N/A', 'S980928A.BSP'})","VICAR programs run: SSIMERGE,CATLABEL,BADLABELS.",REDR,4.095,3.474,4.596,SKEWED,"frozenset({400, 1})",0.0
C0426272625R,13.233641284184,-13.233641284184,-492635.53044503,-457354.6427814,-486177.51349834824,-465374.2293996155,198.0703820311708,-16.776242491733434,197.83349527376438,-17.07040924375862,FIXED_LENGTH,1000,810,"['C0426272625R.IMG', 1]","['C0426272625R.IMG', 3]","['C0426272625R.IMG', 5]","['C0426272625R.IMG', 11]","['C0426272625R.IMG', 11]",GO-J/JSA-SSI-2-REDR-V1.0,GALILEO ORBITER,SOLID STATE IMAGING SYSTEM,1,04262726.25,1997-12-16 12:06:27.868000+00:00,12E0060,12,12ESWEDGE_01,EUROPA,000T05:31:23Z,000T00:02:27Z,NOT APPLICABLE,CLEAR,0,6.25,400K,2.333,OFF,NORMAL,OFF,NOT INVERTED,N,INTEGER COSINE TRANSFORM,5.267,AI8,NOT POSSIBLE,N/A,WEST,2112.0,677058.8,-7.323,191.505,-18731.123,17491.951,312.409,283.964,125.125,16.871,-9.09,280.692,UNK,UNK,15.0633,15.3116,649.401,751231000.0,0.981,220.547,225.365,28.964,38.551,45.242,203.379,-16.782,197.348,200.0,200.0,1565.0,1565.0,1565.0,N/A,N/A,N/A,N/A,N/A,N/A,N/A,N/A,N/A,LSB_UNSIGNED_INTEGER,"frozenset({'MIPS_NEAR.CK', 'NULL', 'N/A', 'S980928A.BSP'})","VICAR programs run: SSIMERGE,CATLABEL,BADLABELS.",REDR,3.43,2.919,3.663,SKEWED,"frozenset({400, 1})",0.0
C0426272628R,13.378133447702,-13.378133447702,-488087.82070596,-456876.63537247,-481586.0478503768,-464916.89357453893,197.9035673227846,-16.758708684366166,197.66507555327266,-17.05363369151981,FIXED_LENGTH,1000,809,"['C0426272628R.IMG', 1]","['C0426272628R.IMG', 3]","['C0426272628R.IMG', 5]","['C0426272628R.IMG', 10]","['C0426272628R.IMG', 10]",GO-J/JSA-SSI-2-REDR-V1.0,GALILEO ORBITER,SOLID STATE IMAGING SYSTEM,1,04262726.28,1997-12-16 12:06:29.868000+00:00,12E0061,12,12ESWEDGE_01,EUROPA,000T05:31:25Z,000T00:02:29Z,NOT APPLICABLE,CLEAR,0,6.25,400K,2.333,OFF,NORMAL,OFF,NOT INVERTED,N,INTEGER COSINE TRANSFORM,5.193,AI8,NOT POSSIBLE,N/A,WEST,2118.776,677067.7,-7.299,191.221,-18726.158,17259.016,312.03,284.746,124.722,17.138,-8.726,279.837,UNK,UNK,15.0031,15.4937,656.568,751231000.0,0.981,220.55,224.399,29.085,38.472,45.561,203.526,-16.766,197.184,200.0,200.0,1565.0,1565.0,1565.0,N/A,N/A,N/A,N/A,N/A,N/A,N/A,N/A,N/A,LSB_UNSIGNED_INTEGER,"frozenset({'MIPS_NEAR.CK', 'NULL', 'N/A', 'S980928A.BSP'})","VICAR programs run: SSIMERGE,CATLABEL,BADLABELS.",REDR,3.503,2.806,3.954,SKEWED,"frozenset({400, 1})",0.0
C0426272632R,13.583579071062,-13.583579071062,-483412.41198095,-456408.25678768,-476837.95971055597,-464531.237072175,197.73206848319325,-16.74152807225171,197.49091075739057,-17.039487411156667,FIXED_LENGTH,1000,810,"['C0426272632R.IMG', 1]","['C0426272632R.IMG', 3]","['C0426272632R.IMG', 5]","['C0426272632R.IMG', 11]","['C0426272632R.IMG', 11]",GO-J/JSA-SSI-2-REDR-V1.0,GALILEO ORBITER,SOLID STATE IMAGING SYSTEM,1,04262726.32,1997-12-16 12:06:32.535000+00:00,12E0062,12,12ESWEDGE_01,EUROPA,000T05:31:28Z,000T00:02:32Z,NOT APPLICABLE,CLEAR,0,6.25,400K,2.333,OFF,NORMAL,OFF,NOT INVERTED,N,INTEGER COSINE TRANSFORM,5.316,AI8,NOT POSSIBLE,N/A,WEST,2127.889,677079.5,-7.268,190.844,-18437.012,17359.176,312.636,284.831,124.232,17.579,-8.214,279.643,UNK,UNK,15.4013,15.6345,666.752,751231000.0,0.981,220.553,224.147,29.212,38.46,46.078,203.729,-16.753,197.015,200.0,200.0,1565.0,1565.0,1565.0,N/A,N/A,N/A,N/A,N/A,N/A,N/A,N/A,N/A,LSB_UNSIGNED_INTEGER,"frozenset({'MIPS_NEAR.CK', 'NULL', 'N/A', 'S980928A.BSP'})","VICAR programs run: SSIMERGE,CATLABEL,BADLABELS.",REDR,3.398,2.851,3.789,SKEWED,"frozenset({400, 1})",0.0
C0426272635R,13.725299120801,-13.725299120801,-478422.75145376,-455721.10670796,-471820.8825766547,-463873.9343857158,197.5490425616753,-16.71632269487653,197.30687916631237,-17.01537686711267,FIXED_LENGTH,1000,810,"['C0426272635R.IMG', 1]","['C0426272635R.IMG', 3]","['C0426272635R.IMG', 5]","['C0426272635R.IMG', 11]","['C0426272635R.IMG', 11]",GO-J/JSA-SSI-2-REDR-V1.0,GALILEO ORBITER,SOLID STATE IMAGING SYSTEM,1,04262726.35,1997-12-16 12:06:34.535000+00:00,12E0063,12,12ESWEDGE_01,EUROPA,000T05:31:30Z,000T00:02:34Z,NOT APPLICABLE,CLEAR,0,6.25,400K,2.333,OFF,NORMAL,OFF,NOT INVERTED,N,INTEGER COSINE TRANSFORM,5.201,AI8,NOT POSSIBLE,N/A,WEST,2134.779,677088.4,-7.245,190.564,-18270.924,17264.406,312.733,285.058,123.913,17.794,-7.872,279.351,UNK,UNK,15.7576,15.8579,673.783,751231000.0,0.981,220.555,223.703,29.343,38.341,46.349,203.894,-16.73,196.834,200.0,200.0,1565.0,1565.0,1565.0,N/A,N/A,N/A,N/A,N/A,N/A,N/A,N/A,N/A,LSB_UNSIGNED_INTEGER,"frozenset({'MIPS_NEAR.CK', 'NULL', 'N/A', 'S980928A.BSP'})","VICAR programs run: SSIMERGE,CATLABEL,BADLABELS.",REDR,3.583,2.996,3.96,SKEWED,"frozenset({400, 1})",0.0
C0426272639R,13.931471286741,-13.931471286741,-473349.5999096,-455294.41312198,-466676.42516325106,-463527.9126524439,197.36295410308975,-16.70067113173827,197.11817513451157,-17.00268443117395,FIXED_LENGTH,1000,810,"['C0426272639R.IMG', 1]","['C0426272639R.IMG', 3]","['C0426272639R.IMG', 5]","['C0426272639R.IMG', 11]","['C0426272639R.IMG', 11]",GO-J/JSA-SSI-2-REDR-V1.0,GALILEO ORBITER,SOLID STATE IMAGING SYSTEM,1,04262726.39,1997-12-16 12:06:37.202000+00:00,12E0064,12,12ESWEDGE_01,EUROPA,000T05:31:33Z,000T00:02:37Z,NOT APPLICABLE,CLEAR,0,6.25,400K,2.333,OFF,NORMAL,OFF,NOT INVERTED,N,INTEGER COSINE TRANSFORM,5.059,AI8,NOT POSSIBLE,N/A,WEST,2144.042,677100.3,-7.214,190.193,-18471.191,16817.82,311.67,286.71,123.473,18.19,-7.404,277.599,UNK,UNK,15.6505,16.1504,684.048,751231000.0,0.981,220.558,221.863,29.483,38.32,46.821,204.107,-16.72,196.652,200.0,200.0,1565.0,1565.0,1565.0,N/A,N/A,N/A,N/A,N/A,N/A,N/A,N/A,N/A,LSB_UNSIGNED_INTEGER,"frozenset({'MIPS_NEAR.CK', 'NULL', 'N/A', 'S980928A.BSP'})","VICAR programs run: SSIMERGE,CATLABEL,BADLABELS.",REDR,3.803,3.228,4.336,SKEWED,"frozenset({400, 1})",0.0
C0426272642R,14.076920734817,-14.076920734817,-468099.84519487,-454952.00122855,-461371.0770836275,-463215.15369988757,197.17038765710194,-16.68811110846771,196.92356946625918,-16.991212108519395,FIXED_LENGTH,1000,810,"['C0426272642R.IMG', 1]","['C0426272642R.IMG', 3]","['C0426272642R.IMG', 5]","['C0426272642R.IMG', 11]","['C0426272642R.IMG', 11]",GO-J/JSA-SSI-2-REDR-V1.0,GALILEO ORBITER,SOLID STATE IMAGING SYSTEM,1,04262726.42,1997-12-16 12:06:39.202000+00:00,12E0065,12,12ESWEDGE_01,EUROPA,000T05:31:35Z,000T00:02:39Z,NOT APPLICABLE,CLEAR,0,6.25,400K,2.333,OFF,NORMAL,OFF,NOT INVERTED,N,INTEGER COSINE TRANSFORM,5.192,AI8,NOT POSSIBLE,N/A,WEST,2151.045,677109.1,-7.19,189.917,-17703.465,17388.381,313.833,284.768,123.171,18.378,-7.114,279.487,UNK,UNK,16.1858,16.1701,691.242,751231000.0,0.981,220.561,223.579,29.632,38.212,47.059,204.28,-16.71,196.458,200.0,200.0,1565.0,1565.0,1565.0,N/A,N/A,N/A,N/A,N/A,N/A,N/A,N/A,N/A,LSB_UNSIGNED_INTEGER,"frozenset({'MIPS_NEAR.CK', 'NULL', 'N/A', 'S980928A.BSP'})","VICAR programs run: SSIMERGE,CATLABEL,BADLABELS.",REDR,4.361,3.233,4.812,SKEWED,"frozenset({400, 1})",0.0
C0426272646R,14.284193729394,-14.284193729394,-462436.4877954,-454794.44415018,-455622.9273864791,-463122.1290944167,196.9626498358063,-16.68233175147474,196.7127213755703,-16.98779986954094,FIXED_LENGTH,1000,810,"['C0426272646R.IMG', 1]","['C0426272646R.IMG', 3]","['C0426272646R.IMG', 5]","['C0426272646R.IMG', 11]","['C0426272646R.IMG', 11]",GO-J/JSA-SSI-2-REDR-V1.0,GALILEO ORBITER,SOLID STATE IMAGING SYSTEM,1,04262726.46,1997-12-16 12:06:41.868000+00:00,12E0066,12,12ESWEDGE_01,EUROPA,000T05:31:37Z,000T00:02:41Z,NOT APPLICABLE,CLEAR,0,6.25,400K,2.333,OFF,NORMAL,OFF,NOT INVERTED,N,INTEGER COSINE TRANSFORM,5.359,AI8,NOT POSSIBLE,N/A,WEST,2160.452,677120.9,-7.159,189.553,-17505.223,17353.346,314.093,284.959,122.784,18.715,-6.701,279.209,UNK,UNK,16.1721,16.3783,701.487,751231000.0,0.981,220.564,223.168,29.794,38.166,47.468,204.512,-16.704,196.253,200.0,200.0,1565.0,1565.0,1565.0,N/A,N/A,N/A,N/A,N/A,N/A,N/A,N/A,N/A,LSB_UNSIGNED_INTEGER,"frozenset({'MIPS_NEAR.CK', 'NULL', 'N/A', 'S980928A.BSP'})","VICAR programs run: SSIMERGE,CATLABEL,BADLABELS.",REDR,3.737,3.166,4.4,SKEWED,"frozenset({400, 1})",0.0
C0426272649R,14.42808816588,-14.42808816588,-456764.41515543,-454398.20869622,-449925.5013648029,-462780.92792059627,196.75459233045297,-16.667797424198586,196.5037338818891,-16.97528425672095,FIXED_LENGTH,1000,810,"['C0426272649R.IMG', 1]","['C0426272649R.IMG', 3]","['C0426272649R.IMG', 5]","['C0426272649R.IMG', 11]","['C0426272649R.IMG', 11]",GO-J/JSA-SSI-2-REDR-V1.0,GALILEO ORBITER,SOLID STATE IMAGING SYSTEM,1,04262726.49,1997-12-16 12:06:43.868000+00:00,12E0067,12,12ESWEDGE_01,EUROPA,000T05:31:39Z,000T00:02:43Z,NOT APPLICABLE,CLEAR,0,6.25,400K,2.333,OFF,NORMAL,OFF,NOT INVERTED,N,INTEGER COSINE TRANSFORM,5.251,AI8,NOT POSSIBLE,N/A,WEST,2167.564,677129.8,-7.136,189.281,-17255.639,17328.447,314.458,284.758,122.504,18.866,-6.428,279.361,UNK,UNK,16.5718,16.4823,708.576,751231000.0,0.981,220.566,223.119,29.951,38.026,47.669,204.696,-16.688,196.047,200.0,200.0,1565.0,1565.0,1565.0,N/A,N/A,N/A,N/A,N/A,N/A,N/A,N/A,N/A,LSB_UNSIGNED_INTEGER,"frozenset({'MIPS_NEAR.CK', 'NULL', 'N/A', 'S980928A.BSP'})","VICAR programs run: SSIMERGE,CATLABEL,BADLABELS.",REDR,4.082,3.664,4.619,SKEWED,"frozenset({400, 1})",0.0
C0426272653R,14.63491144341,-14.63491144341,-450945.52630579,-454048.1275318,-444023.21319305705,-462507.10634609096,196.54114945430692,-16.654956084116453,196.2872318321381,-16.96524019746437,FIXED_LENGTH,1000,810,"['C0426272653R.IMG', 1]","['C0426272653R.IMG', 3]","['C0426272653R.IMG', 5]","['C0426272653R.IMG', 11]","['C0426272653R.IMG', 11]",GO-J/JSA-SSI-2-REDR-V1.0,GALILEO ORBITER,SOLID STATE IMAGING SYSTEM,1,04262726.53,1997-12-16 12:06:46.535000+00:00,12E0068,12,12ESWEDGE_01,EUROPA,000T05:31:42Z,000T00:02:46Z,NOT APPLICABLE,CLEAR,0,6.25,400K,2.333,OFF,NORMAL,OFF,NOT INVERTED,N,INTEGER COSINE TRANSFORM,4.956,AI8,NOT POSSIBLE,N/A,WEST,2177.119,677141.7,-7.105,188.922,-17287.631,17036.223,313.913,285.719,122.161,19.174,-6.027,278.318,UNK,UNK,16.5183,16.7283,718.806,751231000.0,0.981,220.569,221.922,30.115,37.956,48.051,204.947,-16.677,195.836,200.0,200.0,1565.0,1565.0,1565.0,N/A,N/A,N/A,N/A,N/A,N/A,N/A,N/A,N/A,LSB_UNSIGNED_INTEGER,"frozenset({'MIPS_NEAR.CK', 'NULL', 'N/A', 'S980928A.BSP'})","VICAR programs run: SSIMERGE,CATLABEL,BADLABELS.",REDR,4.153,3.363,4.633,SKEWED,"frozenset({400, 1})",0.0
C0426272656R,14.778942933327,-14.778942933327,-444934.85595074,-453757.88488194,-437973.973829143,-462240.99812566966,196.32067183369952,-16.64430968279016,196.06533946029646,-16.95547907203295,FIXED_LENGTH,1000,810,"['C0426272656R.IMG', 1]","['C0426272656R.IMG', 3]","['C0426272656R.IMG', 5]","['C0426272656R.IMG', 11]","['C0426272656R.IMG', 11]",GO-J/JSA-SSI-2-REDR-V1.0,GALILEO ORBITER,SOLID STATE IMAGING SYSTEM,1,04262726.56,1997-12-16 12:06:48.535000+00:00,12E0069,12,12ESWEDGE_01,EUROPA,000T05:31:44Z,000T00:02:48Z,NOT APPLICABLE,CLEAR,0,6.25,400K,2.333,OFF,NORMAL,OFF,NOT INVERTED,N,INTEGER COSINE TRANSFORM,5.23,AI8,NOT POSSIBLE,N/A,WEST,2184.337,677150.6,-7.081,188.654,-17383.135,16654.297,313.101,286.618,121.924,19.3,-5.792,277.378,UNK,UNK,16.83,16.9887,725.981,751231000.0,0.981,220.572,220.765,30.286,37.816,48.224,205.139,-16.669,195.619,200.0,200.0,1565.0,1565.0,1565.0,N/A,N/A,N/A,N/A,N/A,N/A,N/A,N/A,N/A,LSB_UNSIGNED_INTEGER,"frozenset({'MIPS_NEAR.CK', 'NULL', 'N/A', 'S980928A.BSP'})","VICAR programs run: SSIMERGE,CATLABEL,BADLABELS.",REDR,3.925,3.399,4.636,SKEWED,"frozenset({400, 1})",0.0
C0426272660R,14.998714320781,-14.998714320781,-440302.25760085,-453636.11463202,-433252.86187008297,-462215.3792235067,196.1507433230542,-16.63984302376924,195.8921641786941,-16.95453934413942,FIXED_LENGTH,1000,810,"['C0426272660R.IMG', 1]","['C0426272660R.IMG', 3]","['C0426272660R.IMG', 5]","['C0426272660R.IMG', 11]","['C0426272660R.IMG', 11]",GO-J/JSA-SSI-2-REDR-V1.0,GALILEO ORBITER,SOLID STATE IMAGING SYSTEM,1,04262726.60,1997-12-16 12:06:51.202000+00:00,12E0070,12,12ESWEDGE_01,EUROPA,000T05:31:47Z,000T00:02:51Z,NOT APPLICABLE,CLEAR,0,6.25,400K,2.333,OFF,NORMAL,OFF,NOT INVERTED,N,INTEGER COSINE TRANSFORM,5.34,AI8,NOT POSSIBLE,N/A,WEST,2194.033,677162.4,-7.05,188.301,-17157.688,16720.641,313.585,286.64,121.523,19.67,-5.391,277.265,UNK,UNK,16.8422,17.1403,736.892,751231000.0,0.981,220.575,220.577,30.423,37.836,48.669,205.349,-16.669,195.451,200.0,200.0,1565.0,1565.0,1565.0,N/A,N/A,N/A,N/A,N/A,N/A,N/A,N/A,N/A,LSB_UNSIGNED_INTEGER,"frozenset({'MIPS_NEAR.CK', 'NULL', 'N/A', 'S980928A.BSP'})","VICAR programs run: SSIMERGE,CATLABEL,BADLABELS.",REDR,4.154,3.69,4.332,SKEWED,"frozenset({200, 1, 400})",0.0
C0426272661R,14.998714320781,-14.998714320781,-440302.25760085,-453636.11463202,-433252.86187008297,-462215.3792235067,196.1507433230542,-16.63984302376924,195.8921641786941,-16.95453934413942,FIXED_LENGTH,1000,810,"['C0426272661R.IMG', 1]","['C0426272661R.IMG', 3]","['C0426272661R.IMG', 5]","['C0426272661R.IMG', 11]","['C0426272661R.IMG', 11]",GO-J/JSA-SSI-2-REDR-V1.0,GALILEO ORBITER,SOLID STATE IMAGING SYSTEM,1,04262726.61,1997-12-16 12:06:51.202000+00:00,12E0070,12,12ESWEDGE_01,EUROPA,000T05:31:47Z,000T00:02:51Z,NOT APPLICABLE,CLEAR,0,6.25,400K,2.333,OFF,NORMAL,OFF,NOT INVERTED,N,INTEGER COSINE TRANSFORM,5.366,AI8,NOT POSSIBLE,N/A,WEST,2194.033,677162.4,-7.05,188.301,-17157.688,16720.641,313.585,286.64,121.527,19.67,-5.391,277.265,UNK,UNK,16.8422,17.1403,736.892,751231000.0,0.981,220.575,220.577,30.423,37.836,48.669,205.349,-16.669,195.451,200.0,200.0,1565.0,1565.0,1565.0,N/A,N/A,N/A,N/A,N/A,N/A,N/A,N/A,N/A,LSB_UNSIGNED_INTEGER,"frozenset({'MIPS_NEAR.CK', 'NULL', 'N/A', 'S980928A.BSP'})","VICAR programs run: SSIMERGE,CATLABEL,BADLABELS.",REDR,3.559,2.675,3.952,SKEWED,"frozenset({400, 1})",1.0
C0426272811R,25.327941813666,-25.327941813666,-495009.29480629,-481433.51799416,-476849.16052589146,-495262.57422442164,198.15745416910855,-17.659480600000602,197.4913216149103,-18.16674472077083,FIXED_LENGTH,1000,810,"['C0426272811R.IMG', 1]","['C0426272811R.IMG', 3]","['C0426272811R.IMG', 5]","['C0426272811R.IMG', 11]","['C0426272811R.IMG', 11]",GO-J/JSA-SSI-2-REDR-V1.0,GALILEO ORBITER,SOLID STATE IMAGING SYSTEM,1,04262728.11,1997-12-16 12:08:19.868000+00:00,12E0074,12,12ESWEDGE_02,EUROPA,000T05:33:15Z,000T00:04:19Z,NOT APPLICABLE,CLEAR,0,6.25,400K,2.333,OFF,NORMAL,OFF,NOT INVERTED,N,INTEGER COSINE TRANSFORM,5.452,AI8,NOT POSSIBLE,N/A,WEST,2555.338,677553.9,-6.059,178.236,-13441.913,21935.172,327.886,288.859,104.102,34.106,5.494,271.358,UNK,UNK,35.2922,29.4897,1239.1,751232000.0,0.981,220.679,221.709,30.011,48.985,65.436,203.882,-17.611,196.754,200.0,200.0,1565.0,1565.0,1565.0,N/A,N/A,N/A,N/A,N/A,N/A,N/A,N/A,N/A,LSB_UNSIGNED_INTEGER,"frozenset({'MIPS_NEAR.CK', 'NULL', 'N/A', 'S980928A.BSP'})","VICAR programs run: SSIMERGE,CATLABEL,BADLABELS.",REDR,3.87,2.972,4.357,SKEWED,"frozenset({400, 1})",0.0
C0426272814R,25.391002730413,-25.391002730413,-487405.68841301,-471536.3117065,-469454.249482608,-485145.8891700014,197.8785460030307,-17.29644081174628,197.22006861064983,-17.795654223791725,FIXED_LENGTH,1000,810,"['C0426272814R.IMG', 1]","['C0426272814R.IMG', 3]","['C0426272814R.IMG', 5]","['C0426272814R.IMG', 11]","['C0426272814R.IMG', 11]",GO-J/JSA-SSI-2-REDR-V1.0,GALILEO ORBITER,SOLID STATE IMAGING SYSTEM,1,04262728.14,1997-12-16 12:08:21.868000+00:00,12E0075,12,12ESWEDGE_02,EUROPA,000T05:33:17Z,000T00:04:21Z,NOT APPLICABLE,CLEAR,0,6.25,400K,2.333,OFF,NORMAL,OFF,NOT INVERTED,N,INTEGER COSINE TRANSFORM,5.61,AI8,NOT POSSIBLE,N/A,WEST,2564.228,677562.8,-6.038,178.043,-13085.817,21672.945,328.254,289.111,104.035,34.0,5.946,271.107,UNK,UNK,34.9174,29.29,1242.35,751232000.0,0.981,220.681,220.807,30.011,48.381,65.468,204.121,-17.253,196.49,200.0,200.0,1565.0,1565.0,1565.0,N/A,N/A,N/A,N/A,N/A,N/A,N/A,N/A,N/A,LSB_UNSIGNED_INTEGER,"frozenset({'MIPS_NEAR.CK', 'NULL', 'N/A', 'S980928A.BSP'})","VICAR programs run: SSIMERGE,CATLABEL,BADLABELS.",REDR,3.694,3.022,4.421,SKEWED,"frozenset({400, 1})",0.0
C0426272818R,25.533773025407,-25.533773025407,-479881.7302395,-461599.54875331,-462033.6228947405,-475055.8471376995,197.60255941623484,-16.93195004398716,196.94787233355166,-17.425541020487945,FIXED_LENGTH,1000,810,"['C0426272818R.IMG', 1]","['C0426272818R.IMG', 3]","['C0426272818R.IMG', 5]","['C0426272818R.IMG', 11]","['C0426272818R.IMG', 11]",GO-J/JSA-SSI-2-REDR-V1.0,GALILEO ORBITER,SOLID STATE IMAGING SYSTEM,1,04262728.18,1997-12-16 12:08:24.535000+00:00,12E0076,12,12ESWEDGE_02,EUROPA,000T05:33:20Z,000T00:04:24Z,NOT APPLICABLE,CLEAR,0,6.25,400K,2.333,OFF,NORMAL,OFF,NOT INVERTED,N,INTEGER COSINE TRANSFORM,5.713,AI8,NOT POSSIBLE,N/A,WEST,2576.126,677574.4,-6.01,177.788,-12572.538,21492.928,329.043,289.009,103.947,33.946,6.445,271.197,UNK,UNK,34.9511,29.2033,1249.53,751232000.0,0.981,220.684,220.237,30.017,47.824,65.565,204.43,-16.894,196.226,200.0,200.0,1565.0,1565.0,1565.0,N/A,N/A,N/A,N/A,N/A,N/A,N/A,N/A,N/A,LSB_UNSIGNED_INTEGER,"frozenset({'MIPS_NEAR.CK', 'NULL', 'N/A', 'S980928A.BSP'})","VICAR programs run: SSIMERGE,CATLABEL,BADLABELS.",REDR,3.671,2.925,3.67,SKEWED,"frozenset({400, 1})",0.0
C0426272821R,25.601929856559,-25.601929856559,-472304.4019938,-451720.45038913,-454613.4684629177,-464982.25005482754,197.32461515985594,-16.56957447314074,196.67569337562674,-17.056031034979714,FIXED_LENGTH,1000,810,"['C0426272821R.IMG', 1]","['C0426272821R.IMG', 3]","['C0426272821R.IMG', 5]","['C0426272821R.IMG', 11]","['C0426272821R.IMG', 11]",GO-J/JSA-SSI-2-REDR-V1.0,GALILEO ORBITER,SOLID STATE IMAGING SYSTEM,1,04262728.21,1997-12-16 12:08:26.535000+00:00,12E0077,12,12ESWEDGE_02,EUROPA,000T05:33:22Z,000T00:04:26Z,NOT APPLICABLE,CLEAR,0,6.25,400K,2.333,OFF,NORMAL,OFF,NOT INVERTED,N,INTEGER COSINE TRANSFORM,5.757,AI8,NOT POSSIBLE,N/A,WEST,2585.08,677583.3,-5.989,177.599,-12092.363,21313.703,329.792,288.912,103.901,33.834,6.89,271.299,UNK,UNK,34.6005,29.0026,1253.07,751232000.0,0.981,220.687,219.638,30.029,47.23,65.593,204.669,-16.536,195.963,200.0,200.0,1565.0,1565.0,1565.0,N/A,N/A,N/A,N/A,N/A,N/A,N/A,N/A,N/A,LSB_UNSIGNED_INTEGER,"frozenset({'MIPS_NEAR.CK', 'NULL', 'N/A', 'S980928A.BSP'})","VICAR programs run: SSIMERGE,CATLABEL,BADLABELS.",REDR,3.627,2.695,3.882,SKEWED,"frozenset({400, 1})",0.0
C0426272825R,25.742703199995,-25.742703199995,-464398.36572791,-441332.90366071,-446841.84214551345,-454435.93958950747,197.03461355248533,-16.188548489124486,196.39062206452553,-16.66918143248452,FIXED_LENGTH,1000,810,"['C0426272825R.IMG', 1]","['C0426272825R.IMG', 3]","['C0426272825R.IMG', 5]","['C0426272825R.IMG', 11]","['C0426272825R.IMG', 11]",GO-J/JSA-SSI-2-REDR-V1.0,GALILEO ORBITER,SOLID STATE IMAGING SYSTEM,1,04262728.25,1997-12-16 12:08:29.202000+00:00,12E0078,12,12ESWEDGE_02,EUROPA,000T05:33:25Z,000T00:04:29Z,NOT APPLICABLE,CLEAR,0,6.25,400K,2.333,OFF,NORMAL,OFF,NOT INVERTED,N,INTEGER COSINE TRANSFORM,5.393,AI8,NOT POSSIBLE,N/A,WEST,2597.061,677595.0,-5.961,177.349,-11626.017,21095.486,330.492,288.954,103.831,33.762,7.394,271.251,UNK,UNK,34.6365,28.8686,1260.21,751232000.0,0.981,220.69,218.845,30.049,46.655,65.678,204.989,-16.161,195.689,200.0,200.0,1565.0,1565.0,1565.0,N/A,N/A,N/A,N/A,N/A,N/A,N/A,N/A,N/A,LSB_UNSIGNED_INTEGER,"frozenset({'MIPS_NEAR.CK', 'NULL', 'N/A', 'S980928A.BSP'})","VICAR programs run: SSIMERGE,CATLABEL,BADLABELS.",REDR,3.795,2.65,4.682,SKEWED,"frozenset({400, 1})",0.0
C0426272828R,25.814458425052,-25.814458425052,-456735.21291445,-431333.78582419,-439362.08239438996,-444266.82949514105,196.75352116197632,-15.821770479594026,196.11625672168864,-16.296167930684856,FIXED_LENGTH,1000,810,"['C0426272828R.IMG', 1]","['C0426272828R.IMG', 3]","['C0426272828R.IMG', 5]","['C0426272828R.IMG', 11]","['C0426272828R.IMG', 11]",GO-J/JSA-SSI-2-REDR-V1.0,GALILEO ORBITER,SOLID STATE IMAGING SYSTEM,1,04262728.28,1997-12-16 12:08:31.202000+00:00,12E0079,12,12ESWEDGE_02,EUROPA,000T05:33:27Z,000T00:04:31Z,NOT APPLICABLE,CLEAR,0,6.25,400K,2.333,OFF,NORMAL,OFF,NOT INVERTED,N,INTEGER COSINE TRANSFORM,5.507,AI8,NOT POSSIBLE,N/A,WEST,2606.078,677603.8,-5.94,177.162,-11318.577,20817.838,330.809,289.329,103.771,33.639,7.836,270.887,UNK,UNK,34.6579,28.6878,1263.89,751232000.0,0.981,220.692,217.715,30.077,46.06,65.699,205.226,-15.798,195.422,200.0,200.0,1565.0,1565.0,1565.0,N/A,N/A,N/A,N/A,N/A,N/A,N/A,N/A,N/A,LSB_UNSIGNED_INTEGER,"frozenset({'MIPS_NEAR.CK', 'NULL', 'N/A', 'S980928A.BSP'})","VICAR programs run: SSIMERGE,CATLABEL,BADLABELS.",REDR,3.326,2.766,3.988,SKEWED,"frozenset({400, 1})",0.0
C0426272832R,25.965720569008,-25.965720569008,-449025.20579986,-421371.71339386,-431732.03590090066,-434172.81363438093,196.47071010712241,-15.456351333972037,195.83637870532147,-15.92590896323308,FIXED_LENGTH,1000,810,"['C0426272832R.IMG', 1]","['C0426272832R.IMG', 3]","['C0426272832R.IMG', 5]","['C0426272832R.IMG', 11]","['C0426272832R.IMG', 11]",GO-J/JSA-SSI-2-REDR-V1.0,GALILEO ORBITER,SOLID STATE IMAGING SYSTEM,1,04262728.32,1997-12-16 12:08:33.868000+00:00,12E0080,12,12ESWEDGE_02,EUROPA,000T05:33:29Z,000T00:04:33Z,NOT APPLICABLE,CLEAR,0,6.25,400K,2.333,OFF,NORMAL,OFF,NOT INVERTED,N,INTEGER COSINE TRANSFORM,5.254,AI8,NOT POSSIBLE,N/A,WEST,2618.137,677615.5,-5.912,176.916,-10946.614,20567.877,331.31,289.571,103.702,33.567,8.312,270.644,UNK,UNK,34.6866,28.7457,1271.5,751232000.0,0.981,220.695,216.694,30.116,45.514,65.779,205.55,-15.438,195.151,200.0,200.0,1565.0,1565.0,1565.0,N/A,N/A,N/A,N/A,N/A,N/A,N/A,N/A,N/A,LSB_UNSIGNED_INTEGER,"frozenset({'MIPS_NEAR.CK', 'NULL', 'N/A', 'S980928A.BSP'})","VICAR programs run: SSIMERGE,CATLABEL,BADLABELS.",REDR,3.305,2.926,3.842,SKEWED,"frozenset({400, 1})",0.0
C0426272835R,26.038016398808,-26.038016398808,-440979.84573021,-411400.65910117,-423846.83093979437,-424003.0590381931,196.17559795817616,-15.09060272432611,195.54714121180868,-15.552871820438373,FIXED_LENGTH,1000,809,"['C0426272835R.IMG', 1]","['C0426272835R.IMG', 3]","['C0426272835R.IMG', 5]","['C0426272835R.IMG', 10]","['C0426272835R.IMG', 10]",GO-J/JSA-SSI-2-REDR-V1.0,GALILEO ORBITER,SOLID STATE IMAGING SYSTEM,1,04262728.35,1997-12-16 12:08:35.868000+00:00,12E0081,12,12ESWEDGE_02,EUROPA,000T05:33:31Z,000T00:04:35Z,NOT APPLICABLE,CLEAR,0,6.25,400K,2.333,OFF,NORMAL,OFF,NOT INVERTED,N,INTEGER COSINE TRANSFORM,5.484,AI8,NOT POSSIBLE,N/A,WEST,2627.214,677624.3,-5.892,176.733,-10546.699,20337.27,331.912,289.68,103.675,33.425,8.741,270.554,UNK,UNK,34.3228,28.646,1275.19,751232000.0,0.981,220.697,215.765,30.17,44.905,65.781,205.789,-15.076,194.868,200.0,200.0,1565.0,1565.0,1565.0,N/A,N/A,N/A,N/A,N/A,N/A,N/A,N/A,N/A,LSB_UNSIGNED_INTEGER,"frozenset({'MIPS_NEAR.CK', 'NULL', 'N/A', 'S980928A.BSP'})","VICAR programs run: SSIMERGE,CATLABEL,BADLABELS.",REDR,3.09,2.809,3.45,SKEWED,"frozenset({400, 1})",0.0
C0426272839R,26.192126138691,-26.192126138691,-433165.38208167,-401263.37244475,-416061.92371310474,-413730.8244867669,195.8889553293543,-14.718756539225499,195.26158274318496,-15.176075606632239,FIXED_LENGTH,1000,810,"['C0426272839R.IMG', 1]","['C0426272839R.IMG', 3]","['C0426272839R.IMG', 5]","['C0426272839R.IMG', 11]","['C0426272839R.IMG', 11]",GO-J/JSA-SSI-2-REDR-V1.0,GALILEO ORBITER,SOLID STATE IMAGING SYSTEM,1,04262728.39,1997-12-16 12:08:38.535000+00:00,12E0082,12,12ESWEDGE_02,EUROPA,000T05:33:34Z,000T00:04:38Z,NOT APPLICABLE,CLEAR,0,6.25,400K,2.333,OFF,NORMAL,OFF,NOT INVERTED,N,INTEGER COSINE TRANSFORM,5.558,AI8,NOT POSSIBLE,N/A,WEST,2639.357,677636.1,-5.864,176.491,-10203.3,20074.896,332.371,290.008,103.627,33.34,9.213,270.231,UNK,UNK,34.3512,28.6736,1282.92,751232000.0,0.981,220.701,214.596,30.225,44.356,65.853,206.116,-14.709,194.592,200.0,200.0,1565.0,1565.0,1565.0,N/A,N/A,N/A,N/A,N/A,N/A,N/A,N/A,N/A,LSB_UNSIGNED_INTEGER,"frozenset({'MIPS_NEAR.CK', 'NULL', 'N/A', 'S980928A.BSP'})","VICAR programs run: SSIMERGE,CATLABEL,BADLABELS.",REDR,3.21,2.681,3.772,SKEWED,"frozenset({400, 1})",0.0
C0426272842R,26.273760134286,-26.273760134286,-425372.17657409,-391321.38344006,-408451.8750476098,-403643.77694304014,195.60309247118374,-14.35407407447889,194.98243826788277,-14.806072244274143,FIXED_LENGTH,1000,810,"['C0426272842R.IMG', 1]","['C0426272842R.IMG', 3]","['C0426272842R.IMG', 5]","['C0426272842R.IMG', 11]","['C0426272842R.IMG', 11]",GO-J/JSA-SSI-2-REDR-V1.0,GALILEO ORBITER,SOLID STATE IMAGING SYSTEM,1,04262728.42,1997-12-16 12:08:40.535000+00:00,12E0083,12,12ESWEDGE_02,EUROPA,000T05:33:36Z,000T00:04:40Z,NOT APPLICABLE,CLEAR,0,6.25,400K,2.333,OFF,NORMAL,OFF,NOT INVERTED,N,INTEGER COSINE TRANSFORM,5.792,AI8,NOT POSSIBLE,N/A,WEST,2648.493,677644.8,-5.844,176.31,-9605.844,19963.635,333.611,289.518,103.578,33.203,9.634,270.742,UNK,UNK,34.8131,28.4136,1287.12,751232000.0,0.981,220.703,214.244,30.285,43.781,65.861,206.369,-14.351,194.321,200.0,200.0,1565.0,1565.0,1565.0,N/A,N/A,N/A,N/A,N/A,N/A,N/A,N/A,N/A,LSB_UNSIGNED_INTEGER,"frozenset({'MIPS_NEAR.CK', 'NULL', 'N/A', 'S980928A.BSP'})","VICAR programs run: SSIMERGE,CATLABEL,BADLABELS.",REDR,3.123,2.712,3.529,SKEWED,"frozenset({400, 1})",0.0
C0426272846R,26.434010786876,-26.434010786876,-417630.93642185,-381257.73757911,-400686.73550746246,-393417.38254107296,195.31913575612575,-13.98492911010838,194.697604898497,-14.430957494678156,FIXED_LENGTH,1000,810,"['C0426272846R.IMG', 1]","['C0426272846R.IMG', 3]","['C0426272846R.IMG', 5]","['C0426272846R.IMG', 11]","['C0426272846R.IMG', 11]",GO-J/JSA-SSI-2-REDR-V1.0,GALILEO ORBITER,SOLID STATE IMAGING SYSTEM,1,04262728.46,1997-12-16 12:08:43.202000+00:00,12E0084,12,12ESWEDGE_02,EUROPA,000T05:33:39Z,000T00:04:43Z,NOT APPLICABLE,CLEAR,0,6.25,400K,2.333,OFF,NORMAL,OFF,NOT INVERTED,N,INTEGER COSINE TRANSFORM,5.608,AI8,NOT POSSIBLE,N/A,WEST,2660.715,677656.6,-5.817,176.072,-9265.91,19594.93,333.985,290.053,103.56,33.014,10.137,270.239,UNK,UNK,34.4454,28.3643,1293.02,751232000.0,0.981,220.706,212.599,30.406,43.032,65.85,206.664,-13.916,193.947,200.0,200.0,1565.0,1565.0,1565.0,N/A,N/A,N/A,N/A,N/A,N/A,N/A,N/A,N/A,LSB_UNSIGNED_INTEGER,"frozenset({'MIPS_NEAR.CK', 'NULL', 'N/A', 'S980928A.BSP'})","VICAR programs run: SSIMERGE,CATLABEL,BADLABELS.",REDR,3.194,2.812,3.915,SKEWED,"frozenset({400, 1})",0.0
C0426272847R,26.434010786876,-26.434010786876,-417630.93642185,-381257.73757911,-400686.73550746246,-393417.38254107296,195.31913575612575,-13.98492911010838,194.697604898497,-14.430957494678156,FIXED_LENGTH,1000,809,"['C0426272847R.IMG', 1]","['C0426272847R.IMG', 3]","['C0426272847R.IMG', 5]","['C0426272847R.IMG', 10]","['C0426272847R.IMG', 10]",GO-J/JSA-SSI-2-REDR-V1.0,GALILEO ORBITER,SOLID STATE IMAGING SYSTEM,1,04262728.47,1997-12-16 12:08:43.202000+00:00,12E0084,12,12ESWEDGE_02,EUROPA,000T05:33:39Z,000T00:04:43Z,NOT APPLICABLE,CLEAR,0,6.25,400K,2.333,OFF,NORMAL,OFF,NOT INVERTED,N,INTEGER COSINE TRANSFORM,5.808,AI8,NOT POSSIBLE,N/A,WEST,2660.715,677656.6,-5.817,176.072,-9265.91,19594.93,333.985,290.053,103.561,33.014,10.137,270.239,UNK,UNK,34.4454,28.3643,1293.02,751232000.0,0.981,220.706,212.599,30.406,43.032,65.85,206.664,-13.916,193.947,200.0,200.0,1565.0,1565.0,1565.0,N/A,N/A,N/A,N/A,N/A,N/A,N/A,N/A,N/A,LSB_UNSIGNED_INTEGER,"frozenset({'MIPS_NEAR.CK', 'NULL', 'N/A', 'S980928A.BSP'})","VICAR programs run: SSIMERGE,CATLABEL,BADLABELS.",REDR,3.264,2.677,3.465,SKEWED,"frozenset({112, 289, 400, 1})",1.0
C0426273800R,48.362304816489,-48.362304816489,-473225.15262934,-415432.19837364,-383174.5410610375,-458329.5627458658,197.35838924782036,-15.238483764821483,194.05523944920597,-16.81200356684671,FIXED_LENGTH,1000,812,"['C0426273800R.IMG', 1]","['C0426273800R.IMG', 3]","['C0426273800R.IMG', 5]","['C0426273800R.IMG', 13]","['C0426273800R.IMG', 13]",GO-J/JSA-SSI-2-REDR-V1.0,GALILEO ORBITER,SOLID STATE IMAGING SYSTEM,1,04262738.00,1997-12-16 12:18:20.130000+00:00,12E0089,12,12ESWEDGE_03,EUROPA,000T05:43:16Z,000T00:14:20Z,NOT APPLICABLE,CLEAR,0,6.25,100K,8.667,ON,NORMAL,OFF,NOT INVERTED,N,INTEGER COSINE TRANSFORM,5.182,IM8,NOT POSSIBLE,N/A,WEST,5791.136,680184.4,-2.608,152.298,-7904.051,21811.578,338.802,286.837,88.382,47.32,17.631,269.085,UNK,UNK,85.4281,55.7119,4791.4,751237000.0,0.981,221.383,218.971,31.012,57.169,81.368,206.39,-15.822,194.993,400.0,400.0,1565.0,1565.0,1565.0,N/A,N/A,N/A,N/A,N/A,N/A,N/A,N/A,N/A,LSB_UNSIGNED_INTEGER,"frozenset({'CKE12F.PLT', 'NULL', 'N/A', 'S980928A.BSP'})","VICAR programs run: SSIMERGE,CATLABEL,BADLABELS.",REDR,4.008,2.564,4.493,SKEWED,"frozenset({800, 1, 520})",0.0
C0426273813R,49.42668125529,-49.42668125529,-550712.08254644,-415282.97590695,-449535.66601686133,-459371.5755866687,200.20069017719027,-15.233010130026432,196.48943431713747,-16.85022567822727,FIXED_LENGTH,1000,810,"['C0426273813R.IMG', 1]","['C0426273813R.IMG', 3]","['C0426273813R.IMG', 5]","['C0426273813R.IMG', 11]","['C0426273813R.IMG', 11]",GO-J/JSA-SSI-2-REDR-V1.0,GALILEO ORBITER,SOLID STATE IMAGING SYSTEM,1,04262738.13,1997-12-16 12:18:28.797000+00:00,12E0090,12,12ESWEDGE_03,EUROPA,000T05:43:24Z,000T00:14:28Z,NOT APPLICABLE,CLEAR,0,6.25,100K,8.667,ON,NORMAL,OFF,NOT INVERTED,N,INTEGER COSINE TRANSFORM,5.129,IM8,NOT POSSIBLE,N/A,WEST,5841.423,680222.5,-2.585,152.146,-7829.303,22419.908,339.508,286.693,87.886,47.815,17.799,269.062,UNK,UNK,95.0426,58.313,4900.67,751237000.0,0.981,221.393,223.115,28.923,60.055,81.869,203.814,-15.851,197.579,400.0,400.0,1565.0,1565.0,1565.0,N/A,N/A,N/A,N/A,N/A,N/A,N/A,N/A,N/A,LSB_UNSIGNED_INTEGER,"frozenset({'CKE12F.PLT', 'NULL', 'N/A', 'S980928A.BSP'})","VICAR programs run: SSIMERGE,CATLABEL,BADLABELS.",REDR,4.113,2.407,4.895,SKEWED,"frozenset({800, 1, 145, 656})",0.0
C0426273826R,49.646437012788,-49.646437012788,-499492.80278566,-453123.03061572,-401540.3825594293,-498301.2882973571,198.32191389038329,-16.62102257007551,194.7289175574416,-18.278207903566095,FIXED_LENGTH,1000,808,"['C0426273826R.IMG', 1]","['C0426273826R.IMG', 3]","['C0426273826R.IMG', 5]","['C0426273826R.IMG', 9]","['C0426273826R.IMG', 9]",GO-J/JSA-SSI-2-REDR-V1.0,GALILEO ORBITER,SOLID STATE IMAGING SYSTEM,1,04262738.26,1997-12-16 12:18:37.464000+00:00,12E0091,12,12ESWEDGE_03,EUROPA,000T05:43:33Z,000T00:14:37Z,NOT APPLICABLE,CLEAR,0,6.25,100K,8.667,ON,NORMAL,OFF,NOT INVERTED,N,INTEGER COSINE TRANSFORM,5.367,IM8,NOT POSSIBLE,N/A,WEST,5891.75,680260.6,-2.561,151.997,-8510.534,21475.68,337.082,286.798,88.221,47.571,17.289,269.043,UNK,UNK,89.9766,59.0152,4919.41,751237000.0,0.981,221.403,221.197,31.214,58.422,81.501,205.699,-17.271,195.704,400.0,400.0,1565.0,1565.0,1565.0,N/A,N/A,N/A,N/A,N/A,N/A,N/A,N/A,N/A,LSB_UNSIGNED_INTEGER,"frozenset({'CKE12F.PLT', 'NULL', 'N/A', 'S980928A.BSP'})","VICAR programs run: SSIMERGE,CATLABEL,BADLABELS.",REDR,4.272,3.791,4.866,SKEWED,"frozenset({600, 1, 800})",0.0
C0426273839R,50.736438086199,-50.736438086199,-581591.7897821,-453888.17511914,-470681.936125669,-500514.9617203569,201.33338985529713,-16.649088863778196,197.26510142960757,-18.359407739902952,FIXED_LENGTH,1000,810,"['C0426273839R.IMG', 1]","['C0426273839R.IMG', 3]","['C0426273839R.IMG', 5]","['C0426273839R.IMG', 11]","['C0426273839R.IMG', 11]",GO-J/JSA-SSI-2-REDR-V1.0,GALILEO ORBITER,SOLID STATE IMAGING SYSTEM,1,04262738.39,1997-12-16 12:18:46.130000+00:00,12E0092,12,12ESWEDGE_03,EUROPA,000T05:43:42Z,000T00:14:46Z,NOT APPLICABLE,CLEAR,0,6.25,100K,8.667,ON,NORMAL,OFF,NOT INVERTED,N,INTEGER COSINE TRANSFORM,5.268,IM8,NOT POSSIBLE,N/A,WEST,5942.11,680298.8,-2.539,151.851,-8420.42,22070.688,337.853,286.637,87.769,48.05,17.458,269.041,UNK,UNK,100.309,62.1205,5030.8,751237000.0,0.981,221.413,225.353,29.15,61.345,81.988,203.035,-17.314,198.379,400.0,400.0,1565.0,1565.0,1565.0,N/A,N/A,N/A,N/A,N/A,N/A,N/A,N/A,N/A,LSB_UNSIGNED_INTEGER,"frozenset({'CKE12F.PLT', 'NULL', 'N/A', 'S980928A.BSP'})","VICAR programs run: SSIMERGE,CATLABEL,BADLABELS.",REDR,3.76,2.211,4.302,SKEWED,"frozenset({800, 1, 568, 233})",0.0
C0440948000R,82.153160050617,-82.153160050617,-1665080.2479059,108852.93706707,-1605272.747389051,69583.72656287508,241.07686988194936,3.9928385925392247,238.88306875336937,2.5524032361364277,FIXED_LENGTH,1000,809,"['C0440948000R.IMG', 1]","['C0440948000R.IMG', 3]","['C0440948000R.IMG', 5]","['C0440948000R.IMG', 10]","['C0440948000R.IMG', 10]",GO-J/JSA-SSI-2-REDR-V1.0,GALILEO ORBITER,SOLID STATE IMAGING SYSTEM,1,04409480.00,1998-03-29 13:10:42.081000+00:00,14E0001,14,14ESCRATER01,EUROPA,000T05:10:41Z,-000T00:11:18Z,NOT APPLICABLE,IR-9680,5,395.83,400K,2.333,OFF,NORMAL,OFF,NOT INVERTED,N,INTEGER COSINE TRANSFORM,3.046,AI8,NOT POSSIBLE,N/A,WEST,5116.455,675688.1,7.448,280.545,751.526,12971.988,2.473,85.067,97.049,258.138,-32.908,90.874,UNK,UNK,144.801,82.5917,4059.82,747374000.0,1.399,217.456,176.827,22.488,55.23,77.689,157.573,3.312,239.882,200.0,200.0,1565.0,1565.0,1565.0,N/A,N/A,N/A,N/A,N/A,N/A,N/A,N/A,N/A,LSB_UNSIGNED_INTEGER,"frozenset({'CKE14F.PLT', 'NULL', 'N/A', 'S980928A.BSP'})","VICAR programs run: SSIMERGE,CATLABEL,BADLABELS.",REDR,11.483,5.067,14.151,SKEWED,"frozenset({200, 201, 400, 1})",0.0
C0440948001R,82.153160050617,-82.153160050617,-1665080.2479059,108852.93706707,-1605272.747389051,69583.72656287508,241.07686988194936,3.9928385925392247,238.88306875336937,2.5524032361364277,FIXED_LENGTH,1000,809,"['C0440948001R.IMG', 1]","['C0440948001R.IMG', 3]","['C0440948001R.IMG', 5]","['C0440948001R.IMG', 10]","['C0440948001R.IMG', 10]",GO-J/JSA-SSI-2-REDR-V1.0,GALILEO ORBITER,SOLID STATE IMAGING SYSTEM,1,04409480.01,1998-03-29 13:10:42.081000+00:00,14E0001,14,14ESCRATER01,EUROPA,000T05:10:41Z,-000T00:11:18Z,NOT APPLICABLE,IR-9680,5,395.83,400K,2.333,OFF,NORMAL,OFF,NOT INVERTED,N,INTEGER COSINE TRANSFORM,3.266,AI8,NOT POSSIBLE,N/A,WEST,5116.455,675688.1,7.448,280.545,751.526,12971.988,2.473,85.067,97.049,258.138,-32.908,90.874,UNK,UNK,144.801,82.5917,4059.82,747374000.0,1.399,217.456,176.827,22.488,55.23,77.689,157.573,3.312,239.882,200.0,200.0,1565.0,1565.0,1565.0,N/A,N/A,N/A,N/A,N/A,N/A,N/A,N/A,N/A,LSB_UNSIGNED_INTEGER,"frozenset({'CKE14F.PLT', 'NULL', 'N/A', 'S980928A.BSP'})","VICAR programs run: SSIMERGE,CATLABEL,BADLABELS.",REDR,5.081,3.026,5.699,SKEWED,"frozenset({400, 1})",1.0
C0440948028R,80.052451677333,-80.052451677333,-1661328.5296597,108230.91466775,-1603770.8169036978,69885.7903143075,240.93925296682164,3.9700221660068067,238.82797638593482,2.5634832477247547,FIXED_LENGTH,1000,809,"['C0440948028R.IMG', 1]","['C0440948028R.IMG', 3]","['C0440948028R.IMG', 5]","['C0440948028R.IMG', 10]","['C0440948028R.IMG', 10]",GO-J/JSA-SSI-2-REDR-V1.0,GALILEO ORBITER,SOLID STATE IMAGING SYSTEM,1,04409480.28,1998-03-29 13:11:00.573000+00:00,14E0002,14,14ESCRATER01,EUROPA,000T05:10:59Z,-000T00:11:00Z,NOT APPLICABLE,GREEN,1,45.83,400K,2.333,OFF,NORMAL,OFF,NOT INVERTED,N,INTEGER COSINE TRANSFORM,5.749,AI8,NOT POSSIBLE,N/A,WEST,5025.04,675771.9,7.591,279.715,780.445,13159.447,2.565,85.497,97.683,258.876,-33.168,90.754,UNK,UNK,139.423,80.5618,3958.84,747374000.0,1.399,217.477,176.605,22.212,54.875,77.055,157.85,3.312,239.627,200.0,200.0,1565.0,1565.0,1565.0,N/A,N/A,N/A,N/A,N/A,N/A,N/A,N/A,N/A,LSB_UNSIGNED_INTEGER,"frozenset({'CKE14F.PLT', 'NULL', 'N/A', 'S980928A.BSP'})","VICAR programs run: SSIMERGE,CATLABEL,BADLABELS.",REDR,2.188,1.902,2.31,SKEWED,"frozenset({400, 1})",0.0
C0440948032R,79.731889111536,-79.731889111536,-1661931.4966409,108116.44163524,-1604763.7321479286,69924.86675081425,240.9613704208604,3.965823176486392,238.86439754656774,2.5649166119310594,FIXED_LENGTH,1000,810,"['C0440948032R.IMG', 1]","['C0440948032R.IMG', 3]","['C0440948032R.IMG', 5]","['C0440948032R.IMG', 11]","['C0440948032R.IMG', 11]",GO-J/JSA-SSI-2-REDR-V1.0,GALILEO ORBITER,SOLID STATE IMAGING SYSTEM,1,04409480.32,1998-03-29 13:11:03.239000+00:00,14E0003,14,14ESCRATER01,EUROPA,000T05:11:02Z,-000T00:10:57Z,NOT APPLICABLE,RED,2,45.83,400K,2.333,OFF,NORMAL,OFF,NOT INVERTED,N,INTEGER COSINE TRANSFORM,5.731,AI8,NOT POSSIBLE,N/A,WEST,5011.952,675784.0,7.612,279.592,783.581,13177.756,2.575,85.569,97.787,258.998,-33.206,90.734,UNK,UNK,139.005,80.2185,3943.41,747374000.0,1.399,217.48,176.597,22.213,54.771,76.952,157.85,3.319,239.631,200.0,200.0,1565.0,1565.0,1565.0,N/A,N/A,N/A,N/A,N/A,N/A,N/A,N/A,N/A,LSB_UNSIGNED_INTEGER,"frozenset({'CKE14F.PLT', 'NULL', 'N/A', 'S980928A.BSP'})","VICAR programs run: SSIMERGE,CATLABEL,BADLABELS.",REDR,2.378,1.835,2.44,SKEWED,"frozenset({400, 1})",0.0
C0440948035R,79.475871382881,-79.475871382881,-1662635.2293299,107928.23333795,-1605809.98129114,69859.29094555,240.98718406553715,3.9589195010036393,238.90277504991295,2.56251122340365,FIXED_LENGTH,1000,810,"['C0440948035R.IMG', 1]","['C0440948035R.IMG', 3]","['C0440948035R.IMG', 5]","['C0440948035R.IMG', 11]","['C0440948035R.IMG', 11]",GO-J/JSA-SSI-2-REDR-V1.0,GALILEO ORBITER,SOLID STATE IMAGING SYSTEM,1,04409480.35,1998-03-29 13:11:05.348000+00:00,14E0004,14,14ESCRATER01,EUROPA,000T05:11:04Z,-000T00:10:55Z,NOT APPLICABLE,VIOLET,3,262.5,400K,2.333,OFF,NORMAL,OFF,NOT INVERTED,N,INTEGER COSINE TRANSFORM,5.603,AI8,NOT POSSIBLE,N/A,WEST,5001.615,675793.6,7.629,279.495,802.558,13193.023,2.655,85.624,97.869,259.091,-33.255,90.718,UNK,UNK,137.772,80.0158,3931.39,747374000.0,1.399,217.483,176.361,22.21,54.698,76.871,157.85,3.277,239.632,200.0,200.0,1565.0,1565.0,1565.0,N/A,N/A,N/A,N/A,N/A,N/A,N/A,N/A,N/A,LSB_UNSIGNED_INTEGER,"frozenset({'CKE14F.PLT', 'NULL', 'N/A', 'S980928A.BSP'})","VICAR programs run: SSIMERGE,CATLABEL,BADLABELS.",REDR,2.32,2.01,2.494,SKEWED,"frozenset({400, 1})",0.0
C0440948639R,21.327658685079,-21.327658685079,-1602730.8948663,101434.34470624,-1579995.6107080057,79189.5966977026,238.78983096739094,3.720716932997898,237.95587717206388,2.9047565122416645,FIXED_LENGTH,1000,807,"['C0440948639R.IMG', 1]","['C0440948639R.IMG', 3]","['C0440948639R.IMG', 5]","['C0440948639R.IMG', 8]","['C0440948639R.IMG', 8]",GO-J/JSA-SSI-2-REDR-V1.0,GALILEO ORBITER,SOLID STATE IMAGING SYSTEM,1,04409486.39,1998-03-29 13:17:12.815000+00:00,14E0005,14,14ESCRATER02,EUROPA,000T05:17:11Z,-000T00:04:48Z,NOT APPLICABLE,CLEAR,0,6.25,100K,8.667,ON,NORMAL,OFF,NOT INVERTED,N,INTEGER COSINE TRANSFORM,4.934,IM8,NOT POSSIBLE,N/A,WEST,3536.952,677474.6,10.996,254.236,4933.349,23286.693,11.204,110.882,124.712,293.665,-39.206,80.274,UNK,UNK,25.1351,21.4759,2105.84,747377000.0,1.399,217.914,167.088,19.897,31.396,50.43,159.93,3.32,237.735,400.0,400.0,1565.0,1565.0,1565.0,N/A,N/A,N/A,N/A,N/A,N/A,N/A,N/A,N/A,LSB_UNSIGNED_INTEGER,"frozenset({'MIPS_NEAR.CK', 'NULL', 'N/A', 'S980928A.BSP'})","VICAR programs run: SSIMERGE,CATLABEL,BADLABELS.",REDR,4.138,3.303,4.424,SKEWED,"frozenset({800, 1})",0.0
C0440948652R,20.908184121412,-20.908184121412,-1625255.8763097,100296.55923041,-1603239.5584298533,78426.59863941305,239.6160706410896,3.6789817820655397,238.80848927429471,2.876768952371839,FIXED_LENGTH,1000,807,"['C0440948652R.IMG', 1]","['C0440948652R.IMG', 3]","['C0440948652R.IMG', 5]","['C0440948652R.IMG', 8]","['C0440948652R.IMG', 8]",GO-J/JSA-SSI-2-REDR-V1.0,GALILEO ORBITER,SOLID STATE IMAGING SYSTEM,1,04409486.52,1998-03-29 13:17:21.482000+00:00,14E0006,14,14ESCRATER02,EUROPA,000T05:17:20Z,-000T00:04:39Z,NOT APPLICABLE,CLEAR,0,6.25,100K,8.667,ON,NORMAL,OFF,NOT INVERTED,N,INTEGER COSINE TRANSFORM,4.733,IM8,NOT POSSIBLE,N/A,WEST,3513.988,677514.5,11.071,253.403,5615.689,21409.373,13.942,112.609,126.412,296.209,-39.177,79.589,UNK,UNK,23.8752,21.1505,2060.85,747377000.0,1.399,217.924,166.802,20.948,28.815,48.618,159.092,3.315,238.803,400.0,400.0,1565.0,1565.0,1565.0,N/A,N/A,N/A,N/A,N/A,N/A,N/A,N/A,N/A,LSB_UNSIGNED_INTEGER,"frozenset({'MIPS_NEAR.CK', 'NULL', 'N/A', 'S980928A.BSP'})","VICAR programs run: SSIMERGE,CATLABEL,BADLABELS.",REDR,4.888,3.863,5.39,SKEWED,"frozenset({800, 1})",0.0
C0440948665R,20.534151316491,-20.534151316491,-1641972.3417206,99611.168036298,-1620555.2218974999,78050.30915398245,240.22924792432968,3.6538409224381074,239.44364576351688,2.862966263901722,FIXED_LENGTH,1000,807,"['C0440948665R.IMG', 1]","['C0440948665R.IMG', 3]","['C0440948665R.IMG', 5]","['C0440948665R.IMG', 8]","['C0440948665R.IMG', 8]",GO-J/JSA-SSI-2-REDR-V1.0,GALILEO ORBITER,SOLID STATE IMAGING SYSTEM,1,04409486.65,1998-03-29 13:17:30.149000+00:00,14E0007,14,14ESCRATER02,EUROPA,000T05:17:29Z,-000T00:04:30Z,NOT APPLICABLE,CLEAR,0,6.25,100K,8.667,ON,NORMAL,OFF,NOT INVERTED,N,INTEGER COSINE TRANSFORM,4.868,IM8,NOT POSSIBLE,N/A,WEST,3491.753,677554.4,11.146,252.558,6059.092,19995.477,16.108,114.539,127.992,298.46,-39.125,78.568,UNK,UNK,23.0772,20.7521,2023.54,747377000.0,1.399,217.934,166.141,21.556,26.9,47.031,158.522,3.298,239.425,400.0,400.0,1565.0,1565.0,1565.0,N/A,N/A,N/A,N/A,N/A,N/A,N/A,N/A,N/A,LSB_UNSIGNED_INTEGER,"frozenset({'MIPS_NEAR.CK', 'NULL', 'N/A', 'S980928A.BSP'})","VICAR programs run: SSIMERGE,CATLABEL,BADLABELS.",REDR,4.567,3.81,4.896,SKEWED,"frozenset({800, 1})",0.0
C0440948678R,20.179816534721,-20.179816534721,-1658861.6384202,99203.978084688,-1637975.5283067639,77974.81109016151,240.84876483843425,3.6389047728303043,240.08264066433347,2.8601969166428556,FIXED_LENGTH,1000,807,"['C0440948678R.IMG', 1]","['C0440948678R.IMG', 3]","['C0440948678R.IMG', 5]","['C0440948678R.IMG', 8]","['C0440948678R.IMG', 8]",GO-J/JSA-SSI-2-REDR-V1.0,GALILEO ORBITER,SOLID STATE IMAGING SYSTEM,1,04409486.78,1998-03-29 13:17:38.815000+00:00,14E0008,14,14ESCRATER02,EUROPA,000T05:17:37Z,-000T00:04:22Z,NOT APPLICABLE,CLEAR,0,6.25,100K,8.667,ON,NORMAL,OFF,NOT INVERTED,N,INTEGER COSINE TRANSFORM,4.705,IM8,NOT POSSIBLE,N/A,WEST,3470.264,677594.4,11.219,251.703,6549.013,18498.314,18.765,116.512,129.735,300.791,-39.016,77.521,UNK,UNK,22.2854,20.3857,1988.21,747377000.0,1.399,217.944,165.544,22.169,24.989,45.388,157.822,3.292,240.053,400.0,400.0,1565.0,1565.0,1565.0,N/A,N/A,N/A,N/A,N/A,N/A,N/A,N/A,N/A,LSB_UNSIGNED_INTEGER,"frozenset({'MIPS_NEAR.CK', 'NULL', 'N/A', 'S980928A.BSP'})","VICAR programs run: SSIMERGE,CATLABEL,BADLABELS.",REDR,4.678,3.568,5.096,SKEWED,"frozenset({800, 1})",0.0
C0440948700R,19.851958903488,-19.851958903488,-1674016.4345366,99299.498435247,-1653529.2129482003,78315.97787426019,241.40465847278185,3.6424085583262324,240.65316594335508,2.872711268012193,FIXED_LENGTH,1000,807,"['C0440948700R.IMG', 1]","['C0440948700R.IMG', 3]","['C0440948700R.IMG', 5]","['C0440948700R.IMG', 8]","['C0440948700R.IMG', 8]",GO-J/JSA-SSI-2-REDR-V1.0,GALILEO ORBITER,SOLID STATE IMAGING SYSTEM,1,04409487.00,1998-03-29 13:17:47.482000+00:00,14E0009,14,14ESCRATER02,EUROPA,000T05:17:46Z,-000T00:04:13Z,NOT APPLICABLE,CLEAR,0,6.25,100K,8.667,ON,NORMAL,OFF,NOT INVERTED,N,INTEGER COSINE TRANSFORM,5.054,IM8,NOT POSSIBLE,N/A,WEST,3449.529,677634.4,11.29,250.837,7027.261,17015.434,21.745,118.551,131.384,303.13,-38.848,76.39,UNK,UNK,21.5046,20.1275,1955.51,747377000.0,1.399,217.955,164.946,22.718,23.196,43.738,157.315,3.302,240.613,400.0,400.0,1565.0,1565.0,1565.0,N/A,N/A,N/A,N/A,N/A,N/A,N/A,N/A,N/A,LSB_UNSIGNED_INTEGER,"frozenset({'MIPS_NEAR.CK', 'NULL', 'N/A', 'S980928A.BSP'})","VICAR programs run: SSIMERGE,CATLABEL,BADLABELS.",REDR,3.923,3.116,4.227,SKEWED,"frozenset({800, 1})",0.0
C0440948778R,20.365253861939,-20.365253861939,-1274050.2816029,-45577.438143019,-1249449.0549376777,-70830.35293182335,226.733485290205,-1.6718276866924229,225.831086789077,-2.5981307838767957,FIXED_LENGTH,1000,808,"['C0440948778R.IMG', 1]","['C0440948778R.IMG', 3]","['C0440948778R.IMG', 5]","['C0440948778R.IMG', 9]","['C0440948778R.IMG', 9]",GO-J/JSA-SSI-2-REDR-V1.0,GALILEO ORBITER,SOLID STATE IMAGING SYSTEM,1,04409487.78,1998-03-29 13:18:39.482000+00:00,14E0010,14,14ESDRKSPT01,EUROPA,000T05:18:38Z,-000T00:03:21Z,NOT APPLICABLE,CLEAR,0,6.25,100K,8.667,ON,NORMAL,OFF,NOT INVERTED,N,INTEGER COSINE TRANSFORM,5.532,IM8,NOT POSSIBLE,N/A,WEST,3341.79,677874.3,11.677,245.419,8138.243,31979.91,13.768,120.44,128.379,301.847,-43.175,74.379,UNK,UNK,27.1882,20.8716,2010.67,747378000.0,1.399,218.016,127.693,8.608,42.019,46.907,172.094,-2.035,225.91,400.0,400.0,1565.0,1565.0,1565.0,N/A,N/A,N/A,N/A,N/A,N/A,N/A,N/A,N/A,LSB_UNSIGNED_INTEGER,"frozenset({'MIPS_NEAR.CK', 'NULL', 'N/A', 'S980928A.BSP'})","VICAR programs run: SSIMERGE,CATLABEL,BADLABELS.",REDR,3.426,2.235,4.259,SKEWED,"frozenset({800, 1})",0.0
C0440948800R,20.074287083063,-20.074287083063,-1267952.1950275,-33343.390844968,-1243842.9762407413,-58054.838244218554,226.50980115200025,-1.2230701472930952,225.62545000997798,-2.1295116592243315,FIXED_LENGTH,1000,807,"['C0440948800R.IMG', 1]","['C0440948800R.IMG', 3]","['C0440948800R.IMG', 5]","['C0440948800R.IMG', 8]","['C0440948800R.IMG', 8]",GO-J/JSA-SSI-2-REDR-V1.0,GALILEO ORBITER,SOLID STATE IMAGING SYSTEM,1,04409488.00,1998-03-29 13:18:48.149000+00:00,14E0011,14,14ESDRKSPT01,EUROPA,000T05:18:47Z,-000T00:03:12Z,NOT APPLICABLE,CLEAR,0,6.25,100K,8.667,ON,NORMAL,OFF,NOT INVERTED,N,INTEGER COSINE TRANSFORM,5.223,IM8,NOT POSSIBLE,N/A,WEST,3326.731,677914.3,11.733,244.482,7749.514,31394.787,13.34,121.82,129.583,303.432,-42.808,73.606,UNK,UNK,26.3605,20.5595,1981.56,747378000.0,1.399,218.026,129.361,8.225,40.853,45.745,172.272,-1.58,225.693,400.0,400.0,1565.0,1565.0,1565.0,N/A,N/A,N/A,N/A,N/A,N/A,N/A,N/A,N/A,LSB_UNSIGNED_INTEGER,"frozenset({'MIPS_NEAR.CK', 'NULL', 'N/A', 'S980928A.BSP'})","VICAR programs run: SSIMERGE,CATLABEL,BADLABELS.",REDR,4.673,2.752,5.508,SKEWED,"frozenset({800, 1})",0.0
C0440948813R,19.833034177006,-19.833034177006,-1255887.2231906,-23422.813363044,-1232087.582178193,-47738.113264053354,226.06724547581678,-0.8591730794014387,225.1942499675342,-1.7510834903634775,FIXED_LENGTH,1000,807,"['C0440948813R.IMG', 1]","['C0440948813R.IMG', 3]","['C0440948813R.IMG', 5]","['C0440948813R.IMG', 8]","['C0440948813R.IMG', 8]",GO-J/JSA-SSI-2-REDR-V1.0,GALILEO ORBITER,SOLID STATE IMAGING SYSTEM,1,04409488.13,1998-03-29 13:18:56.815000+00:00,14E0012,14,14ESDRKSPT01,EUROPA,000T05:18:55Z,-000T00:03:04Z,NOT APPLICABLE,CLEAR,0,6.25,100K,8.667,ON,NORMAL,OFF,NOT INVERTED,N,INTEGER COSINE TRANSFORM,4.306,IM8,NOT POSSIBLE,N/A,WEST,3312.534,677954.3,11.786,243.537,7324.252,31037.254,12.735,123.143,130.649,304.866,-42.475,72.824,UNK,UNK,25.5851,20.1691,1957.48,747378000.0,1.399,218.036,130.077,7.678,40.023,44.697,172.718,-1.214,225.256,400.0,400.0,1565.0,1565.0,1565.0,N/A,N/A,N/A,N/A,N/A,N/A,N/A,N/A,N/A,LSB_UNSIGNED_INTEGER,"frozenset({'MIPS_NEAR.CK', 'NULL', 'N/A', 'S980928A.BSP'})","VICAR programs run: SSIMERGE,CATLABEL,BADLABELS.",REDR,6.868,2.419,12.8,SKEWED,"frozenset({800, 1})",0.0
C0440948814R,19.833034177006,-19.833034177006,-1255887.2231906,-23422.813363044,-1232087.582178193,-47738.113264053354,226.06724547581678,-0.8591730794014387,225.1942499675342,-1.7510834903634775,FIXED_LENGTH,1000,812,"['C0440948814R.IMG', 1]","['C0440948814R.IMG', 3]","['C0440948814R.IMG', 5]","['C0440948814R.IMG', 13]","['C0440948814R.IMG', 13]",GO-J/JSA-SSI-2-REDR-V1.0,GALILEO ORBITER,SOLID STATE IMAGING SYSTEM,1,04409488.14,1998-03-29 13:18:56.815000+00:00,14E0012,14,14ESDRKSPT01,EUROPA,000T05:18:55Z,-000T00:03:04Z,NOT APPLICABLE,CLEAR,0,6.25,100K,8.667,ON,NORMAL,OFF,NOT INVERTED,N,HUFFMAN,3.485,IM8,NOT POSSIBLE,N/A,WEST,3312.534,677954.3,11.786,243.537,7324.252,31037.254,12.735,123.143,130.649,304.866,-42.475,72.824,UNK,UNK,25.5851,20.1691,1957.48,747378000.0,1.399,218.036,130.077,7.678,40.023,44.697,172.718,-1.214,225.256,400.0,400.0,1565.0,1565.0,1565.0,N/A,N/A,N/A,N/A,N/A,N/A,N/A,N/A,N/A,LSB_UNSIGNED_INTEGER,"frozenset({'MIPS_NEAR.CK', 'NULL', 'N/A', 'S980928A.BSP'})","VICAR programs run: SSIMERGE,CATLABEL,BADLABELS.",REDR,1.701,1.607,1.749,UNIFORM,"frozenset({400, 225, 257})",1.0
C0440948826R,19.586097721438,-19.586097721438,-1246185.0536242,-12907.238398428,-1222760.0807493601,-36802.27761858236,225.71135983671627,-0.47345088693925774,224.85210754418316,-1.3499457003927908,FIXED_LENGTH,1000,807,"['C0440948826R.IMG', 1]","['C0440948826R.IMG', 3]","['C0440948826R.IMG', 5]","['C0440948826R.IMG', 8]","['C0440948826R.IMG', 8]",GO-J/JSA-SSI-2-REDR-V1.0,GALILEO ORBITER,SOLID STATE IMAGING SYSTEM,1,04409488.26,1998-03-29 13:19:05.482000+00:00,14E0013,14,14ESDRKSPT01,EUROPA,000T05:19:04Z,-000T00:02:55Z,NOT APPLICABLE,CLEAR,0,6.25,100K,8.667,ON,NORMAL,OFF,NOT INVERTED,N,INTEGER COSINE TRANSFORM,5.204,IM8,NOT POSSIBLE,N/A,WEST,3299.208,677994.3,11.837,242.583,6996.08,30513.6,12.355,124.395,131.796,306.396,-42.094,72.137,UNK,UNK,25.1521,19.9468,1932.83,747378000.0,1.399,218.046,131.54,7.209,39.028,43.567,173.101,-0.825,224.904,400.0,400.0,1565.0,1565.0,1565.0,N/A,N/A,N/A,N/A,N/A,N/A,N/A,N/A,N/A,LSB_UNSIGNED_INTEGER,"frozenset({'MIPS_NEAR.CK', 'NULL', 'N/A', 'S980928A.BSP'})","VICAR programs run: SSIMERGE,CATLABEL,BADLABELS.",REDR,3.995,2.522,4.658,SKEWED,"frozenset({800, 1})",0.0
C0440948827R,19.586097721438,-19.586097721438,-1246185.0536242,-12907.238398428,-1222760.0807493601,-36802.27761858236,225.71135983671627,-0.47345088693925774,224.85210754418316,-1.3499457003927908,FIXED_LENGTH,1000,811,"['C0440948827R.IMG', 1]","['C0440948827R.IMG', 3]","['C0440948827R.IMG', 5]","['C0440948827R.IMG', 12]","['C0440948827R.IMG', 12]",GO-J/JSA-SSI-2-REDR-V1.0,GALILEO ORBITER,SOLID STATE IMAGING SYSTEM,1,04409488.27,1998-03-29 13:19:05.482000+00:00,14E0013,14,14ESDRKSPT01,EUROPA,000T05:19:04Z,-000T00:02:55Z,NOT APPLICABLE,CLEAR,0,6.25,100K,8.667,ON,NORMAL,OFF,NOT INVERTED,N,HUFFMAN,4.138,IM8,NOT POSSIBLE,N/A,WEST,3299.208,677994.3,11.837,242.583,6996.08,30513.6,12.355,124.395,131.796,306.396,-42.094,72.137,UNK,UNK,25.1521,19.9468,1932.83,747378000.0,1.399,218.046,131.54,7.209,39.028,43.567,173.101,-0.825,224.904,400.0,400.0,1565.0,1565.0,1565.0,N/A,N/A,N/A,N/A,N/A,N/A,N/A,N/A,N/A,LSB_UNSIGNED_INTEGER,"frozenset({'MIPS_NEAR.CK', 'NULL', 'N/A', 'S980928A.BSP'})","VICAR programs run: SSIMERGE,CATLABEL,BADLABELS.",REDR,1.602,1.519,1.657,UNIFORM,"frozenset({200, 353, 105})",1.0
C0440948839R,19.366063016056,-19.366063016056,-1234315.3923913,-4183.0696114681,-1211172.947087113,-27732.2022389922,225.2759683559895,-0.15343933043953342,224.4270794676782,-1.0172459314324616,FIXED_LENGTH,1000,807,"['C0440948839R.IMG', 1]","['C0440948839R.IMG', 3]","['C0440948839R.IMG', 5]","['C0440948839R.IMG', 8]","['C0440948839R.IMG', 8]",GO-J/JSA-SSI-2-REDR-V1.0,GALILEO ORBITER,SOLID STATE IMAGING SYSTEM,1,04409488.39,1998-03-29 13:19:14.149000+00:00,14E0014,14,14ESDRKSPT01,EUROPA,000T05:19:13Z,-000T00:02:46Z,NOT APPLICABLE,CLEAR,0,6.25,100K,8.667,ON,NORMAL,OFF,NOT INVERTED,N,INTEGER COSINE TRANSFORM,5.254,IM8,NOT POSSIBLE,N/A,WEST,3286.764,678034.3,11.885,241.621,6753.017,30052.232,12.093,125.537,132.913,307.891,-41.733,71.541,UNK,UNK,24.3575,19.6383,1910.86,747378000.0,1.399,218.056,132.655,6.693,38.17,42.475,173.538,-0.502,224.474,400.0,400.0,1565.0,1565.0,1565.0,N/A,N/A,N/A,N/A,N/A,N/A,N/A,N/A,N/A,LSB_UNSIGNED_INTEGER,"frozenset({'MIPS_NEAR.CK', 'NULL', 'N/A', 'S980928A.BSP'})","VICAR programs run: SSIMERGE,CATLABEL,BADLABELS.",REDR,3.74,3.16,4.533,SKEWED,"frozenset({800, 1})",0.0
C0440948852R,19.148110979326,-19.148110979326,-1223640.8840228,4940.2126326661,-1200797.187624464,-18267.297874277014,224.8844163214875,0.18121212147822074,224.0464858527917,-0.6700634259310968,FIXED_LENGTH,1000,807,"['C0440948852R.IMG', 1]","['C0440948852R.IMG', 3]","['C0440948852R.IMG', 5]","['C0440948852R.IMG', 8]","['C0440948852R.IMG', 8]",GO-J/JSA-SSI-2-REDR-V1.0,GALILEO ORBITER,SOLID STATE IMAGING SYSTEM,1,04409488.52,1998-03-29 13:19:22.815000+00:00,14E0015,14,14ESDRKSPT01,EUROPA,000T05:19:21Z,-000T00:02:38Z,NOT APPLICABLE,CLEAR,0,6.25,100K,8.667,ON,NORMAL,OFF,NOT INVERTED,N,INTEGER COSINE TRANSFORM,5.488,IM8,NOT POSSIBLE,N/A,WEST,3275.214,678074.3,11.93,240.652,6380.7,29519.994,11.606,126.993,134.085,309.444,-41.329,70.638,UNK,UNK,23.9688,19.4391,1889.07,747378000.0,1.399,218.066,133.99,6.221,37.208,41.328,173.935,-0.165,224.088,400.0,400.0,1565.0,1565.0,1565.0,N/A,N/A,N/A,N/A,N/A,N/A,N/A,N/A,N/A,LSB_UNSIGNED_INTEGER,"frozenset({'MIPS_NEAR.CK', 'NULL', 'N/A', 'S980928A.BSP'})","VICAR programs run: SSIMERGE,CATLABEL,BADLABELS.",REDR,3.524,2.397,3.67,SKEWED,"frozenset({800, 1})",0.0
C0440949111R,35.289543987779,-35.289543987779,-1340932.0924476,663655.16423417,-1324028.4008774539,648233.6335115106,229.18677945639809,24.343559515159694,228.56673452351703,23.77788177889867,FIXED_LENGTH,1000,810,"['C0440949111R.IMG', 1]","['C0440949111R.IMG', 3]","['C0440949111R.IMG', 5]","['C0440949111R.IMG', 11]","['C0440949111R.IMG', 11]",GO-J/JSA-SSI-2-REDR-V1.0,GALILEO ORBITER,SOLID STATE IMAGING SYSTEM,1,04409491.11,1998-03-29 13:21:56.564000+00:00,14E0016,14,14ESVLOFOT01,EUROPA,000T05:21:55Z,-000T00:00:04Z,NOT APPLICABLE,GREEN,1,29.17,400K,2.333,OFF,NORMAL,OFF,NOT INVERTED,N,INTEGER COSINE TRANSFORM,5.038,AI8,NOT POSSIBLE,N/A,WEST,3225.853,678784.6,12.142,222.825,-9154.827,-3750.587,247.105,114.077,174.651,339.685,-9.748,89.71,UNK,UNK,35.7961,38.2808,1736.44,747379000.0,1.399,218.247,247.051,24.612,24.6,0.024,169.891,23.98,228.356,200.0,200.0,1565.0,1565.0,1565.0,N/A,N/A,N/A,N/A,N/A,N/A,N/A,N/A,N/A,LSB_UNSIGNED_INTEGER,"frozenset({'CKE14F.PLT', 'NULL', 'N/A', 'S980928A.BSP'})","VICAR programs run: SSIMERGE,CATLABEL,BADLABELS.",REDR,3.041,2.629,3.303,SKEWED,"frozenset({400, 1})",0.0
C0440949114R,35.345641830431,-35.345641830431,-1343346.4634074,663791.15357549,-1326345.2096869627,648345.1080955917,229.27534108647203,24.348547745195802,228.65171747276386,23.78197078222186,FIXED_LENGTH,1000,810,"['C0440949114R.IMG', 1]","['C0440949114R.IMG', 3]","['C0440949114R.IMG', 5]","['C0440949114R.IMG', 11]","['C0440949114R.IMG', 11]",GO-J/JSA-SSI-2-REDR-V1.0,GALILEO ORBITER,SOLID STATE IMAGING SYSTEM,1,04409491.14,1998-03-29 13:21:58.564000+00:00,14E0017,14,14ESVLOFOT01,EUROPA,000T05:21:57Z,-000T00:00:02Z,NOT APPLICABLE,GREEN,1,29.17,400K,2.333,OFF,NORMAL,OFF,NOT INVERTED,N,INTEGER COSINE TRANSFORM,5.286,AI8,NOT POSSIBLE,N/A,WEST,3227.185,678793.9,12.137,222.593,-9151.006,-3989.343,245.867,114.212,175.149,340.145,-9.544,89.64,UNK,UNK,35.7957,38.3328,1739.3,747379000.0,1.399,218.249,247.014,24.65,24.838,0.474,169.794,23.982,228.455,200.0,200.0,1565.0,1565.0,1565.0,N/A,N/A,N/A,N/A,N/A,N/A,N/A,N/A,N/A,LSB_UNSIGNED_INTEGER,"frozenset({'CKE14F.PLT', 'NULL', 'N/A', 'S980928A.BSP'})","VICAR programs run: SSIMERGE,CATLABEL,BADLABELS.",REDR,2.687,2.353,2.941,SKEWED,"frozenset({400, 1})",0.0
C0440949121R,35.455944499896,-35.455944499896,-1341546.5720426,663628.91320455,-1324385.8949046503,648063.7535690957,229.2093192050475,24.34259660017564,228.5798477750916,23.771650406475946,FIXED_LENGTH,1000,810,"['C0440949121R.IMG', 1]","['C0440949121R.IMG', 3]","['C0440949121R.IMG', 5]","['C0440949121R.IMG', 11]","['C0440949121R.IMG', 11]",GO-J/JSA-SSI-2-REDR-V1.0,GALILEO ORBITER,SOLID STATE IMAGING SYSTEM,1,04409491.21,1998-03-29 13:22:03.231000+00:00,14E0019,14,14ESVLOFOT01,EUROPA,000T05:22:02Z,000T00:00:02Z,NOT APPLICABLE,GREEN,1,29.17,400K,2.333,OFF,NORMAL,OFF,NOT INVERTED,N,INTEGER COSINE TRANSFORM,5.318,AI8,NOT POSSIBLE,N/A,WEST,3230.49,678815.4,12.125,222.053,-9134.419,-4336.065,244.083,114.505,176.063,340.99,-9.169,89.462,UNK,UNK,36.1764,38.4367,1744.93,747379000.0,1.399,218.255,247.404,24.622,25.192,1.388,169.87,23.983,228.385,200.0,200.0,1565.0,1565.0,1565.0,N/A,N/A,N/A,N/A,N/A,N/A,N/A,N/A,N/A,LSB_UNSIGNED_INTEGER,"frozenset({'CKE14F.PLT', 'NULL', 'N/A', 'S980928A.BSP'})","VICAR programs run: SSIMERGE,CATLABEL,BADLABELS.",REDR,2.316,2.043,2.492,SKEWED,"frozenset({400, 1})",0.0
C0440949132R,35.665853212117,-35.665853212117,-1343176.0319683,663491.86730501,-1325735.4297475747,647727.5601852543,229.26908948457907,24.337569614488554,228.62935011235498,23.759318484584565,FIXED_LENGTH,1000,809,"['C0440949132R.IMG', 1]","['C0440949132R.IMG', 3]","['C0440949132R.IMG', 5]","['C0440949132R.IMG', 10]","['C0440949132R.IMG', 10]",GO-J/JSA-SSI-2-REDR-V1.0,GALILEO ORBITER,SOLID STATE IMAGING SYSTEM,1,04409491.32,1998-03-29 13:22:10.564000+00:00,14E0022,14,14ESVLOFOT01,EUROPA,000T05:22:09Z,000T00:00:09Z,NOT APPLICABLE,GREEN,1,29.17,400K,2.333,OFF,NORMAL,OFF,NOT INVERTED,N,INTEGER COSINE TRANSFORM,5.357,AI8,NOT POSSIBLE,N/A,WEST,3236.232,678849.3,12.104,221.207,-9080.192,-5002.675,240.724,115.207,177.599,342.4,-8.541,88.94,UNK,UNK,36.5611,38.7247,1755.36,747379000.0,1.399,218.263,247.567,24.626,25.891,2.916,169.858,23.982,228.405,200.0,200.0,1565.0,1565.0,1565.0,N/A,N/A,N/A,N/A,N/A,N/A,N/A,N/A,N/A,LSB_UNSIGNED_INTEGER,"frozenset({'CKE14F.PLT', 'NULL', 'N/A', 'S980928A.BSP'})","VICAR programs run: SSIMERGE,CATLABEL,BADLABELS.",REDR,2.387,2.18,2.453,SKEWED,"frozenset({400, 1})",0.0
C0440949600R,55.519014849755,-55.519014849755,-1269275.7174951,-27037.760231831,-1225915.3668974414,-61181.95436443032,226.5583493283666,-0.9917730785983191,224.96784671155905,-2.24421752077072,FIXED_LENGTH,1000,809,"['C0440949600R.IMG', 1]","['C0440949600R.IMG', 3]","['C0440949600R.IMG', 5]","['C0440949600R.IMG', 10]","['C0440949600R.IMG', 10]",GO-J/JSA-SSI-2-REDR-V1.0,GALILEO ORBITER,SOLID STATE IMAGING SYSTEM,1,04409496.00,1998-03-29 13:26:52.747000+00:00,14E0023,14,14ESDRKSPT02,EUROPA,000T05:26:51Z,000T00:04:51Z,NOT APPLICABLE,IR-9680,5,395.83,400K,2.333,OFF,NORMAL,OFF,NOT INVERTED,N,INTEGER COSINE TRANSFORM,3.405,AI8,NOT POSSIBLE,N/A,WEST,3904.974,680151.6,9.991,193.443,968.373,16598.051,2.683,276.114,140.097,24.642,-4.448,286.928,UNK,UNK,90.5312,55.8666,2743.18,747382000.0,1.399,218.594,357.754,7.24,52.099,44.87,173.371,-1.514,225.223,200.0,200.0,1565.0,1565.0,1565.0,N/A,N/A,N/A,N/A,N/A,N/A,N/A,N/A,N/A,LSB_UNSIGNED_INTEGER,"frozenset({'CKE14F.PLT', 'NULL', 'N/A', 'S980928A.BSP'})","VICAR programs run: SSIMERGE,CATLABEL,BADLABELS.",REDR,10.297,8.565,12.446,SKEWED,"frozenset({200, 1, 400})",0.0
C0440949601R,55.519014849755,-55.519014849755,-1269275.7174951,-27037.760231831,-1225915.3668974414,-61181.95436443032,226.5583493283666,-0.9917730785983191,224.96784671155905,-2.24421752077072,FIXED_LENGTH,1000,809,"['C0440949601R.IMG', 1]","['C0440949601R.IMG', 3]","['C0440949601R.IMG', 5]","['C0440949601R.IMG', 10]","['C0440949601R.IMG', 10]",GO-J/JSA-SSI-2-REDR-V1.0,GALILEO ORBITER,SOLID STATE IMAGING SYSTEM,1,04409496.01,1998-03-29 13:26:52.747000+00:00,14E0023,14,14ESDRKSPT02,EUROPA,000T05:26:51Z,000T00:04:51Z,NOT APPLICABLE,IR-9680,5,395.83,400K,2.333,OFF,NORMAL,OFF,NOT INVERTED,N,INTEGER COSINE TRANSFORM,3.427,AI8,NOT POSSIBLE,N/A,WEST,3904.974,680151.6,9.991,193.443,968.373,16598.051,2.683,276.114,140.097,24.642,-4.448,286.928,UNK,UNK,90.5312,55.8666,2743.18,747382000.0,1.399,218.594,357.754,7.24,52.099,44.87,173.371,-1.514,225.223,200.0,200.0,1565.0,1565.0,1565.0,N/A,N/A,N/A,N/A,N/A,N/A,N/A,N/A,N/A,LSB_UNSIGNED_INTEGER,"frozenset({'CKE14F.PLT', 'NULL', 'N/A', 'S980928A.BSP'})","VICAR programs run: SSIMERGE,CATLABEL,BADLABELS.",REDR,4.772,2.518,5.834,SKEWED,"frozenset({400, 1})",1.0
C0440949628R,57.370722130857,-57.370722130857,-1269900.9343665,-26562.644346587,-1224348.5809945995,-61673.52629067148,226.581282931447,-0.9743453353178435,224.9103753801676,-2.2622488886969263,FIXED_LENGTH,1000,809,"['C0440949628R.IMG', 1]","['C0440949628R.IMG', 3]","['C0440949628R.IMG', 5]","['C0440949628R.IMG', 10]","['C0440949628R.IMG', 10]",GO-J/JSA-SSI-2-REDR-V1.0,GALILEO ORBITER,SOLID STATE IMAGING SYSTEM,1,04409496.28,1998-03-29 13:27:11.231000+00:00,14E0024,14,14ESDRKSPT02,EUROPA,000T05:27:10Z,000T00:05:10Z,NOT APPLICABLE,GREEN,1,29.17,400K,2.333,OFF,NORMAL,OFF,NOT INVERTED,N,INTEGER COSINE TRANSFORM,5.026,AI8,NOT POSSIBLE,N/A,WEST,3973.534,680236.9,9.814,192.035,834.372,16558.82,2.221,277.181,138.886,25.742,-3.456,285.565,UNK,UNK,95.9784,57.6281,2833.62,747382000.0,1.399,218.616,354.567,7.126,53.22,46.12,173.506,-1.537,225.109,200.0,200.0,1565.0,1565.0,1565.0,N/A,N/A,N/A,N/A,N/A,N/A,N/A,N/A,N/A,LSB_UNSIGNED_INTEGER,"frozenset({'CKE14F.PLT', 'NULL', 'N/A', 'S980928A.BSP'})","VICAR programs run: SSIMERGE,CATLABEL,BADLABELS.",REDR,3.011,2.295,3.552,SKEWED,"frozenset({400, 1})",0.0
C0440949632R,57.639065031024,-57.639065031024,-1269903.8807635,-26456.33084924,-1224023.184998805,-61673.799583195665,226.58139100834384,-0.9704456460071786,224.8984395176647,-2.2622589133500686,FIXED_LENGTH,1000,810,"['C0440949632R.IMG', 1]","['C0440949632R.IMG', 3]","['C0440949632R.IMG', 5]","['C0440949632R.IMG', 11]","['C0440949632R.IMG', 11]",GO-J/JSA-SSI-2-REDR-V1.0,GALILEO ORBITER,SOLID STATE IMAGING SYSTEM,1,04409496.32,1998-03-29 13:27:13.897000+00:00,14E0025,14,14ESDRKSPT02,EUROPA,000T05:27:12Z,000T00:05:12Z,NOT APPLICABLE,RED,2,29.17,400K,2.333,OFF,NORMAL,OFF,NOT INVERTED,N,INTEGER COSINE TRANSFORM,5.066,AI8,NOT POSSIBLE,N/A,WEST,3983.615,680249.2,9.788,191.836,827.717,16554.453,2.198,277.345,138.712,25.896,-3.297,285.356,UNK,UNK,97.1413,57.9361,2847.13,747382000.0,1.399,218.619,354.57,7.121,53.396,46.3,173.5,-1.51,225.119,200.0,200.0,1565.0,1565.0,1565.0,N/A,N/A,N/A,N/A,N/A,N/A,N/A,N/A,N/A,LSB_UNSIGNED_INTEGER,"frozenset({'CKE14F.PLT', 'NULL', 'N/A', 'S980928A.BSP'})","VICAR programs run: SSIMERGE,CATLABEL,BADLABELS.",REDR,3.426,2.166,4.182,SKEWED,"frozenset({400, 1})",0.0
C0440949635R,57.862986306882,-57.862986306882,-1270786.9052717,-26616.973701166,-1224554.3792125012,-61971.2583346709,226.61378126284222,-0.976338192373571,224.91792427217598,-2.273170008765409,FIXED_LENGTH,1000,809,"['C0440949635R.IMG', 1]","['C0440949635R.IMG', 3]","['C0440949635R.IMG', 5]","['C0440949635R.IMG', 10]","['C0440949635R.IMG', 10]",GO-J/JSA-SSI-2-REDR-V1.0,GALILEO ORBITER,SOLID STATE IMAGING SYSTEM,1,04409496.35,1998-03-29 13:27:15.981000+00:00,14E0026,14,14ESDRKSPT02,EUROPA,000T05:27:14Z,000T00:05:14Z,NOT APPLICABLE,VIOLET,3,195.83,400K,2.333,OFF,NORMAL,OFF,NOT INVERTED,N,INTEGER COSINE TRANSFORM,5.101,AI8,NOT POSSIBLE,N/A,WEST,3991.527,680258.8,9.768,191.681,811.475,16544.305,2.143,277.454,138.584,26.012,-3.193,285.215,UNK,UNK,97.5331,58.1694,2857.25,747382000.0,1.399,218.622,354.156,7.098,53.503,46.432,173.526,-1.514,225.096,200.0,200.0,1565.0,1565.0,1565.0,N/A,N/A,N/A,N/A,N/A,N/A,N/A,N/A,N/A,LSB_UNSIGNED_INTEGER,"frozenset({'CKE14F.PLT', 'NULL', 'N/A', 'S980928A.BSP'})","VICAR programs run: SSIMERGE,CATLABEL,BADLABELS.",REDR,3.237,2.661,4.017,SKEWED,"frozenset({400, 1})",0.0
C0440949842R,67.433780163187,-67.433780163187,-1029578.9555315,592001.15605262,-975429.6300604609,562060.557660165,217.76602357710783,21.715216202740564,215.77977017571806,20.616964010689443,FIXED_LENGTH,1000,810,"['C0440949842R.IMG', 1]","['C0440949842R.IMG', 3]","['C0440949842R.IMG', 5]","['C0440949842R.IMG', 11]","['C0440949842R.IMG', 11]",GO-J/JSA-SSI-2-REDR-V1.0,GALILEO ORBITER,SOLID STATE IMAGING SYSTEM,1,04409498.42,1998-03-29 13:29:21.886000+00:00,14E0027,14,14ESTRPBND01,EUROPA,000T05:29:20Z,000T00:07:20Z,NOT APPLICABLE,CLEAR,0,6.25,400K,2.333,OFF,NORMAL,OFF,NOT INVERTED,N,INTEGER COSINE TRANSFORM,5.598,AI8,NOT POSSIBLE,N/A,WEST,4516.883,680839.7,8.601,183.452,6336.46,11953.946,27.568,291.515,136.291,24.655,9.94,270.689,UNK,UNK,96.0589,76.3292,3327.02,747383000.0,1.399,218.769,112.116,19.982,48.622,48.862,182.476,21.163,215.753,200.0,200.0,1565.0,1565.0,1565.0,N/A,N/A,N/A,N/A,N/A,N/A,N/A,N/A,N/A,LSB_UNSIGNED_INTEGER,"frozenset({'MIPS_NEAR.CK', 'NULL', 'N/A', 'S980928A.BSP'})","VICAR programs run: SSIMERGE,CATLABEL,BADLABELS.",REDR,2.753,2.44,3.25,SKEWED,"frozenset({400, 1})",0.0
C0440949846R,67.361771534575,-67.361771534575,-1000591.7543746,592312.05710352,-947914.8490345624,562403.4305421687,216.70274298415833,21.72662037563605,214.77049947980856,20.629540943498853,FIXED_LENGTH,1000,809,"['C0440949846R.IMG', 1]","['C0440949846R.IMG', 3]","['C0440949846R.IMG', 5]","['C0440949846R.IMG', 10]","['C0440949846R.IMG', 10]",GO-J/JSA-SSI-2-REDR-V1.0,GALILEO ORBITER,SOLID STATE IMAGING SYSTEM,1,04409498.46,1998-03-29 13:29:24.552000+00:00,14E0028,14,14ESTRPBND01,EUROPA,000T05:29:23Z,000T00:07:23Z,NOT APPLICABLE,CLEAR,0,6.25,400K,2.333,OFF,NORMAL,OFF,NOT INVERTED,N,INTEGER COSINE TRANSFORM,5.53,AI8,NOT POSSIBLE,N/A,WEST,4528.891,680852.0,8.578,183.3,6290.109,11676.297,27.954,291.623,136.506,24.502,9.883,270.612,UNK,UNK,93.7135,75.8658,3323.3,747383000.0,1.399,218.772,113.875,20.164,47.578,48.701,183.668,21.175,214.737,200.0,200.0,1565.0,1565.0,1565.0,N/A,N/A,N/A,N/A,N/A,N/A,N/A,N/A,N/A,LSB_UNSIGNED_INTEGER,"frozenset({'MIPS_NEAR.CK', 'NULL', 'N/A', 'S980928A.BSP'})","VICAR programs run: SSIMERGE,CATLABEL,BADLABELS.",REDR,2.82,2.318,3.123,SKEWED,"frozenset({400, 1})",0.0
C0440949849R,66.962728621053,-66.962728621053,-949799.34276102,593758.51468288,-899577.2962952302,563960.1004465114,214.8396246635761,21.779677939363346,212.99742792798094,20.686641209576873,FIXED_LENGTH,1000,810,"['C0440949849R.IMG', 1]","['C0440949849R.IMG', 3]","['C0440949849R.IMG', 5]","['C0440949849R.IMG', 11]","['C0440949849R.IMG', 11]",GO-J/JSA-SSI-2-REDR-V1.0,GALILEO ORBITER,SOLID STATE IMAGING SYSTEM,1,04409498.49,1998-03-29 13:29:26.552000+00:00,14E0029,14,14ESTRPBND01,EUROPA,000T05:29:25Z,000T00:07:25Z,NOT APPLICABLE,CLEAR,0,6.25,400K,2.333,OFF,NORMAL,OFF,NOT INVERTED,N,INTEGER COSINE TRANSFORM,5.303,AI8,NOT POSSIBLE,N/A,WEST,4537.921,680861.3,8.56,183.186,6099.796,11242.197,28.115,292.531,136.913,24.067,9.714,269.794,UNK,UNK,90.5491,74.5406,3302.94,747383000.0,1.399,218.775,116.344,20.616,45.596,48.24,185.314,21.215,212.941,200.0,200.0,1565.0,1565.0,1565.0,N/A,N/A,N/A,N/A,N/A,N/A,N/A,N/A,N/A,LSB_UNSIGNED_INTEGER,"frozenset({'MIPS_NEAR.CK', 'NULL', 'N/A', 'S980928A.BSP'})","VICAR programs run: SSIMERGE,CATLABEL,BADLABELS.",REDR,2.949,2.357,3.55,SKEWED,"frozenset({400, 1})",0.0
C0440949853R,66.812223754188,-66.812223754188,-912120.47869217,595296.91364982,-863481.1797991211,565498.6618554522,213.457524863325,21.83610800851376,211.67338494972256,20.743077237268302,FIXED_LENGTH,1000,809,"['C0440949853R.IMG', 1]","['C0440949853R.IMG', 3]","['C0440949853R.IMG', 5]","['C0440949853R.IMG', 10]","['C0440949853R.IMG', 10]",GO-J/JSA-SSI-2-REDR-V1.0,GALILEO ORBITER,SOLID STATE IMAGING SYSTEM,1,04409498.53,1998-03-29 13:29:29.219000+00:00,14E0030,14,14ESTRPBND01,EUROPA,000T05:29:28Z,000T00:07:28Z,NOT APPLICABLE,CLEAR,0,6.25,400K,2.333,OFF,NORMAL,OFF,NOT INVERTED,N,INTEGER COSINE TRANSFORM,5.548,AI8,NOT POSSIBLE,N/A,WEST,4549.99,680873.6,8.537,183.035,6047.649,10863.652,28.739,292.742,137.301,23.794,9.615,269.638,UNK,UNK,87.8046,73.8051,3295.1,747383000.0,1.399,218.778,118.653,21.043,44.19,47.954,186.967,21.247,211.609,200.0,200.0,1565.0,1565.0,1565.0,N/A,N/A,N/A,N/A,N/A,N/A,N/A,N/A,N/A,LSB_UNSIGNED_INTEGER,"frozenset({'MIPS_NEAR.CK', 'NULL', 'N/A', 'S980928A.BSP'})","VICAR programs run: SSIMERGE,CATLABEL,BADLABELS.",REDR,2.75,2.403,2.927,SKEWED,"frozenset({400, 1})",0.0
C0440949877R,69.890026003865,-69.890026003865,-1029340.3029849,566598.44081333,-972379.93179175,535357.5991896023,217.75726955425876,20.78341826971625,215.66790408123313,19.63747180782366,FIXED_LENGTH,1000,810,"['C0440949877R.IMG', 1]","['C0440949877R.IMG', 3]","['C0440949877R.IMG', 5]","['C0440949877R.IMG', 11]","['C0440949877R.IMG', 11]",GO-J/JSA-SSI-2-REDR-V1.0,GALILEO ORBITER,SOLID STATE IMAGING SYSTEM,1,04409498.77,1998-03-29 13:29:45.219000+00:00,14E0031,14,14ESTRPBND01,EUROPA,000T05:29:44Z,000T00:07:44Z,NOT APPLICABLE,CLEAR,0,6.25,400K,2.333,OFF,NORMAL,OFF,NOT INVERTED,N,INTEGER COSINE TRANSFORM,5.655,AI8,NOT POSSIBLE,N/A,WEST,4623.049,680947.4,8.398,182.149,5939.106,11971.932,25.99,290.884,134.928,26.086,10.157,271.02,UNK,UNK,101.781,78.7598,3449.12,747383000.0,1.399,218.797,112.327,19.061,49.393,50.249,182.602,20.218,215.701,200.0,200.0,1565.0,1565.0,1565.0,N/A,N/A,N/A,N/A,N/A,N/A,N/A,N/A,N/A,LSB_UNSIGNED_INTEGER,"frozenset({'MIPS_NEAR.CK', 'NULL', 'N/A', 'S980928A.BSP'})","VICAR programs run: SSIMERGE,CATLABEL,BADLABELS.",REDR,2.736,2.313,3.01,SKEWED,"frozenset({400, 1})",0.0
C0440949881R,69.850793522595,-69.850793522595,-1003127.245778,567258.29419699,-947526.0141340144,536174.6910794352,216.79574743768364,20.807622375978184,214.7562366125046,19.66744358552007,FIXED_LENGTH,1000,810,"['C0440949881R.IMG', 1]","['C0440949881R.IMG', 3]","['C0440949881R.IMG', 5]","['C0440949881R.IMG', 11]","['C0440949881R.IMG', 11]",GO-J/JSA-SSI-2-REDR-V1.0,GALILEO ORBITER,SOLID STATE IMAGING SYSTEM,1,04409498.81,1998-03-29 13:29:47.886000+00:00,14E0032,14,14ESTRPBND01,EUROPA,000T05:29:46Z,000T00:07:46Z,NOT APPLICABLE,CLEAR,0,6.25,400K,2.333,OFF,NORMAL,OFF,NOT INVERTED,N,INTEGER COSINE TRANSFORM,5.527,AI8,NOT POSSIBLE,N/A,WEST,4635.333,680959.8,8.375,182.004,5881.26,11738.7,26.214,291.073,135.098,25.961,10.118,270.858,UNK,UNK,99.4082,78.1891,3446.95,747383000.0,1.399,218.8,113.895,19.248,48.455,50.12,183.667,20.242,214.784,200.0,200.0,1565.0,1565.0,1565.0,N/A,N/A,N/A,N/A,N/A,N/A,N/A,N/A,N/A,LSB_UNSIGNED_INTEGER,"frozenset({'MIPS_NEAR.CK', 'NULL', 'N/A', 'S980928A.BSP'})","VICAR programs run: SSIMERGE,CATLABEL,BADLABELS.",REDR,2.814,2.53,3.224,SKEWED,"frozenset({400, 1})",0.0
C0440949884R,69.420811549061,-69.420811549061,-951065.11822214,568487.02577526,-898235.8806333046,537525.3438243787,214.88605461987152,20.85269352424279,212.9482234106947,19.716986928588586,FIXED_LENGTH,1000,810,"['C0440949884R.IMG', 1]","['C0440949884R.IMG', 3]","['C0440949884R.IMG', 5]","['C0440949884R.IMG', 11]","['C0440949884R.IMG', 11]",GO-J/JSA-SSI-2-REDR-V1.0,GALILEO ORBITER,SOLID STATE IMAGING SYSTEM,1,04409498.84,1998-03-29 13:29:49.886000+00:00,14E0033,14,14ESTRPBND01,EUROPA,000T05:29:48Z,000T00:07:48Z,NOT APPLICABLE,CLEAR,0,6.25,400K,2.333,OFF,NORMAL,OFF,NOT INVERTED,N,INTEGER COSINE TRANSFORM,5.319,AI8,NOT POSSIBLE,N/A,WEST,4644.566,680969.0,8.358,181.895,5688.103,11319.236,26.27,291.968,135.483,25.544,9.954,270.053,UNK,UNK,95.8233,76.7113,3425.47,747383000.0,1.399,218.802,116.533,19.719,46.439,49.678,185.306,20.278,212.976,200.0,200.0,1565.0,1565.0,1565.0,N/A,N/A,N/A,N/A,N/A,N/A,N/A,N/A,N/A,LSB_UNSIGNED_INTEGER,"frozenset({'MIPS_NEAR.CK', 'NULL', 'N/A', 'S980928A.BSP'})","VICAR programs run: SSIMERGE,CATLABEL,BADLABELS.",REDR,2.929,2.43,3.371,SKEWED,"frozenset({400, 1})",0.0
C0440949888R,69.185193359328,-69.185193359328,-907087.07013415,570016.8080875,-856374.3234017625,539160.2118492398,213.2728942186774,20.908807525564892,211.41269808853548,19.776955582804607,FIXED_LENGTH,1000,810,"['C0440949888R.IMG', 1]","['C0440949888R.IMG', 3]","['C0440949888R.IMG', 5]","['C0440949888R.IMG', 11]","['C0440949888R.IMG', 11]",GO-J/JSA-SSI-2-REDR-V1.0,GALILEO ORBITER,SOLID STATE IMAGING SYSTEM,1,04409498.88,1998-03-29 13:29:52.552000+00:00,14E0034,14,14ESTRPBND01,EUROPA,000T05:29:51Z,000T00:07:51Z,NOT APPLICABLE,CLEAR,0,6.25,400K,2.333,OFF,NORMAL,OFF,NOT INVERTED,N,INTEGER COSINE TRANSFORM,5.587,AI8,NOT POSSIBLE,N/A,WEST,4656.898,680981.3,8.335,181.752,5769.87,10820.715,27.674,291.445,135.921,25.216,9.831,270.646,UNK,UNK,92.3051,76.3395,3413.27,747383000.0,1.399,218.805,120.118,20.242,44.754,49.333,187.176,20.312,211.423,200.0,200.0,1565.0,1565.0,1565.0,N/A,N/A,N/A,N/A,N/A,N/A,N/A,N/A,N/A,LSB_UNSIGNED_INTEGER,"frozenset({'MIPS_NEAR.CK', 'NULL', 'N/A', 'S980928A.BSP'})","VICAR programs run: SSIMERGE,CATLABEL,BADLABELS.",REDR,2.783,2.459,3.032,SKEWED,"frozenset({400, 1})",0.0
C0440953578R,169.3571111678,-169.3571111678,710961.15268242,1196846.7046228,899963.6887456848,1009368.3825600453,153.92120778075622,43.901578040350266,146.98839879631691,37.02467880578546,FIXED_LENGTH,1000,809,"['C0440953578R.IMG', 1]","['C0440953578R.IMG', 3]","['C0440953578R.IMG', 5]","['C0440953578R.IMG', 10]","['C0440953578R.IMG', 10]",GO-J/JSA-SSI-2-REDR-V1.0,GALILEO ORBITER,SOLID STATE IMAGING SYSTEM,1,04409535.78,1998-03-29 14:07:11.483000+00:00,14E0035,14,14ESTYREHR01,EUROPA,000T06:07:10Z,000T00:45:10Z,NOT APPLICABLE,CLEAR,0,12.5,100K,8.667,ON,NORMAL,OFF,NOT INVERTED,N,INTEGER COSINE TRANSFORM,6.475,IM8,NOT POSSIBLE,N/A,WEST,17926.95,691681.9,1.995,151.055,6135.681,434.009,89.66,288.635,114.976,44.428,20.228,268.247,UNK,UNK,169.622,227.738,16729.0,747401000.0,1.399,221.432,169.892,75.108,41.755,70.34,251.53,40.403,149.901,400.0,400.0,1565.0,1565.0,1565.0,N/A,N/A,N/A,N/A,N/A,N/A,N/A,N/A,N/A,LSB_UNSIGNED_INTEGER,"frozenset({'CKE14AJE.PLT', 'NULL', 'N/A', 'S980928A.BSP'})","VICAR programs run: SSIMERGE,CATLABEL,BADLABELS.",REDR,3.822,2.797,5.306,SKEWED,"frozenset({600, 201, 800, 1})",0.0
C0440953600R,169.93014042132,-169.93014042132,881087.77808454,1193589.3063194,1088572.4795389718,1006326.2915751054,147.68078677029231,43.78209329324534,140.0700327966234,36.913091754356614,FIXED_LENGTH,1000,809,"['C0440953600R.IMG', 1]","['C0440953600R.IMG', 3]","['C0440953600R.IMG', 5]","['C0440953600R.IMG', 10]","['C0440953600R.IMG', 10]",GO-J/JSA-SSI-2-REDR-V1.0,GALILEO ORBITER,SOLID STATE IMAGING SYSTEM,1,04409536.00,1998-03-29 14:07:20.150000+00:00,14E0036,14,14ESTYREHR01,EUROPA,000T06:07:19Z,000T00:45:19Z,NOT APPLICABLE,CLEAR,0,12.5,100K,8.667,ON,NORMAL,OFF,NOT INVERTED,N,INTEGER COSINE TRANSFORM,6.216,IM8,NOT POSSIBLE,N/A,WEST,17981.21,691724.9,1.988,151.034,6113.96,-313.616,97.119,288.774,115.38,44.023,20.092,268.238,UNK,UNK,172.044,228.916,16789.4,747401000.0,1.399,221.442,173.098,79.706,42.112,69.937,257.68,40.189,143.762,400.0,400.0,1565.0,1565.0,1565.0,N/A,N/A,N/A,N/A,N/A,N/A,N/A,N/A,N/A,LSB_UNSIGNED_INTEGER,"frozenset({'CKE14AJE.PLT', 'NULL', 'N/A', 'S980928A.BSP'})","VICAR programs run: SSIMERGE,CATLABEL,BADLABELS.",REDR,4.481,2.687,5.034,SKEWED,"frozenset({600, 201, 800, 1})",0.0
C0440953613R,170.59666906175,-170.59666906175,1041151.4712839,1185988.0433173,1271627.571186324,999014.094025622,141.80948454647657,43.50327108518563,133.35538223979,36.64487276680777,FIXED_LENGTH,1000,816,"['C0440953613R.IMG', 1]","['C0440953613R.IMG', 3]","['C0440953613R.IMG', 5]","['C0440953613R.IMG', 17]","['C0440953613R.IMG', 17]",GO-J/JSA-SSI-2-REDR-V1.0,GALILEO ORBITER,SOLID STATE IMAGING SYSTEM,1,04409536.13,1998-03-29 14:07:28.817000+00:00,14E0037,14,14ESTYREHR01,EUROPA,000T06:07:27Z,000T00:45:27Z,NOT APPLICABLE,CLEAR,0,12.5,100K,8.667,ON,NORMAL,OFF,NOT INVERTED,N,INTEGER COSINE TRANSFORM,5.819,IM8,NOT POSSIBLE,N/A,WEST,18035.47,691768.1,1.982,151.014,6092.92,-1057.682,104.362,288.908,115.781,43.621,19.956,268.232,UNK,UNK,175.712,231.962,16865.1,747401000.0,1.399,221.452,176.334,84.431,43.343,69.535,263.902,39.993,137.55,400.0,400.0,1565.0,1565.0,1565.0,N/A,N/A,N/A,N/A,N/A,N/A,N/A,N/A,N/A,LSB_UNSIGNED_INTEGER,"frozenset({'CKE14AJE.PLT', 'NULL', 'N/A', 'S980928A.BSP'})","VICAR programs run: SSIMERGE,CATLABEL,BADLABELS.",REDR,5.312,3.734,6.488,SKEWED,"frozenset({600, 201, 800, 1})",0.0
C0440953626R,170.11744445105,-170.11744445105,724189.96102812,1028530.069151,897029.2845903868,857051.6851443416,153.43596137474083,37.72754933716454,147.0960357831826,31.437544419555604,FIXED_LENGTH,1000,810,"['C0440953626R.IMG', 1]","['C0440953626R.IMG', 3]","['C0440953626R.IMG', 5]","['C0440953626R.IMG', 11]","['C0440953626R.IMG', 11]",GO-J/JSA-SSI-2-REDR-V1.0,GALILEO ORBITER,SOLID STATE IMAGING SYSTEM,1,04409536.26,1998-03-29 14:07:37.483000+00:00,14E0038,14,14ESTYREHR01,EUROPA,000T06:07:36Z,000T00:45:36Z,NOT APPLICABLE,CLEAR,0,12.5,100K,8.667,ON,NORMAL,OFF,NOT INVERTED,N,INTEGER COSINE TRANSFORM,6.404,IM8,NOT POSSIBLE,N/A,WEST,18089.73,691811.3,1.975,150.993,5334.233,345.114,90.637,288.355,114.926,44.633,19.821,268.458,UNK,UNK,170.628,208.946,16790.3,747401000.0,1.399,221.462,170.852,74.325,35.337,70.392,251.888,34.416,149.574,400.0,400.0,1565.0,1565.0,1565.0,N/A,N/A,N/A,N/A,N/A,N/A,N/A,N/A,N/A,LSB_UNSIGNED_INTEGER,"frozenset({'CKE14AJE.PLT', 'NULL', 'N/A', 'S980928A.BSP'})","VICAR programs run: SSIMERGE,CATLABEL,BADLABELS.",REDR,3.604,2.806,4.152,SKEWED,"frozenset({200, 601, 800, 1})",0.0
C0440953627R,170.11744445105,-170.11744445105,724189.96102812,1028530.069151,897029.2845903868,857051.6851443416,153.43596137474083,37.72754933716454,147.0960357831826,31.437544419555604,FIXED_LENGTH,1000,808,"['C0440953627R.IMG', 1]","['C0440953627R.IMG', 3]","['C0440953627R.IMG', 5]","['C0440953627R.IMG', 9]","['C0440953627R.IMG', 9]",GO-J/JSA-SSI-2-REDR-V1.0,GALILEO ORBITER,SOLID STATE IMAGING SYSTEM,1,04409536.27,1998-03-29 14:07:37.483000+00:00,14E0038,14,14ESTYREHR01,EUROPA,000T06:07:36Z,000T00:45:36Z,NOT APPLICABLE,CLEAR,0,12.5,100K,8.667,ON,NORMAL,OFF,NOT INVERTED,N,INTEGER COSINE TRANSFORM,6.466,IM8,NOT POSSIBLE,N/A,WEST,18089.73,691811.3,1.975,150.993,5334.233,345.114,90.637,288.355,114.926,44.633,19.821,268.458,UNK,UNK,170.628,208.946,16790.3,747401000.0,1.399,221.462,170.852,74.325,35.337,70.392,251.888,34.416,149.574,400.0,400.0,1565.0,1565.0,1565.0,N/A,N/A,N/A,N/A,N/A,N/A,N/A,N/A,N/A,LSB_UNSIGNED_INTEGER,"frozenset({'CKE14AJE.PLT', 'NULL', 'N/A', 'S980928A.BSP'})","VICAR programs run: SSIMERGE,CATLABEL,BADLABELS.",REDR,3.823,3.556,4.229,SKEWED,"frozenset({600, 1, 800})",1.0
C0440953639R,170.65872098668,-170.65872098668,887766.66657271,1018149.9294065,1074467.307332138,847149.8909778466,147.43579821574002,37.34679504899818,140.5874251376969,31.0743363431488,FIXED_LENGTH,1000,809,"['C0440953639R.IMG', 1]","['C0440953639R.IMG', 3]","['C0440953639R.IMG', 5]","['C0440953639R.IMG', 10]","['C0440953639R.IMG', 10]",GO-J/JSA-SSI-2-REDR-V1.0,GALILEO ORBITER,SOLID STATE IMAGING SYSTEM,1,04409536.39,1998-03-29 14:07:46.150000+00:00,14E0039,14,14ESTYREHR01,EUROPA,000T06:07:45Z,000T00:45:45Z,NOT APPLICABLE,CLEAR,0,12.5,100K,8.667,ON,NORMAL,OFF,NOT INVERTED,N,INTEGER COSINE TRANSFORM,6.216,IM8,NOT POSSIBLE,N/A,WEST,18144.01,691854.4,1.968,150.973,5311.095,-407.08,99.332,288.494,115.333,44.225,19.685,268.451,UNK,UNK,172.426,209.972,16851.6,747401000.0,1.399,221.472,173.686,78.997,35.809,69.985,257.629,34.205,143.844,400.0,400.0,1565.0,1565.0,1565.0,N/A,N/A,N/A,N/A,N/A,N/A,N/A,N/A,N/A,LSB_UNSIGNED_INTEGER,"frozenset({'CKE14AJE.PLT', 'NULL', 'N/A', 'S980928A.BSP'})","VICAR programs run: SSIMERGE,CATLABEL,BADLABELS.",REDR,3.82,2.671,4.099,SKEWED,"frozenset({200, 601, 800, 1})",0.0
C0440953640R,170.65872098668,-170.65872098668,887766.66657271,1018149.9294065,1074467.307332138,847149.8909778466,147.43579821574002,37.34679504899818,140.5874251376969,31.0743363431488,FIXED_LENGTH,1000,808,"['C0440953640R.IMG', 1]","['C0440953640R.IMG', 3]","['C0440953640R.IMG', 5]","['C0440953640R.IMG', 9]","['C0440953640R.IMG', 9]",GO-J/JSA-SSI-2-REDR-V1.0,GALILEO ORBITER,SOLID STATE IMAGING SYSTEM,1,04409536.40,1998-03-29 14:07:46.150000+00:00,14E0039,14,14ESTYREHR01,EUROPA,000T06:07:45Z,000T00:45:45Z,NOT APPLICABLE,CLEAR,0,12.5,100K,8.667,ON,NORMAL,OFF,NOT INVERTED,N,INTEGER COSINE TRANSFORM,6.357,IM8,NOT POSSIBLE,N/A,WEST,18144.01,691854.4,1.968,150.973,5311.095,-407.08,99.332,288.494,115.333,44.225,19.685,268.451,UNK,UNK,172.426,209.972,16851.6,747401000.0,1.399,221.472,173.686,78.997,35.809,69.985,257.629,34.205,143.844,400.0,400.0,1565.0,1565.0,1565.0,N/A,N/A,N/A,N/A,N/A,N/A,N/A,N/A,N/A,LSB_UNSIGNED_INTEGER,"frozenset({'CKE14AJE.PLT', 'NULL', 'N/A', 'S980928A.BSP'})","VICAR programs run: SSIMERGE,CATLABEL,BADLABELS.",REDR,4.003,3.778,4.463,SKEWED,"frozenset({600, 1, 800})",1.0
C0440953652R,171.34049846264,-171.34049846264,1029585.055262,1014678.4318958,1232109.5244448404,843509.2739316227,142.23375267845313,37.21945692098712,134.80494516737497,30.940794735228177,FIXED_LENGTH,1000,810,"['C0440953652R.IMG', 1]","['C0440953652R.IMG', 3]","['C0440953652R.IMG', 5]","['C0440953652R.IMG', 11]","['C0440953652R.IMG', 11]",GO-J/JSA-SSI-2-REDR-V1.0,GALILEO ORBITER,SOLID STATE IMAGING SYSTEM,1,04409536.52,1998-03-29 14:07:54.817000+00:00,14E0040,14,14ESTYREHR01,EUROPA,000T06:07:53Z,000T00:45:53Z,NOT APPLICABLE,CLEAR,0,12.5,100K,8.667,ON,NORMAL,OFF,NOT INVERTED,N,INTEGER COSINE TRANSFORM,6.238,IM8,NOT POSSIBLE,N/A,WEST,18198.29,691897.6,1.962,150.953,5287.208,-1151.373,107.611,288.627,115.735,43.823,19.549,268.446,UNK,UNK,176.3,212.155,16926.9,747402000.0,1.399,221.482,176.499,83.749,37.196,69.582,263.401,33.995,138.081,400.0,400.0,1565.0,1565.0,1565.0,N/A,N/A,N/A,N/A,N/A,N/A,N/A,N/A,N/A,LSB_UNSIGNED_INTEGER,"frozenset({'CKE14AJE.PLT', 'NULL', 'N/A', 'S980928A.BSP'})","VICAR programs run: SSIMERGE,CATLABEL,BADLABELS.",REDR,3.975,2.978,4.209,SKEWED,"frozenset({200, 601, 800, 1})",0.0
C0440953653R,171.34049846264,-171.34049846264,1029585.055262,1014678.4318958,1232109.5244448404,843509.2739316227,142.23375267845313,37.21945692098712,134.80494516737497,30.940794735228177,FIXED_LENGTH,1000,815,"['C0440953653R.IMG', 1]","['C0440953653R.IMG', 3]","['C0440953653R.IMG', 5]","['C0440953653R.IMG', 16]","['C0440953653R.IMG', 16]",GO-J/JSA-SSI-2-REDR-V1.0,GALILEO ORBITER,SOLID STATE IMAGING SYSTEM,1,04409536.53,1998-03-29 14:07:54.817000+00:00,14E0040,14,14ESTYREHR01,EUROPA,000T06:07:53Z,000T00:45:53Z,NOT APPLICABLE,CLEAR,0,12.5,100K,8.667,ON,NORMAL,OFF,NOT INVERTED,N,INTEGER COSINE TRANSFORM,6.011,IM8,NOT POSSIBLE,N/A,WEST,18198.29,691897.6,1.962,150.953,5287.208,-1151.373,107.611,288.627,115.735,43.823,19.549,268.446,UNK,UNK,176.3,212.155,16926.9,747402000.0,1.399,221.482,176.499,83.749,37.196,69.582,263.401,33.995,138.081,400.0,400.0,1565.0,1565.0,1565.0,N/A,N/A,N/A,N/A,N/A,N/A,N/A,N/A,N/A,LSB_UNSIGNED_INTEGER,"frozenset({'CKE14AJE.PLT', 'NULL', 'N/A', 'S980928A.BSP'})","VICAR programs run: SSIMERGE,CATLABEL,BADLABELS.",REDR,5.153,4.332,5.853,SKEWED,"frozenset({600, 1, 800})",1.0
C0440953665R,171.02308359531,-171.02308359531,743779.390556,866231.91841025,906251.3199715446,705812.2659978492,152.71740078894283,31.774284894,146.75776196380957,25.889925717184237,FIXED_LENGTH,1000,809,"['C0440953665R.IMG', 1]","['C0440953665R.IMG', 3]","['C0440953665R.IMG', 5]","['C0440953665R.IMG', 10]","['C0440953665R.IMG', 10]",GO-J/JSA-SSI-2-REDR-V1.0,GALILEO ORBITER,SOLID STATE IMAGING SYSTEM,1,04409536.65,1998-03-29 14:08:03.483000+00:00,14E0041,14,14ESTYREHR01,EUROPA,000T06:08:02Z,000T00:46:02Z,NOT APPLICABLE,CLEAR,0,12.5,100K,8.667,ON,NORMAL,OFF,NOT INVERTED,N,INTEGER COSINE TRANSFORM,6.384,IM8,NOT POSSIBLE,N/A,WEST,18252.56,691940.8,1.955,150.932,4529.676,251.98,92.053,288.086,114.883,44.829,19.408,268.662,UNK,UNK,171.039,196.337,16871.2,747402000.0,1.399,221.493,172.134,73.856,29.268,70.436,252.308,28.769,149.184,400.0,400.0,1565.0,1565.0,1565.0,N/A,N/A,N/A,N/A,N/A,N/A,N/A,N/A,N/A,LSB_UNSIGNED_INTEGER,"frozenset({'CKE14AJE.PLT', 'NULL', 'N/A', 'S980928A.BSP'})","VICAR programs run: SSIMERGE,CATLABEL,BADLABELS.",REDR,3.735,3.598,3.889,SKEWED,"frozenset({200, 1, 800})",0.0
C0440953666R,171.02308359531,-171.02308359531,743779.390556,866231.91841025,906251.3199715446,705812.2659978492,152.71740078894283,31.774284894,146.75776196380957,25.889925717184237,FIXED_LENGTH,1000,809,"['C0440953666R.IMG', 1]","['C0440953666R.IMG', 3]","['C0440953666R.IMG', 5]","['C0440953666R.IMG', 10]","['C0440953666R.IMG', 10]",GO-J/JSA-SSI-2-REDR-V1.0,GALILEO ORBITER,SOLID STATE IMAGING SYSTEM,1,04409536.66,1998-03-29 14:08:03.483000+00:00,14E0041,14,14ESTYREHR01,EUROPA,000T06:08:02Z,000T00:46:02Z,NOT APPLICABLE,CLEAR,0,12.5,100K,8.667,ON,NORMAL,OFF,NOT INVERTED,N,INTEGER COSINE TRANSFORM,6.27,IM8,NOT POSSIBLE,N/A,WEST,18252.56,691940.8,1.955,150.932,4529.676,251.98,92.053,288.086,114.883,44.829,19.408,268.662,UNK,UNK,171.039,196.337,16871.2,747402000.0,1.399,221.493,172.134,73.856,29.268,70.436,252.308,28.769,149.184,400.0,400.0,1565.0,1565.0,1565.0,N/A,N/A,N/A,N/A,N/A,N/A,N/A,N/A,N/A,LSB_UNSIGNED_INTEGER,"frozenset({'CKE14AJE.PLT', 'NULL', 'N/A', 'S980928A.BSP'})","VICAR programs run: SSIMERGE,CATLABEL,BADLABELS.",REDR,4.189,2.774,4.998,SKEWED,"frozenset({600, 201, 800, 1})",1.0
C0440953678R,171.58516537737,-171.58516537737,889154.32698553,859298.50820987,1061940.5885205416,699037.9637474064,147.3848973930435,31.519960219150626,141.0469181716608,25.641437286904885,FIXED_LENGTH,1000,809,"['C0440953678R.IMG', 1]","['C0440953678R.IMG', 3]","['C0440953678R.IMG', 5]","['C0440953678R.IMG', 10]","['C0440953678R.IMG', 10]",GO-J/JSA-SSI-2-REDR-V1.0,GALILEO ORBITER,SOLID STATE IMAGING SYSTEM,1,04409536.78,1998-03-29 14:08:12.150000+00:00,14E0042,14,14ESTYREHR01,EUROPA,000T06:08:11Z,000T00:46:11Z,NOT APPLICABLE,CLEAR,0,12.5,100K,8.667,ON,NORMAL,OFF,NOT INVERTED,N,INTEGER COSINE TRANSFORM,6.365,IM8,NOT POSSIBLE,N/A,WEST,18306.85,691983.9,1.949,150.913,4511.842,-497.931,102.319,288.214,115.289,44.422,19.277,268.666,UNK,UNK,173.496,197.224,16934.2,747402000.0,1.399,221.503,174.553,78.567,29.96,70.03,257.729,28.606,143.774,400.0,400.0,1565.0,1565.0,1565.0,N/A,N/A,N/A,N/A,N/A,N/A,N/A,N/A,N/A,LSB_UNSIGNED_INTEGER,"frozenset({'CKE14AJE.PLT', 'NULL', 'N/A', 'S980928A.BSP'})","VICAR programs run: SSIMERGE,CATLABEL,BADLABELS.",REDR,3.75,3.52,3.981,SKEWED,"frozenset({200, 1, 800})",0.0
C0440953679R,171.58516537737,-171.58516537737,889154.32698553,859298.50820987,1061940.5885205416,699037.9637474064,147.3848973930435,31.519960219150626,141.0469181716608,25.641437286904885,FIXED_LENGTH,1000,809,"['C0440953679R.IMG', 1]","['C0440953679R.IMG', 3]","['C0440953679R.IMG', 5]","['C0440953679R.IMG', 10]","['C0440953679R.IMG', 10]",GO-J/JSA-SSI-2-REDR-V1.0,GALILEO ORBITER,SOLID STATE IMAGING SYSTEM,1,04409536.79,1998-03-29 14:08:12.150000+00:00,14E0042,14,14ESTYREHR01,EUROPA,000T06:08:11Z,000T00:46:11Z,NOT APPLICABLE,CLEAR,0,12.5,100K,8.667,ON,NORMAL,OFF,NOT INVERTED,N,INTEGER COSINE TRANSFORM,6.269,IM8,NOT POSSIBLE,N/A,WEST,18306.85,691983.9,1.949,150.913,4511.842,-497.931,102.319,288.214,115.289,44.422,19.277,268.666,UNK,UNK,173.496,197.224,16934.2,747402000.0,1.399,221.503,174.553,78.567,29.96,70.03,257.729,28.606,143.774,400.0,400.0,1565.0,1565.0,1565.0,N/A,N/A,N/A,N/A,N/A,N/A,N/A,N/A,N/A,LSB_UNSIGNED_INTEGER,"frozenset({'CKE14AJE.PLT', 'NULL', 'N/A', 'S980928A.BSP'})","VICAR programs run: SSIMERGE,CATLABEL,BADLABELS.",REDR,4.251,2.703,5.189,SKEWED,"frozenset({600, 201, 800, 1})",1.0
C0440953700R,172.28773305004,-172.28773305004,1037689.0161604,855408.59459345,1223415.1923883432,694664.1396577626,141.9364909903498,31.377274154559494,135.123862281666,25.481000884427782,FIXED_LENGTH,1000,811,"['C0440953700R.IMG', 1]","['C0440953700R.IMG', 3]","['C0440953700R.IMG', 5]","['C0440953700R.IMG', 12]","['C0440953700R.IMG', 12]",GO-J/JSA-SSI-2-REDR-V1.0,GALILEO ORBITER,SOLID STATE IMAGING SYSTEM,1,04409537.00,1998-03-29 14:08:20.817000+00:00,14E0043,14,14ESTYREHR01,EUROPA,000T06:08:19Z,000T00:46:19Z,NOT APPLICABLE,CLEAR,0,12.5,100K,8.667,ON,NORMAL,OFF,NOT INVERTED,N,INTEGER COSINE TRANSFORM,6.189,IM8,NOT POSSIBLE,N/A,WEST,18361.15,692027.1,1.942,150.893,4485.27,-1243.067,111.91,288.347,115.692,44.02,19.142,268.662,UNK,UNK,176.795,198.895,17009.8,747402000.0,1.399,221.513,176.946,83.359,31.6,69.627,263.206,28.382,138.307,400.0,400.0,1565.0,1565.0,1565.0,N/A,N/A,N/A,N/A,N/A,N/A,N/A,N/A,N/A,LSB_UNSIGNED_INTEGER,"frozenset({'CKE14AJE.PLT', 'NULL', 'N/A', 'S980928A.BSP'})","VICAR programs run: SSIMERGE,CATLABEL,BADLABELS.",REDR,4.149,3.998,4.346,SKEWED,"frozenset({200, 1, 800})",0.0
C0440953701R,172.28773305004,-172.28773305004,1037689.0161604,855408.59459345,1223415.1923883432,694664.1396577626,141.9364909903498,31.377274154559494,135.123862281666,25.481000884427782,FIXED_LENGTH,1000,815,"['C0440953701R.IMG', 1]","['C0440953701R.IMG', 3]","['C0440953701R.IMG', 5]","['C0440953701R.IMG', 16]","['C0440953701R.IMG', 16]",GO-J/JSA-SSI-2-REDR-V1.0,GALILEO ORBITER,SOLID STATE IMAGING SYSTEM,1,04409537.01,1998-03-29 14:08:20.817000+00:00,14E0043,14,14ESTYREHR01,EUROPA,000T06:08:19Z,000T00:46:19Z,NOT APPLICABLE,CLEAR,0,12.5,100K,8.667,ON,NORMAL,OFF,NOT INVERTED,N,INTEGER COSINE TRANSFORM,6.125,IM8,NOT POSSIBLE,N/A,WEST,18361.15,692027.1,1.942,150.893,4485.27,-1243.067,111.91,288.347,115.692,44.02,19.142,268.662,UNK,UNK,176.795,198.895,17009.8,747402000.0,1.399,221.513,176.946,83.359,31.6,69.627,263.206,28.382,138.307,400.0,400.0,1565.0,1565.0,1565.0,N/A,N/A,N/A,N/A,N/A,N/A,N/A,N/A,N/A,LSB_UNSIGNED_INTEGER,"frozenset({'CKE14AJE.PLT', 'NULL', 'N/A', 'S980928A.BSP'})","VICAR programs run: SSIMERGE,CATLABEL,BADLABELS.",REDR,4.609,3.192,6.501,SKEWED,"frozenset({600, 201, 800, 1})",1.0
C0440955165R,230.77435379235,-230.77435379235,-386085.4938946,-339930.62313613,-78463.28028939746,-544627.4749499444,194.1620162172756,-12.469007703554665,182.87811447332555,-19.97750046190703,FIXED_LENGTH,1000,807,"['C0440955165R.IMG', 1]","['C0440955165R.IMG', 3]","['C0440955165R.IMG', 5]","['C0440955165R.IMG', 8]","['C0440955165R.IMG', 8]",GO-J/JSA-SSI-2-REDR-V1.0,GALILEO ORBITER,SOLID STATE IMAGING SYSTEM,1,04409551.65,1998-03-29 14:23:13.480000+00:00,14E0044,14,14ESWEDGES01,EUROPA,000T06:23:12Z,000T01:01:12Z,NOT APPLICABLE,CLEAR,0,6.25,100K,8.667,ON,NORMAL,OFF,NOT INVERTED,N,INTEGER COSINE TRANSFORM,4.642,IM8,NOT POSSIBLE,N/A,WEST,23975.12,696550.1,1.434,149.604,-1608.147,4369.416,333.165,285.228,110.088,50.628,17.814,269.577,UNK,UNK,304.276,252.38,22819.8,747409000.0,1.399,222.56,207.082,38.846,43.726,75.228,215.099,-15.935,187.363,400.0,400.0,1565.0,1565.0,1565.0,N/A,N/A,N/A,N/A,N/A,N/A,N/A,N/A,N/A,LSB_UNSIGNED_INTEGER,"frozenset({'MIPS_NEAR.CK', 'NULL', 'N/A', 'S980928A.BSP'})","VICAR programs run: SSIMERGE,CATLABEL,BADLABELS.",REDR,5.261,4.593,5.634,SKEWED,"frozenset({800, 1})",0.0
C0440955178R,230.24400103674,-230.24400103674,-129397.12858265,-335235.26550949,133311.27660027036,-536238.278414564,184.74642083796255,-12.296777117568087,175.1100041544836,-19.669776034901222,FIXED_LENGTH,1000,807,"['C0440955178R.IMG', 1]","['C0440955178R.IMG', 3]","['C0440955178R.IMG', 5]","['C0440955178R.IMG', 8]","['C0440955178R.IMG', 8]",GO-J/JSA-SSI-2-REDR-V1.0,GALILEO ORBITER,SOLID STATE IMAGING SYSTEM,1,04409551.78,1998-03-29 14:23:22.146000+00:00,14E0045,14,14ESWEDGES01,EUROPA,000T06:23:21Z,000T01:01:21Z,NOT APPLICABLE,CLEAR,0,6.25,100K,8.667,ON,NORMAL,OFF,NOT INVERTED,N,INTEGER COSINE TRANSFORM,4.816,IM8,NOT POSSIBLE,N/A,WEST,24029.79,696594.8,1.43,149.597,-1601.543,3594.428,327.93,285.362,110.513,50.187,17.706,269.597,UNK,UNK,271.208,247.413,22745.6,747409000.0,1.399,222.57,199.595,46.316,35.961,74.795,223.344,-15.755,179.017,400.0,400.0,1565.0,1565.0,1565.0,N/A,N/A,N/A,N/A,N/A,N/A,N/A,N/A,N/A,LSB_UNSIGNED_INTEGER,"frozenset({'MIPS_NEAR.CK', 'NULL', 'N/A', 'S980928A.BSP'})","VICAR programs run: SSIMERGE,CATLABEL,BADLABELS.",REDR,4.64,3.528,5.124,SKEWED,"frozenset({800, 1})",0.0
C0440955200R,230.06949524031,-230.06949524031,84895.643743674,-334751.11557465,320716.87636499177,-533761.2289575181,176.88593976596752,-12.279017995981745,168.2357724492106,-19.57891529256198,FIXED_LENGTH,1000,808,"['C0440955200R.IMG', 1]","['C0440955200R.IMG', 3]","['C0440955200R.IMG', 5]","['C0440955200R.IMG', 9]","['C0440955200R.IMG', 9]",GO-J/JSA-SSI-2-REDR-V1.0,GALILEO ORBITER,SOLID STATE IMAGING SYSTEM,1,04409552.00,1998-03-29 14:23:30.813000+00:00,14E0046,14,14ESWEDGES01,EUROPA,000T06:23:29Z,000T01:01:29Z,NOT APPLICABLE,CLEAR,0,6.25,100K,8.667,ON,NORMAL,OFF,NOT INVERTED,N,INTEGER COSINE TRANSFORM,4.761,IM8,NOT POSSIBLE,N/A,WEST,24084.47,696639.4,1.426,149.59,-1608.486,2855.45,320.718,285.499,110.935,49.77,17.597,269.605,UNK,UNK,251.928,245.149,22712.6,747409000.0,1.399,222.58,194.855,53.031,29.696,74.383,230.802,-15.755,171.773,400.0,400.0,1565.0,1565.0,1565.0,N/A,N/A,N/A,N/A,N/A,N/A,N/A,N/A,N/A,LSB_UNSIGNED_INTEGER,"frozenset({'MIPS_NEAR.CK', 'NULL', 'N/A', 'S980928A.BSP'})","VICAR programs run: SSIMERGE,CATLABEL,BADLABELS.",REDR,5.285,4.165,5.593,SKEWED,"frozenset({800, 1})",0.0
C0440955213R,233.07818780648,-233.07818780648,-467554.8447398,-531884.42457439,-98592.07344214217,-754474.0939295784,197.15039647534252,-19.51007216188023,183.61645947610666,-27.67489201928405,FIXED_LENGTH,1000,807,"['C0440955213R.IMG', 1]","['C0440955213R.IMG', 3]","['C0440955213R.IMG', 5]","['C0440955213R.IMG', 8]","['C0440955213R.IMG', 8]",GO-J/JSA-SSI-2-REDR-V1.0,GALILEO ORBITER,SOLID STATE IMAGING SYSTEM,1,04409552.13,1998-03-29 14:23:39.480000+00:00,14E0047,14,14ESWEDGES01,EUROPA,000T06:23:38Z,000T01:01:38Z,NOT APPLICABLE,CLEAR,0,6.25,100K,8.667,ON,NORMAL,OFF,NOT INVERTED,N,INTEGER COSINE TRANSFORM,4.728,IM8,NOT POSSIBLE,N/A,WEST,24139.15,696684.0,1.422,149.583,-2276.412,4344.525,325.843,283.809,110.161,50.745,17.396,270.96,UNK,UNK,319.267,276.565,23068.2,747410000.0,1.399,222.591,214.429,40.981,48.213,75.224,215.243,-23.156,188.871,400.0,400.0,1565.0,1565.0,1565.0,N/A,N/A,N/A,N/A,N/A,N/A,N/A,N/A,N/A,LSB_UNSIGNED_INTEGER,"frozenset({'MIPS_NEAR.CK', 'NULL', 'N/A', 'S980928A.BSP'})","VICAR programs run: SSIMERGE,CATLABEL,BADLABELS.",REDR,4.985,2.712,5.585,SKEWED,"frozenset({800, 1})",0.0
C0440955226R,232.35420332187,-232.35420332187,-140806.64721305,-518846.93601774,153586.12839575927,-734936.345107079,185.1649338109445,-19.031843564091396,174.36630156925008,-26.95822713534301,FIXED_LENGTH,1000,807,"['C0440955226R.IMG', 1]","['C0440955226R.IMG', 3]","['C0440955226R.IMG', 5]","['C0440955226R.IMG', 8]","['C0440955226R.IMG', 8]",GO-J/JSA-SSI-2-REDR-V1.0,GALILEO ORBITER,SOLID STATE IMAGING SYSTEM,1,04409552.26,1998-03-29 14:23:48.146000+00:00,14E0048,14,14ESWEDGES01,EUROPA,000T06:23:47Z,000T01:01:47Z,NOT APPLICABLE,CLEAR,0,6.25,100K,8.667,ON,NORMAL,OFF,NOT INVERTED,N,INTEGER COSINE TRANSFORM,4.835,IM8,NOT POSSIBLE,N/A,WEST,24193.83,696728.7,1.419,149.576,-2336.254,3411.735,317.744,285.193,110.585,50.244,17.285,269.752,UNK,UNK,273.826,267.046,22968.4,747410000.0,1.399,222.601,203.717,49.035,39.653,74.733,223.867,-22.714,178.751,400.0,400.0,1565.0,1565.0,1565.0,N/A,N/A,N/A,N/A,N/A,N/A,N/A,N/A,N/A,LSB_UNSIGNED_INTEGER,"frozenset({'MIPS_NEAR.CK', 'NULL', 'N/A', 'S980928A.BSP'})","VICAR programs run: SSIMERGE,CATLABEL,BADLABELS.",REDR,4.764,2.732,5.344,SKEWED,"frozenset({800, 1})",0.0
C0440955239R,232.20764084848,-232.20764084848,87542.280599877,-518055.24673296,347150.42306847766,-731221.8610318647,176.78885838199557,-19.002803580286262,167.26616254929274,-26.82197600821219,FIXED_LENGTH,1000,808,"['C0440955239R.IMG', 1]","['C0440955239R.IMG', 3]","['C0440955239R.IMG', 5]","['C0440955239R.IMG', 9]","['C0440955239R.IMG', 9]",GO-J/JSA-SSI-2-REDR-V1.0,GALILEO ORBITER,SOLID STATE IMAGING SYSTEM,1,04409552.39,1998-03-29 14:23:56.813000+00:00,14E0049,14,14ESWEDGES01,EUROPA,000T06:23:55Z,000T01:01:55Z,NOT APPLICABLE,CLEAR,0,6.25,100K,8.667,ON,NORMAL,OFF,NOT INVERTED,N,INTEGER COSINE TRANSFORM,4.739,IM8,NOT POSSIBLE,N/A,WEST,24248.52,696773.3,1.415,149.569,-2344.046,2676.667,309.682,285.331,111.008,49.83,17.176,269.757,UNK,UNK,253.819,262.535,22936.7,747410000.0,1.399,222.611,198.216,55.549,34.093,74.323,231.695,-22.697,171.189,400.0,400.0,1565.0,1565.0,1565.0,N/A,N/A,N/A,N/A,N/A,N/A,N/A,N/A,N/A,LSB_UNSIGNED_INTEGER,"frozenset({'MIPS_NEAR.CK', 'NULL', 'N/A', 'S980928A.BSP'})","VICAR programs run: SSIMERGE,CATLABEL,BADLABELS.",REDR,5.268,2.792,5.894,SKEWED,"frozenset({800, 1})",0.0
C0440955252R,234.31689514419,-234.31689514419,-215571.54353265,-716541.06535093,138715.60192536528,-956481.5659785805,187.9073877256988,-26.283469201290654,174.9117678982457,-35.084735539459956,FIXED_LENGTH,1000,809,"['C0440955252R.IMG', 1]","['C0440955252R.IMG', 3]","['C0440955252R.IMG', 5]","['C0440955252R.IMG', 10]","['C0440955252R.IMG', 10]",GO-J/JSA-SSI-2-REDR-V1.0,GALILEO ORBITER,SOLID STATE IMAGING SYSTEM,1,04409552.52,1998-03-29 14:24:05.480000+00:00,14E0050,14,14ESWEDGES01,EUROPA,000T06:24:04Z,000T01:02:04Z,NOT APPLICABLE,CLEAR,0,6.25,100K,8.667,ON,NORMAL,OFF,NOT INVERTED,N,INTEGER COSINE TRANSFORM,4.645,IM8,NOT POSSIBLE,N/A,WEST,24303.21,696818.0,1.411,149.563,-3077.031,3323.87,310.061,284.952,110.669,50.336,16.864,269.967,UNK,UNK,281.599,299.114,23184.3,747410000.0,1.399,222.621,207.32,51.388,45.686,74.705,223.736,-30.302,180.121,400.0,400.0,1565.0,1565.0,1565.0,N/A,N/A,N/A,N/A,N/A,N/A,N/A,N/A,N/A,LSB_UNSIGNED_INTEGER,"frozenset({'MIPS_NEAR.CK', 'NULL', 'N/A', 'S980928A.BSP'})","VICAR programs run: SSIMERGE,CATLABEL,BADLABELS.",REDR,6.204,5.681,7.031,SKEWED,"frozenset({400, 1, 800})",0.0
C0440955253R,234.31689514419,-234.31689514419,-215571.54353265,-716541.06535093,138715.60192536528,-956481.5659785805,187.9073877256988,-26.283469201290654,174.9117678982457,-35.084735539459956,FIXED_LENGTH,1000,809,"['C0440955253R.IMG', 1]","['C0440955253R.IMG', 3]","['C0440955253R.IMG', 5]","['C0440955253R.IMG', 10]","['C0440955253R.IMG', 10]",GO-J/JSA-SSI-2-REDR-V1.0,GALILEO ORBITER,SOLID STATE IMAGING SYSTEM,1,04409552.53,1998-03-29 14:24:05.480000+00:00,14E0050,14,14ESWEDGES01,EUROPA,000T06:24:04Z,000T01:02:04Z,NOT APPLICABLE,CLEAR,0,6.25,100K,8.667,ON,NORMAL,OFF,NOT INVERTED,N,INTEGER COSINE TRANSFORM,4.745,IM8,NOT POSSIBLE,N/A,WEST,24303.21,696818.0,1.411,149.563,-3077.031,3323.87,310.061,284.952,110.669,50.336,16.864,269.967,UNK,UNK,281.599,299.114,23184.3,747410000.0,1.399,222.621,207.32,51.388,45.686,74.705,223.736,-30.302,180.121,400.0,400.0,1565.0,1565.0,1565.0,N/A,N/A,N/A,N/A,N/A,N/A,N/A,N/A,N/A,LSB_UNSIGNED_INTEGER,"frozenset({'MIPS_NEAR.CK', 'NULL', 'N/A', 'S980928A.BSP'})","VICAR programs run: SSIMERGE,CATLABEL,BADLABELS.",REDR,5.04,2.698,5.609,SKEWED,"frozenset({400, 401, 800, 1})",1.0
C0440955265R,234.03827844084,-234.03827844084,87764.354415315,-712178.48129548,380780.2790232467,-946918.8745716426,176.78071248419468,-26.123445094921667,166.03258456475933,-34.733966103862286,FIXED_LENGTH,1000,807,"['C0440955265R.IMG', 1]","['C0440955265R.IMG', 3]","['C0440955265R.IMG', 5]","['C0440955265R.IMG', 8]","['C0440955265R.IMG', 8]",GO-J/JSA-SSI-2-REDR-V1.0,GALILEO ORBITER,SOLID STATE IMAGING SYSTEM,1,04409552.65,1998-03-29 14:24:14.146000+00:00,14E0051,14,14ESWEDGES01,EUROPA,000T06:24:13Z,000T01:02:13Z,NOT APPLICABLE,CLEAR,0,6.25,100K,8.667,ON,NORMAL,OFF,NOT INVERTED,N,INTEGER COSINE TRANSFORM,4.934,IM8,NOT POSSIBLE,N/A,WEST,24357.9,696862.7,1.408,149.556,-3079.064,2460.795,300.64,285.084,111.094,49.846,16.74,270.005,UNK,UNK,255.252,288.556,23133.0,747410000.0,1.399,222.631,200.242,58.809,39.676,74.22,232.183,-30.152,170.459,400.0,400.0,1565.0,1565.0,1565.0,N/A,N/A,N/A,N/A,N/A,N/A,N/A,N/A,N/A,LSB_UNSIGNED_INTEGER,"frozenset({'MIPS_NEAR.CK', 'NULL', 'N/A', 'S980928A.BSP'})","VICAR programs run: SSIMERGE,CATLABEL,BADLABELS.",REDR,4.96,2.582,5.708,SKEWED,"frozenset({800, 1})",0.0
C0440955278R,236.85671544379,-236.85671544379,-454528.03693663,-930373.17826321,52345.33411308064,-1214127.5233648703,196.67255965866536,-34.12705280835756,178.07991887203477,-44.535456388910575,FIXED_LENGTH,1000,809,"['C0440955278R.IMG', 1]","['C0440955278R.IMG', 3]","['C0440955278R.IMG', 5]","['C0440955278R.IMG', 10]","['C0440955278R.IMG', 10]",GO-J/JSA-SSI-2-REDR-V1.0,GALILEO ORBITER,SOLID STATE IMAGING SYSTEM,1,04409552.78,1998-03-29 14:24:22.813000+00:00,14E0052,14,14ESWEDGES01,EUROPA,000T06:24:21Z,000T01:02:21Z,NOT APPLICABLE,CLEAR,0,6.25,100K,8.667,ON,NORMAL,OFF,NOT INVERTED,N,INTEGER COSINE TRANSFORM,4.676,IM8,NOT POSSIBLE,N/A,WEST,24412.59,696907.4,1.404,149.55,-3799.297,3398.539,305.529,284.665,110.643,50.515,16.476,270.198,UNK,UNK,308.151,363.21,23475.0,747410000.0,1.399,222.641,211.149,52.938,54.696,74.769,219.978,-38.717,185.035,400.0,400.0,1565.0,1565.0,1565.0,N/A,N/A,N/A,N/A,N/A,N/A,N/A,N/A,N/A,LSB_UNSIGNED_INTEGER,"frozenset({'MIPS_NEAR.CK', 'NULL', 'N/A', 'S980928A.BSP'})","VICAR programs run: SSIMERGE,CATLABEL,BADLABELS.",REDR,5.436,5.048,5.8,SKEWED,"frozenset({240, 1, 800})",0.0
C0440955300R,236.38346172814,-236.38346172814,-30729.850024658,-924259.33535703,343701.55335271574,-1196336.699806119,181.12720276023234,-33.90279071160334,167.3926706663245,-43.88287053489114,FIXED_LENGTH,1000,809,"['C0440955300R.IMG', 1]","['C0440955300R.IMG', 3]","['C0440955300R.IMG', 5]","['C0440955300R.IMG', 10]","['C0440955300R.IMG', 10]",GO-J/JSA-SSI-2-REDR-V1.0,GALILEO ORBITER,SOLID STATE IMAGING SYSTEM,1,04409553.00,1998-03-29 14:24:31.480000+00:00,14E0053,14,14ESWEDGES01,EUROPA,000T06:24:30Z,000T01:02:30Z,NOT APPLICABLE,CLEAR,0,6.25,100K,8.667,ON,NORMAL,OFF,NOT INVERTED,N,INTEGER COSINE TRANSFORM,4.941,IM8,NOT POSSIBLE,N/A,WEST,24467.29,696952.1,1.4,149.543,-3801.248,2479.881,296.338,284.649,111.067,49.987,16.341,270.398,UNK,UNK,263.986,335.23,23392.9,747410000.0,1.399,222.652,202.983,60.631,48.011,74.244,229.77,-38.459,172.883,400.0,400.0,1565.0,1565.0,1565.0,N/A,N/A,N/A,N/A,N/A,N/A,N/A,N/A,N/A,LSB_UNSIGNED_INTEGER,"frozenset({'MIPS_NEAR.CK', 'NULL', 'N/A', 'S980928A.BSP'})","VICAR programs run: SSIMERGE,CATLABEL,BADLABELS.",REDR,4.745,4.408,4.999,SKEWED,"frozenset({240, 1, 800})",0.0
C0440984852R,1439.4628720412,-1439.4628720412,-2023884.7980899,-485098.98787788,2714826.9766697306,-2402463.5334367584,254.2381927984879,-17.793933835768506,80.41733170842716,-88.12485332907376,FIXED_LENGTH,1000,811,"['C0440984852R.IMG', 1]","['C0440984852R.IMG', 3]","['C0440984852R.IMG', 5]","['C0440984852R.IMG', 12]","['C0440984852R.IMG', 12]",GO-J/JSA-SSI-2-REDR-V1.0,GALILEO ORBITER,SOLID STATE IMAGING SYSTEM,1,04409848.52,1998-03-29 19:23:22.830000+00:00,14E0054,14,14ESGLOCOL01,EUROPA,000T11:23:21Z,000T06:01:21Z,NOT APPLICABLE,GREEN,1,62.5,100K,8.667,ON,NORMAL,OFF,NOT INVERTED,N,INTEGER COSINE TRANSFORM,3.796,IM8,NOT POSSIBLE,N/A,WEST,143201.5,813214.7,0.047,166.282,-359.534,443.151,270.334,285.092,107.888,52.291,20.386,269.11,UNK,UNK,1438.26,1527.39,141726.0,747594000.0,1.399,243.683,184.497,78.19,19.569,77.403,256.968,-19.307,166.715,0.6,441.0,1565.0,1565.0,1565.0,N/A,N/A,N/A,N/A,N/A,N/A,N/A,N/A,N/A,LSB_UNSIGNED_INTEGER,"frozenset({'CKE14AJE.PLT', 'NULL', 'N/A', 'S980928A.BSP'})","VICAR programs run: SSIMERGE,CATLABEL,BADLABELS.",REDR,3.743,3.28,5.032,SKEWED,"frozenset({720, 1, 800})",0.0
C0440984865R,1439.2897395224,-1439.2897395224,-368458.17331773,580033.76502753,926902.59225243,-620333.8777341514,193.51542782215475,21.276239891908045,146.00025188489138,-22.754489809956024,FIXED_LENGTH,1000,810,"['C0440984865R.IMG', 1]","['C0440984865R.IMG', 3]","['C0440984865R.IMG', 5]","['C0440984865R.IMG', 11]","['C0440984865R.IMG', 11]",GO-J/JSA-SSI-2-REDR-V1.0,GALILEO ORBITER,SOLID STATE IMAGING SYSTEM,1,04409848.65,1998-03-29 19:23:31.497000+00:00,14E0055,14,14ESGLOCOL01,EUROPA,000T11:23:30Z,000T06:01:30Z,NOT APPLICABLE,GREEN,1,62.5,100K,8.667,ON,NORMAL,OFF,NOT INVERTED,N,INTEGER COSINE TRANSFORM,3.868,IM8,NOT POSSIBLE,N/A,WEST,143263.2,813279.9,0.047,166.293,395.208,440.457,353.246,285.279,107.886,52.167,20.81,268.967,UNK,UNK,1440.63,1438.67,141699.0,747594000.0,1.399,243.693,180.461,75.274,2.17,77.427,255.265,-0.167,168.429,400.0,400.0,1565.0,1565.0,1565.0,N/A,N/A,N/A,N/A,N/A,N/A,N/A,N/A,N/A,LSB_UNSIGNED_INTEGER,"frozenset({'CKE14AJE.PLT', 'NULL', 'N/A', 'S980928A.BSP'})","VICAR programs run: SSIMERGE,CATLABEL,BADLABELS.",REDR,3.571,2.832,4.412,SKEWED,"frozenset({800, 1})",0.0
C0440984878R,1440.762896301,-1440.762896301,-2038679.4982659,2408955.5626153,2750416.3690386238,501385.4879127762,254.78087774038687,88.36298769040935,79.11187589653684,18.391339543219992,FIXED_LENGTH,1000,811,"['C0440984878R.IMG', 1]","['C0440984878R.IMG', 3]","['C0440984878R.IMG', 5]","['C0440984878R.IMG', 12]","['C0440984878R.IMG', 12]",GO-J/JSA-SSI-2-REDR-V1.0,GALILEO ORBITER,SOLID STATE IMAGING SYSTEM,1,04409848.78,1998-03-29 19:23:40.164000+00:00,14E0056,14,14ESGLOCOL01,EUROPA,000T11:23:39Z,000T06:01:39Z,NOT APPLICABLE,GREEN,1,62.5,100K,8.667,ON,NORMAL,OFF,NOT INVERTED,N,INTEGER COSINE TRANSFORM,3.566,IM8,NOT POSSIBLE,N/A,WEST,143325.0,813345.2,0.047,166.304,1143.097,431.582,88.235,285.465,107.889,52.037,21.228,268.827,UNK,UNK,1439.39,1519.24,141840.0,747594000.0,1.399,243.704,176.216,77.421,18.612,77.41,257.202,18.459,166.502,800.4,421.0,1565.0,1565.0,1565.0,N/A,N/A,N/A,N/A,N/A,N/A,N/A,N/A,N/A,LSB_UNSIGNED_INTEGER,"frozenset({'CKE14AJE.PLT', 'NULL', 'N/A', 'S980928A.BSP'})","VICAR programs run: SSIMERGE,CATLABEL,BADLABELS.",REDR,3.755,1.768,32.681,SKEWED,"frozenset({800, 1, 696})",0.0
C0440984900R,1442.4946401537,-1442.4946401537,-2071422.3032607,-281286.45482997,-363508.6493187193,-1713683.632502594,255.9819177759963,-10.317878806629036,193.3338741501048,-62.85969242192486,FIXED_LENGTH,1000,809,"['C0440984900R.IMG', 1]","['C0440984900R.IMG', 3]","['C0440984900R.IMG', 5]","['C0440984900R.IMG', 10]","['C0440984900R.IMG', 10]",GO-J/JSA-SSI-2-REDR-V1.0,GALILEO ORBITER,SOLID STATE IMAGING SYSTEM,1,04409849.00,1998-03-29 19:23:48.830000+00:00,14E0057,14,14ESGLOCOL01,EUROPA,000T11:23:47Z,000T06:01:47Z,NOT APPLICABLE,GREEN,1,62.5,100K,8.667,ON,NORMAL,OFF,NOT INVERTED,N,INTEGER COSINE TRANSFORM,4.401,IM8,NOT POSSIBLE,N/A,WEST,143386.7,813410.4,0.047,166.315,-221.087,1191.135,330.453,284.97,107.454,52.716,20.577,269.081,UNK,UNK,1552.18,1478.31,141964.0,747594000.0,1.399,243.714,188.972,56.751,24.732,77.628,235.636,-11.419,188.078,0.2,800.8,1565.0,1565.0,1565.0,N/A,N/A,N/A,N/A,N/A,N/A,N/A,N/A,N/A,LSB_UNSIGNED_INTEGER,"frozenset({'CKE14AJE.PLT', 'NULL', 'N/A', 'S980928A.BSP'})","VICAR programs run: SSIMERGE,CATLABEL,BADLABELS.",REDR,3.042,2.903,3.234,SKEWED,"frozenset({160, 1, 800})",0.0
C0440984901R,1442.4946401537,-1442.4946401537,-2071422.3032607,-281286.45482997,-363508.6493187193,-1713683.632502594,255.9819177759963,-10.317878806629036,193.3338741501048,-62.85969242192486,FIXED_LENGTH,1000,810,"['C0440984901R.IMG', 1]","['C0440984901R.IMG', 3]","['C0440984901R.IMG', 5]","['C0440984901R.IMG', 11]","['C0440984901R.IMG', 11]",GO-J/JSA-SSI-2-REDR-V1.0,GALILEO ORBITER,SOLID STATE IMAGING SYSTEM,1,04409849.01,1998-03-29 19:23:48.830000+00:00,14E0057,14,14ESGLOCOL01,EUROPA,000T11:23:47Z,000T06:01:47Z,NOT APPLICABLE,GREEN,1,62.5,100K,8.667,ON,NORMAL,OFF,NOT INVERTED,N,INTEGER COSINE TRANSFORM,4.002,IM8,NOT POSSIBLE,N/A,WEST,143386.7,813410.4,0.047,166.315,-221.087,1191.135,330.453,284.97,107.454,52.716,20.577,269.081,UNK,UNK,1552.18,1478.31,141964.0,747594000.0,1.399,243.714,188.972,56.751,24.732,77.628,235.636,-11.419,188.078,0.2,800.8,1565.0,1565.0,1565.0,N/A,N/A,N/A,N/A,N/A,N/A,N/A,N/A,N/A,LSB_UNSIGNED_INTEGER,"frozenset({'CKE14AJE.PLT', 'NULL', 'N/A', 'S980928A.BSP'})","VICAR programs run: SSIMERGE,CATLABEL,BADLABELS.",REDR,3.988,2.558,12.819,SKEWED,"frozenset({584, 161, 544, 257})",1.0
C0440984913R,1442.5033947322,-1442.5033947322,-2074319.8816249,864059.53344459,-278403.1551833111,-354855.8351041189,256.0882039546628,31.694599561087077,190.2121163861264,-13.016479953301086,FIXED_LENGTH,1000,809,"['C0440984913R.IMG', 1]","['C0440984913R.IMG', 3]","['C0440984913R.IMG', 5]","['C0440984913R.IMG', 10]","['C0440984913R.IMG', 10]",GO-J/JSA-SSI-2-REDR-V1.0,GALILEO ORBITER,SOLID STATE IMAGING SYSTEM,1,04409849.13,1998-03-29 19:23:57.497000+00:00,14E0058,14,14ESGLOCOL01,EUROPA,000T11:23:56Z,000T06:01:56Z,NOT APPLICABLE,GREEN,1,62.5,100K,8.667,ON,NORMAL,OFF,NOT INVERTED,N,INTEGER COSINE TRANSFORM,4.838,IM8,NOT POSSIBLE,N/A,WEST,143448.4,813475.6,0.047,166.325,531.793,1187.414,4.529,285.151,107.453,52.591,21.001,268.944,UNK,UNK,1545.09,1442.25,141988.0,747594000.0,1.399,243.724,179.276,56.489,21.202,77.627,236.486,2.046,187.211,501.1,800.4,1565.0,1565.0,1565.0,N/A,N/A,N/A,N/A,N/A,N/A,N/A,N/A,N/A,LSB_UNSIGNED_INTEGER,"frozenset({'CKE14AJE.PLT', 'NULL', 'N/A', 'S980928A.BSP'})","VICAR programs run: SSIMERGE,CATLABEL,BADLABELS.",REDR,2.587,2.252,2.557,SKEWED,"frozenset({160, 641, 800, 1})",0.0
C0440984914R,1442.5033947322,-1442.5033947322,-2074319.8816249,864059.53344459,-278403.1551833111,-354855.8351041189,256.0882039546628,31.694599561087077,190.2121163861264,-13.016479953301086,FIXED_LENGTH,1000,809,"['C0440984914R.IMG', 1]","['C0440984914R.IMG', 3]","['C0440984914R.IMG', 5]","['C0440984914R.IMG', 10]","['C0440984914R.IMG', 10]",GO-J/JSA-SSI-2-REDR-V1.0,GALILEO ORBITER,SOLID STATE IMAGING SYSTEM,1,04409849.14,1998-03-29 19:23:57.497000+00:00,14E0058,14,14ESGLOCOL01,EUROPA,000T11:23:56Z,000T06:01:56Z,NOT APPLICABLE,GREEN,1,62.5,100K,8.667,ON,NORMAL,OFF,NOT INVERTED,N,INTEGER COSINE TRANSFORM,4.523,IM8,NOT POSSIBLE,N/A,WEST,143448.4,813475.6,0.047,166.325,531.793,1187.414,4.529,285.151,107.453,52.591,21.001,268.944,UNK,UNK,1545.09,1442.25,141988.0,747594000.0,1.399,243.724,179.276,56.489,21.202,77.627,236.486,2.046,187.211,501.1,800.4,1565.0,1565.0,1565.0,N/A,N/A,N/A,N/A,N/A,N/A,N/A,N/A,N/A,LSB_UNSIGNED_INTEGER,"frozenset({'CKE14AJE.PLT', 'NULL', 'N/A', 'S980928A.BSP'})","VICAR programs run: SSIMERGE,CATLABEL,BADLABELS.",REDR,3.245,2.634,4.023,SKEWED,"frozenset({640, 1, 145, 656})",1.0
C0440984926R,1442.5911321647,-1442.5911321647,-2018184.9938984,-481825.43814301,2742365.7422451098,-2407684.5995828845,254.0291180710718,-17.673856637411134,79.40718123437506,-88.31636744862026,FIXED_LENGTH,1000,810,"['C0440984926R.IMG', 1]","['C0440984926R.IMG', 3]","['C0440984926R.IMG', 5]","['C0440984926R.IMG', 11]","['C0440984926R.IMG', 11]",GO-J/JSA-SSI-2-REDR-V1.0,GALILEO ORBITER,SOLID STATE IMAGING SYSTEM,1,04409849.26,1998-03-29 19:24:06.230000+00:00,14E0059,14,14ESGLOCOL01,EUROPA,000T11:24:05Z,000T06:02:05Z,NOT APPLICABLE,VIOLET,3,195.83,40K,8.667,ON,NORMAL,OFF,NOT INVERTED,N,INTEGER COSINE TRANSFORM,4.258,IM8,NOT POSSIBLE,N/A,WEST,143510.7,813541.4,0.047,166.336,-358.278,440.283,266.682,285.098,107.893,52.286,20.386,269.106,UNK,UNK,1441.46,1530.51,142036.0,747594000.0,1.399,243.734,184.068,79.387,19.575,77.387,258.243,-19.301,165.491,0.6,461.1,1565.0,1565.0,1565.0,N/A,N/A,N/A,N/A,N/A,N/A,N/A,N/A,N/A,LSB_UNSIGNED_INTEGER,"frozenset({'CKE14AJE.PLT', 'NULL', 'N/A', 'S980928A.BSP'})","VICAR programs run: SSIMERGE,CATLABEL,BADLABELS.",REDR,6.302,5.602,7.73,SKEWED,"frozenset({720, 1, 800})",0.0
C0440984939R,1442.4302415086,-1442.4302415086,-426959.35148655,602935.84095059,874112.7263542071,-600050.9804675825,195.6613116925877,22.116311782099793,147.93663889963514,-22.010492108501584,FIXED_LENGTH,1000,813,"['C0440984939R.IMG', 1]","['C0440984939R.IMG', 3]","['C0440984939R.IMG', 5]","['C0440984939R.IMG', 14]","['C0440984939R.IMG', 14]",GO-J/JSA-SSI-2-REDR-V1.0,GALILEO ORBITER,SOLID STATE IMAGING SYSTEM,1,04409849.39,1998-03-29 19:24:14.897000+00:00,14E0060,14,14ESGLOCOL01,EUROPA,000T11:24:13Z,000T06:02:13Z,NOT APPLICABLE,VIOLET,3,195.83,40K,8.667,ON,NORMAL,OFF,NOT INVERTED,N,INTEGER COSINE TRANSFORM,4.249,IM8,NOT POSSIBLE,N/A,WEST,143572.4,813606.7,0.047,166.347,396.472,437.668,354.65,285.284,107.891,52.161,20.81,268.964,UNK,UNK,1442.31,1441.83,142008.0,747594000.0,1.399,243.744,180.439,75.412,2.019,77.422,255.405,-0.104,168.339,400.0,400.0,1565.0,1565.0,1565.0,N/A,N/A,N/A,N/A,N/A,N/A,N/A,N/A,N/A,LSB_UNSIGNED_INTEGER,"frozenset({'CKE14AJE.PLT', 'NULL', 'N/A', 'S980928A.BSP'})","VICAR programs run: SSIMERGE,CATLABEL,BADLABELS.",REDR,6.166,4.944,7.964,SKEWED,"frozenset({800, 1})",0.0
C0440984952R,1443.9272322093,-1443.9272322093,-2033049.5429507,2417134.1867184,2740573.886733246,508262.3857377055,254.5743651421742,88.66298810227337,79.47290835238212,18.64359128554467,FIXED_LENGTH,1000,812,"['C0440984952R.IMG', 1]","['C0440984952R.IMG', 3]","['C0440984952R.IMG', 5]","['C0440984952R.IMG', 13]","['C0440984952R.IMG', 13]",GO-J/JSA-SSI-2-REDR-V1.0,GALILEO ORBITER,SOLID STATE IMAGING SYSTEM,1,04409849.52,1998-03-29 19:24:23.564000+00:00,14E0061,14,14ESGLOCOL01,EUROPA,000T11:24:22Z,000T06:02:22Z,NOT APPLICABLE,VIOLET,3,195.83,40K,8.667,ON,NORMAL,OFF,NOT INVERTED,N,INTEGER COSINE TRANSFORM,4.152,IM8,NOT POSSIBLE,N/A,WEST,143634.2,813671.9,0.047,166.358,1144.369,428.87,88.693,285.471,107.894,52.031,21.228,268.824,UNK,UNK,1443.21,1523.54,142151.0,747594000.0,1.399,243.754,176.239,77.568,18.721,77.405,257.352,18.567,166.403,800.4,421.0,1565.0,1565.0,1565.0,N/A,N/A,N/A,N/A,N/A,N/A,N/A,N/A,N/A,LSB_UNSIGNED_INTEGER,"frozenset({'CKE14AJE.PLT', 'NULL', 'N/A', 'S980928A.BSP'})","VICAR programs run: SSIMERGE,CATLABEL,BADLABELS.",REDR,6.245,3.724,34.692,SKEWED,"frozenset({800, 1, 432})",0.0
C0440984965R,1445.8162251508,-1445.8162251508,-2071854.6506411,-261692.73675229,-410611.80794283096,-1668471.9238240183,255.99777672617586,-9.599160912377915,195.06166684594146,-61.201280071183895,FIXED_LENGTH,1000,810,"['C0440984965R.IMG', 1]","['C0440984965R.IMG', 3]","['C0440984965R.IMG', 5]","['C0440984965R.IMG', 11]","['C0440984965R.IMG', 11]",GO-J/JSA-SSI-2-REDR-V1.0,GALILEO ORBITER,SOLID STATE IMAGING SYSTEM,1,04409849.65,1998-03-29 19:24:32.230000+00:00,14E0062,14,14ESGLOCOL01,EUROPA,000T11:24:31Z,000T06:02:31Z,NOT APPLICABLE,VIOLET,3,195.83,100K,8.667,ON,NORMAL,OFF,NOT INVERTED,N,INTEGER COSINE TRANSFORM,3.556,IM8,NOT POSSIBLE,N/A,WEST,143695.9,813737.3,0.046,166.369,-219.823,1188.35,330.417,284.97,107.459,52.71,20.577,269.082,UNK,UNK,1554.43,1481.15,142272.0,747594000.0,1.399,243.765,188.906,56.854,24.61,77.623,235.749,-11.38,188.016,0.2,800.8,1565.0,1565.0,1565.0,N/A,N/A,N/A,N/A,N/A,N/A,N/A,N/A,N/A,LSB_UNSIGNED_INTEGER,"frozenset({'CKE14AJE.PLT', 'NULL', 'N/A', 'S980928A.BSP'})","VICAR programs run: SSIMERGE,CATLABEL,BADLABELS.",REDR,10.68,7.122,25.756,SKEWED,"frozenset({736, 1, 800})",0.0
C0440984978R,1445.538494413,-1445.538494413,-2074347.7394827,857204.32718691,-252969.23652231973,-362830.162097662,256.0892258097705,31.443143487939356,189.27917387924174,-13.308986535367197,FIXED_LENGTH,1000,809,"['C0440984978R.IMG', 1]","['C0440984978R.IMG', 3]","['C0440984978R.IMG', 5]","['C0440984978R.IMG', 10]","['C0440984978R.IMG', 10]",GO-J/JSA-SSI-2-REDR-V1.0,GALILEO ORBITER,SOLID STATE IMAGING SYSTEM,1,04409849.78,1998-03-29 19:24:40.897000+00:00,14E0063,14,14ESGLOCOL01,EUROPA,000T11:24:39Z,000T06:02:39Z,NOT APPLICABLE,VIOLET,3,195.83,100K,8.667,ON,NORMAL,OFF,NOT INVERTED,N,INTEGER COSINE TRANSFORM,3.971,IM8,NOT POSSIBLE,N/A,WEST,143757.7,813802.5,0.046,166.38,532.991,1184.646,358.773,285.156,107.458,52.586,21.001,268.94,UNK,UNK,1547.33,1444.76,142296.0,747595000.0,1.399,243.775,180.726,56.604,21.026,77.622,236.568,-0.004,187.182,541.2,800.5,1565.0,1565.0,1565.0,N/A,N/A,N/A,N/A,N/A,N/A,N/A,N/A,N/A,LSB_UNSIGNED_INTEGER,"frozenset({'CKE14AJE.PLT', 'NULL', 'N/A', 'S980928A.BSP'})","VICAR programs run: SSIMERGE,CATLABEL,BADLABELS.",REDR,8.563,6.076,9.818,SKEWED,"frozenset({800, 1})",0.0
C0440985000R,1445.8116169683,-1445.8116169683,-2042931.8147762,-504588.25432194,2742704.637388874,-2404384.719018286,254.93685711887215,-18.508820335800884,79.39475020912849,-88.19532440812812,FIXED_LENGTH,1000,810,"['C0440985000R.IMG', 1]","['C0440985000R.IMG', 3]","['C0440985000R.IMG', 5]","['C0440985000R.IMG', 11]","['C0440985000R.IMG', 11]",GO-J/JSA-SSI-2-REDR-V1.0,GALILEO ORBITER,SOLID STATE IMAGING SYSTEM,1,04409850.00,1998-03-29 19:24:49.664000+00:00,14E0064,14,14ESGLOCOL01,EUROPA,000T11:24:48Z,000T06:02:48Z,NOT APPLICABLE,IR-9680,5,395.83,40K,8.667,ON,NORMAL,OFF,NOT INVERTED,N,INTEGER COSINE TRANSFORM,2.795,IM8,NOT POSSIBLE,N/A,WEST,143820.2,813868.6,0.046,166.391,-357.015,437.509,272.639,285.098,107.898,52.28,20.387,269.108,UNK,UNK,1445.12,1533.55,142345.0,747595000.0,1.399,243.785,184.758,77.422,19.535,77.405,257.278,-19.242,167.628,0.6,421.0,1565.0,1565.0,1565.0,N/A,N/A,N/A,N/A,N/A,N/A,N/A,N/A,N/A,LSB_UNSIGNED_INTEGER,"frozenset({'CKE14AJE.PLT', 'NULL', 'N/A', 'S980928A.BSP'})","VICAR programs run: SSIMERGE,CATLABEL,BADLABELS.",REDR,10.813,7.81,14.378,SKEWED,"frozenset({712, 1, 800})",0.0
C0440985013R,1445.5746979091,-1445.5746979091,-416325.51299782,631716.14298628,886137.289818279,-573893.1550699094,195.271251471443,23.172003100766126,147.49556544446324,-21.05099595195435,FIXED_LENGTH,1000,810,"['C0440985013R.IMG', 1]","['C0440985013R.IMG', 3]","['C0440985013R.IMG', 5]","['C0440985013R.IMG', 11]","['C0440985013R.IMG', 11]",GO-J/JSA-SSI-2-REDR-V1.0,GALILEO ORBITER,SOLID STATE IMAGING SYSTEM,1,04409850.13,1998-03-29 19:24:58.330000+00:00,14E0065,14,14ESGLOCOL01,EUROPA,000T11:24:57Z,000T06:02:57Z,NOT APPLICABLE,IR-9680,5,395.83,40K,8.667,ON,NORMAL,OFF,NOT INVERTED,N,INTEGER COSINE TRANSFORM,2.852,IM8,NOT POSSIBLE,N/A,WEST,143882.0,813933.9,0.046,166.401,397.743,434.899,356.3,285.284,107.896,52.156,20.81,268.966,UNK,UNK,1445.64,1444.96,142318.0,747595000.0,1.399,243.795,180.423,75.551,1.871,77.417,255.545,-0.04,168.25,400.0,400.0,1565.0,1565.0,1565.0,N/A,N/A,N/A,N/A,N/A,N/A,N/A,N/A,N/A,LSB_UNSIGNED_INTEGER,"frozenset({'CKE14AJE.PLT', 'NULL', 'N/A', 'S980928A.BSP'})","VICAR programs run: SSIMERGE,CATLABEL,BADLABELS.",REDR,10.192,6.58,15.169,SKEWED,"frozenset({736, 65, 800, 1})",0.0
C0440985026R,1446.9668267932,-1446.9668267932,-2034435.3584712,2426563.3685322,2744896.0704267398,474605.1191881732,254.6251982923076,89.0088602675693,79.31436617317762,17.4090078519755,FIXED_LENGTH,1000,811,"['C0440985026R.IMG', 1]","['C0440985026R.IMG', 3]","['C0440985026R.IMG', 5]","['C0440985026R.IMG', 12]","['C0440985026R.IMG', 12]",GO-J/JSA-SSI-2-REDR-V1.0,GALILEO ORBITER,SOLID STATE IMAGING SYSTEM,1,04409850.26,1998-03-29 19:25:07.064000+00:00,14E0066,14,14ESGLOCOL01,EUROPA,000T11:25:06Z,000T06:03:06Z,NOT APPLICABLE,IR-9680,5,529.17,40K,8.667,ON,NORMAL,OFF,NOT INVERTED,N,INTEGER COSINE TRANSFORM,2.753,IM8,NOT POSSIBLE,N/A,WEST,143944.3,813999.7,0.046,166.412,1145.646,426.114,92.477,285.471,107.899,52.026,21.228,268.826,UNK,UNK,1445.64,1527.96,142462.0,747595000.0,1.399,243.805,176.626,78.773,18.848,77.388,258.621,18.654,165.185,800.4,441.0,1565.0,1565.0,1565.0,N/A,N/A,N/A,N/A,N/A,N/A,N/A,N/A,N/A,LSB_UNSIGNED_INTEGER,"frozenset({'CKE14AJE.PLT', 'NULL', 'N/A', 'S980928A.BSP'})","VICAR programs run: SSIMERGE,CATLABEL,BADLABELS.",REDR,9.173,3.58,34.859,SKEWED,"frozenset({800, 1, 440})",0.0
C0440985039R,1448.8396583375,-1448.8396583375,-2073289.551081,-295563.29030085,-373800.63185111247,-1708181.9571799126,256.05041036204506,-10.84156793421168,193.7113947403279,-62.65788526684104,FIXED_LENGTH,1000,809,"['C0440985039R.IMG', 1]","['C0440985039R.IMG', 3]","['C0440985039R.IMG', 5]","['C0440985039R.IMG', 10]","['C0440985039R.IMG', 10]",GO-J/JSA-SSI-2-REDR-V1.0,GALILEO ORBITER,SOLID STATE IMAGING SYSTEM,1,04409850.39,1998-03-29 19:25:15.664000+00:00,14E0067,14,14ESGLOCOL01,EUROPA,000T11:25:14Z,000T06:03:14Z,NOT APPLICABLE,IR-9680,5,395.83,40K,8.667,ON,NORMAL,OFF,NOT INVERTED,N,INTEGER COSINE TRANSFORM,2.655,IM8,NOT POSSIBLE,N/A,WEST,144005.6,814064.4,0.046,166.423,-218.632,1185.522,330.37,284.975,107.464,52.705,20.577,269.079,UNK,UNK,1556.68,1484.06,142580.0,747595000.0,1.399,243.816,188.835,56.959,24.487,77.618,235.864,-11.342,187.952,0.2,800.8,1565.0,1565.0,1565.0,N/A,N/A,N/A,N/A,N/A,N/A,N/A,N/A,N/A,LSB_UNSIGNED_INTEGER,"frozenset({'CKE14AJE.PLT', 'NULL', 'N/A', 'S980928A.BSP'})","VICAR programs run: SSIMERGE,CATLABEL,BADLABELS.",REDR,11.32,8.856,13.68,SKEWED,"frozenset({720, 1, 800})",0.0
C0440985052R,1448.7990279213,-1448.7990279213,-2076129.0070112,822917.8478593,-283964.6094725521,-395522.1346225133,256.15456454956995,30.185479877289808,190.41611629568365,-14.50816198327477,FIXED_LENGTH,1000,809,"['C0440985052R.IMG', 1]","['C0440985052R.IMG', 3]","['C0440985052R.IMG', 5]","['C0440985052R.IMG', 10]","['C0440985052R.IMG', 10]",GO-J/JSA-SSI-2-REDR-V1.0,GALILEO ORBITER,SOLID STATE IMAGING SYSTEM,1,04409850.52,1998-03-29 19:25:24.330000+00:00,14E0068,14,14ESGLOCOL01,EUROPA,000T11:25:23Z,000T06:03:23Z,NOT APPLICABLE,IR-9680,5,395.83,40K,8.667,ON,NORMAL,OFF,NOT INVERTED,N,INTEGER COSINE TRANSFORM,3.031,IM8,NOT POSSIBLE,N/A,WEST,144067.4,814129.8,0.046,166.434,534.263,1181.887,1.965,285.156,107.463,52.58,21.001,268.942,UNK,UNK,1549.54,1447.96,142604.0,747595000.0,1.399,243.826,179.933,56.702,20.924,77.617,236.717,1.119,187.109,521.1,800.5,1565.0,1565.0,1565.0,N/A,N/A,N/A,N/A,N/A,N/A,N/A,N/A,N/A,LSB_UNSIGNED_INTEGER,"frozenset({'CKE14AJE.PLT', 'NULL', 'N/A', 'S980928A.BSP'})","VICAR programs run: SSIMERGE,CATLABEL,BADLABELS.",REDR,9.276,5.608,15.202,SKEWED,"frozenset({800, 1})",0.0
C0440985113R,1451.3544138742,-1451.3544138742,-2075436.8118401,-300430.36367196,-222057.22532274667,-1859185.0041728509,256.1291741130121,-11.020097231743764,188.14528925824516,-68.19683359354462,FIXED_LENGTH,1000,810,"['C0440985113R.IMG', 1]","['C0440985113R.IMG', 3]","['C0440985113R.IMG', 5]","['C0440985113R.IMG', 11]","['C0440985113R.IMG', 11]",GO-J/JSA-SSI-2-REDR-V1.0,GALILEO ORBITER,SOLID STATE IMAGING SYSTEM,1,04409851.13,1998-03-29 19:25:58.897000+00:00,14E0069,14,14ESGLOCOL01,EUROPA,000T11:25:57Z,000T06:03:57Z,NOT APPLICABLE,IR-7560,4,195.83,100K,8.667,ON,NORMAL,OFF,NOT INVERTED,N,INTEGER COSINE TRANSFORM,3.193,IM8,NOT POSSIBLE,N/A,WEST,144313.9,814390.4,0.045,166.477,-217.429,1183.016,330.344,284.975,107.469,52.699,20.577,269.081,UNK,UNK,1558.93,1486.98,142887.0,747596000.0,1.399,243.866,188.777,57.049,24.38,77.614,235.962,-11.305,187.904,0.2,800.8,1565.0,1565.0,1565.0,N/A,N/A,N/A,N/A,N/A,N/A,N/A,N/A,N/A,LSB_UNSIGNED_INTEGER,"frozenset({'CKE14AJE.PLT', 'NULL', 'N/A', 'S980928A.BSP'})","VICAR programs run: SSIMERGE,CATLABEL,BADLABELS.",REDR,10.548,7.156,17.899,SKEWED,"frozenset({752, 1, 800})",0.0
C0440985126R,1450.5903405188,-1450.5903405188,-439528.8731772,615050.30437997,870354.2043112764,-593291.4492721906,196.12237478053416,22.5606828612093,148.07450538508124,-21.762545495836424,FIXED_LENGTH,1000,810,"['C0440985126R.IMG', 1]","['C0440985126R.IMG', 3]","['C0440985126R.IMG', 5]","['C0440985126R.IMG', 11]","['C0440985126R.IMG', 11]",GO-J/JSA-SSI-2-REDR-V1.0,GALILEO ORBITER,SOLID STATE IMAGING SYSTEM,1,04409851.26,1998-03-29 19:26:07.564000+00:00,14E0070,14,14ESGLOCOL01,EUROPA,000T11:26:06Z,000T06:04:06Z,NOT APPLICABLE,IR-7560,4,195.83,40K,8.667,ON,NORMAL,OFF,NOT INVERTED,N,INTEGER COSINE TRANSFORM,3.903,IM8,NOT POSSIBLE,N/A,WEST,144375.8,814455.7,0.045,166.488,400.737,427.062,1.56,285.284,107.906,52.145,20.81,268.969,UNK,UNK,1448.98,1449.97,142811.0,747596000.0,1.399,243.876,180.386,75.954,1.453,77.407,255.952,0.11,167.924,400.0,400.0,1565.0,1565.0,1565.0,N/A,N/A,N/A,N/A,N/A,N/A,N/A,N/A,N/A,LSB_UNSIGNED_INTEGER,"frozenset({'CKE14AJE.PLT', 'NULL', 'N/A', 'S980928A.BSP'})","VICAR programs run: SSIMERGE,CATLABEL,BADLABELS.",REDR,6.25,4.624,7.771,SKEWED,"frozenset({800, 1})",0.0
C0440985139R,1452.0830722648,-1452.0830722648,-2037272.5503875,-505324.90914815,2740080.757363692,-2409005.816887303,254.72926943345527,-18.53584159860484,79.49099684894384,-88.36483106921106,FIXED_LENGTH,1000,810,"['C0440985139R.IMG', 1]","['C0440985139R.IMG', 3]","['C0440985139R.IMG', 5]","['C0440985139R.IMG', 11]","['C0440985139R.IMG', 11]",GO-J/JSA-SSI-2-REDR-V1.0,GALILEO ORBITER,SOLID STATE IMAGING SYSTEM,1,04409851.39,1998-03-29 19:26:16.230000+00:00,14E0071,14,14ESGLOCOL01,EUROPA,000T11:26:15Z,000T06:04:15Z,NOT APPLICABLE,IR-7560,4,195.83,40K,8.667,ON,NORMAL,OFF,NOT INVERTED,N,INTEGER COSINE TRANSFORM,3.694,IM8,NOT POSSIBLE,N/A,WEST,144437.6,814521.1,0.045,166.499,-354.473,431.894,265.3,285.103,107.908,52.269,20.387,269.107,UNK,UNK,1451.56,1539.69,142962.0,747596000.0,1.399,243.887,183.902,79.823,19.524,77.372,258.714,-19.227,165.173,0.6,461.1,1565.0,1565.0,1565.0,N/A,N/A,N/A,N/A,N/A,N/A,N/A,N/A,N/A,LSB_UNSIGNED_INTEGER,"frozenset({'CKE14AJE.PLT', 'NULL', 'N/A', 'S980928A.BSP'})","VICAR programs run: SSIMERGE,CATLABEL,BADLABELS.",REDR,7.184,5.528,9.336,SKEWED,"frozenset({712, 1, 800})",0.0
C0449961800R,230.99856767882,-230.99856767882,-1464530.9190837,711937.58558612,-1215976.4602612897,500342.8975923209,233.72051256716486,26.114608790536817,224.6032773112863,18.353096249287034,FIXED_LENGTH,1000,807,"['C0449961800R.IMG', 1]","['C0449961800R.IMG', 3]","['C0449961800R.IMG', 5]","['C0449961800R.IMG', 8]","['C0449961800R.IMG', 8]",GO-J/JSA-SSI-2-REDR-V1.0,GALILEO ORBITER,SOLID STATE IMAGING SYSTEM,1,04499618.00,1998-05-31 20:10:11.556000+00:00,15E0001,15,15ESREGMAP01,EUROPA,-000T06:24:50Z,-000T01:02:49Z,NOT APPLICABLE,CLEAR,0,12.5,100K,8.667,ON,NORMAL,OFF,NOT INVERTED,N,INTEGER COSINE TRANSFORM,5.572,IM8,NOT POSSIBLE,N/A,WEST,24200.7,698231.9,2.573,211.701,-2015.282,-1266.124,235.401,92.466,105.876,281.71,-25.651,93.428,UNK,UNK,241.34,251.673,22800.9,745361000.0,1.636,147.835,185.845,80.769,27.418,62.793,99.326,22.438,228.521,400.0,400.0,1565.0,1565.0,1565.0,N/A,N/A,N/A,N/A,N/A,N/A,N/A,N/A,N/A,LSB_UNSIGNED_INTEGER,"frozenset({'N/A', 'MIPS_NEAR.CK', 'S980602A.BSP', 'S980928A.BSP', 'NULL'})","VICAR programs run: SSIMERGE,CATLABEL,BADLABELS.",REDR,4.175,2.897,4.859,SKEWED,"frozenset({800, 1})",0.0
C0449961801R,230.99856767882,-230.99856767882,-1464530.9190837,711937.58558612,-1215976.4602612897,500342.8975923209,233.72051256716486,26.114608790536817,224.6032773112863,18.353096249287034,FIXED_LENGTH,1000,807,"['C0449961801R.IMG', 1]","['C0449961801R.IMG', 3]","['C0449961801R.IMG', 5]","['C0449961801R.IMG', 8]","['C0449961801R.IMG', 8]",GO-J/JSA-SSI-2-REDR-V1.0,GALILEO ORBITER,SOLID STATE IMAGING SYSTEM,1,04499618.01,1998-05-31 20:10:11.556000+00:00,15E0001,15,15ESREGMAP01,EUROPA,-000T06:24:50Z,-000T01:02:49Z,NOT APPLICABLE,CLEAR,0,12.5,100K,8.667,ON,NORMAL,OFF,NOT INVERTED,N,INTEGER COSINE TRANSFORM,5.562,IM8,NOT POSSIBLE,N/A,WEST,24200.7,698231.9,2.573,211.701,-2015.282,-1266.124,235.401,92.466,105.883,281.71,-25.651,93.428,UNK,UNK,241.34,251.673,22800.9,745361000.0,1.636,147.835,185.845,80.769,27.418,62.793,99.326,22.438,228.521,400.0,400.0,1565.0,1565.0,1565.0,N/A,N/A,N/A,N/A,N/A,N/A,N/A,N/A,N/A,LSB_UNSIGNED_INTEGER,"frozenset({'N/A', 'MIPS_NEAR.CK', 'S980602A.BSP', 'S980928A.BSP', 'NULL'})","VICAR programs run: SSIMERGE,CATLABEL,BADLABELS.",REDR,3.469,2.492,4.067,SKEWED,"frozenset({800, 1})",1.0
C0449961802R,230.99856767882,-230.99856767882,-1464530.9190837,711937.58558612,-1215976.4602612897,500342.8975923209,233.72051256716486,26.114608790536817,224.6032773112863,18.353096249287034,FIXED_LENGTH,1000,805,"['C0449961802R.IMG', 1]","['C0449961802R.IMG', 3]","['C0449961802R.IMG', 5]","['C0449961802R.IMG', 6]","['C0449961802R.IMG', 6]",GO-J/JSA-SSI-2-REDR-V1.0,GALILEO ORBITER,SOLID STATE IMAGING SYSTEM,1,04499618.02,1998-05-31 20:10:11.556000+00:00,15E0001,15,15ESREGMAP01,EUROPA,-000T06:24:50Z,-000T01:02:49Z,NOT APPLICABLE,CLEAR,0,12.5,100K,8.667,ON,NORMAL,OFF,NOT INVERTED,N,HUFFMAN,5.49,IM8,NOT POSSIBLE,N/A,WEST,24200.7,698231.9,2.573,211.701,-2015.282,-1266.124,235.401,92.466,105.881,281.71,-25.651,93.428,UNK,UNK,241.34,251.673,22800.9,745361000.0,1.636,147.835,185.845,80.769,27.418,62.793,99.326,22.438,228.521,400.0,400.0,1565.0,1565.0,1565.0,N/A,N/A,N/A,N/A,N/A,N/A,N/A,N/A,N/A,LSB_UNSIGNED_INTEGER,"frozenset({'N/A', 'MIPS_NEAR.CK', 'S980602A.BSP', 'S980928A.BSP', 'NULL'})","VICAR programs run: SSIMERGE,CATLABEL,BADLABELS.",REDR,1.464,1.332,1.499,UNIFORM,"frozenset({800, 1})",2.0
C0449961813R,230.99952178098,-230.99952178098,-1443285.0120876,903901.12872897,-1174401.5687345394,679831.5926014194,232.9411906703633,33.15603058468714,223.0782671843996,24.936927679717375,FIXED_LENGTH,1000,812,"['C0449961813R.IMG', 1]","['C0449961813R.IMG', 3]","['C0449961813R.IMG', 5]","['C0449961813R.IMG', 13]","['C0449961813R.IMG', 13]",GO-J/JSA-SSI-2-REDR-V1.0,GALILEO ORBITER,SOLID STATE IMAGING SYSTEM,1,04499618.13,1998-05-31 20:10:20.223000+00:00,15E0002,15,15ESREGMAP01,EUROPA,-000T06:24:41Z,-000T01:02:40Z,NOT APPLICABLE,CLEAR,0,12.5,100K,8.667,ON,NORMAL,OFF,NOT INVERTED,N,INTEGER COSINE TRANSFORM,5.482,IM8,NOT POSSIBLE,N/A,WEST,24146.59,698186.7,2.579,211.69,-2734.753,-994.085,246.024,92.267,105.777,281.544,-25.245,93.558,UNK,UNK,239.26,267.942,22812.0,745361000.0,1.636,147.845,187.274,79.999,32.487,62.911,100.479,29.219,227.295,400.0,400.0,1565.0,1565.0,1565.0,N/A,N/A,N/A,N/A,N/A,N/A,N/A,N/A,N/A,LSB_UNSIGNED_INTEGER,"frozenset({'N/A', 'MIPS_NEAR.CK', 'S980602A.BSP', 'S980928A.BSP', 'NULL'})","VICAR programs run: SSIMERGE,CATLABEL,BADLABELS.",REDR,4.491,3.467,6.564,SKEWED,"frozenset({800, 1, 200})",0.0
C0449961814R,230.99952178098,-230.99952178098,-1443285.0120876,903901.12872897,-1174401.5687345394,679831.5926014194,232.9411906703633,33.15603058468714,223.0782671843996,24.936927679717375,FIXED_LENGTH,1000,807,"['C0449961814R.IMG', 1]","['C0449961814R.IMG', 3]","['C0449961814R.IMG', 5]","['C0449961814R.IMG', 8]","['C0449961814R.IMG', 8]",GO-J/JSA-SSI-2-REDR-V1.0,GALILEO ORBITER,SOLID STATE IMAGING SYSTEM,1,04499618.14,1998-05-31 20:10:20.223000+00:00,15E0002,15,15ESREGMAP01,EUROPA,-000T06:24:41Z,-000T01:02:40Z,NOT APPLICABLE,CLEAR,0,12.5,100K,8.667,ON,NORMAL,OFF,NOT INVERTED,N,INTEGER COSINE TRANSFORM,5.417,IM8,NOT POSSIBLE,N/A,WEST,24146.59,698186.7,2.579,211.69,-2734.753,-994.085,246.024,92.267,105.778,281.544,-25.245,93.558,UNK,UNK,239.26,267.942,22812.0,745361000.0,1.636,147.845,187.274,79.999,32.487,62.911,100.479,29.219,227.295,400.0,400.0,1565.0,1565.0,1565.0,N/A,N/A,N/A,N/A,N/A,N/A,N/A,N/A,N/A,LSB_UNSIGNED_INTEGER,"frozenset({'N/A', 'MIPS_NEAR.CK', 'S980602A.BSP', 'S980928A.BSP', 'NULL'})","VICAR programs run: SSIMERGE,CATLABEL,BADLABELS.",REDR,3.09,2.285,4.11,SKEWED,"frozenset({800, 1})",1.0
C0449961826R,231.27799636974,-231.27799636974,-1431148.241536,1115222.4984949,-1131180.6802444472,870530.3783357152,232.4960013428823,40.90751752995684,221.4928801822947,31.93195686079595,FIXED_LENGTH,1000,807,"['C0449961826R.IMG', 1]","['C0449961826R.IMG', 3]","['C0449961826R.IMG', 5]","['C0449961826R.IMG', 8]","['C0449961826R.IMG', 8]",GO-J/JSA-SSI-2-REDR-V1.0,GALILEO ORBITER,SOLID STATE IMAGING SYSTEM,1,04499618.26,1998-05-31 20:10:28.889000+00:00,15E0003,15,15ESREGMAP01,EUROPA,-000T06:24:33Z,-000T01:02:32Z,NOT APPLICABLE,CLEAR,0,12.5,100K,8.667,ON,NORMAL,OFF,NOT INVERTED,N,INTEGER COSINE TRANSFORM,5.479,IM8,NOT POSSIBLE,N/A,WEST,24092.49,698141.5,2.584,211.679,-3456.683,-711.5,253.923,92.119,105.643,281.372,-24.837,93.634,UNK,UNK,237.832,293.363,22853.3,745361000.0,1.636,147.855,188.601,79.631,38.816,63.036,101.388,36.537,226.146,400.0,400.0,1565.0,1565.0,1565.0,N/A,N/A,N/A,N/A,N/A,N/A,N/A,N/A,N/A,LSB_UNSIGNED_INTEGER,"frozenset({'N/A', 'MIPS_NEAR.CK', 'S980602A.BSP', 'S980928A.BSP', 'NULL'})","VICAR programs run: SSIMERGE,CATLABEL,BADLABELS.",REDR,4.105,2.952,4.55,SKEWED,"frozenset({800, 1})",0.0
C0449961827R,231.27799636974,-231.27799636974,-1431148.241536,1115222.4984949,-1131180.6802444472,870530.3783357152,232.4960013428823,40.90751752995684,221.4928801822947,31.93195686079595,FIXED_LENGTH,1000,807,"['C0449961827R.IMG', 1]","['C0449961827R.IMG', 3]","['C0449961827R.IMG', 5]","['C0449961827R.IMG', 8]","['C0449961827R.IMG', 8]",GO-J/JSA-SSI-2-REDR-V1.0,GALILEO ORBITER,SOLID STATE IMAGING SYSTEM,1,04499618.27,1998-05-31 20:10:28.889000+00:00,15E0003,15,15ESREGMAP01,EUROPA,-000T06:24:33Z,-000T01:02:32Z,NOT APPLICABLE,CLEAR,0,12.5,100K,8.667,ON,NORMAL,OFF,NOT INVERTED,N,INTEGER COSINE TRANSFORM,5.466,IM8,NOT POSSIBLE,N/A,WEST,24092.49,698141.5,2.584,211.679,-3456.683,-711.5,253.923,92.119,105.641,281.372,-24.837,93.634,UNK,UNK,237.832,293.363,22853.3,745361000.0,1.636,147.855,188.601,79.631,38.816,63.036,101.388,36.537,226.146,400.0,400.0,1565.0,1565.0,1565.0,N/A,N/A,N/A,N/A,N/A,N/A,N/A,N/A,N/A,LSB_UNSIGNED_INTEGER,"frozenset({'N/A', 'MIPS_NEAR.CK', 'S980602A.BSP', 'S980928A.BSP', 'NULL'})","VICAR programs run: SSIMERGE,CATLABEL,BADLABELS.",REDR,3.347,2.25,3.776,SKEWED,"frozenset({800, 1})",1.0
C0449961828R,231.27799636974,-231.27799636974,-1431148.241536,1115222.4984949,-1131180.6802444472,870530.3783357152,232.4960013428823,40.90751752995684,221.4928801822947,31.93195686079595,FIXED_LENGTH,1000,806,"['C0449961828R.IMG', 1]","['C0449961828R.IMG', 3]","['C0449961828R.IMG', 5]","['C0449961828R.IMG', 7]","['C0449961828R.IMG', 7]",GO-J/JSA-SSI-2-REDR-V1.0,GALILEO ORBITER,SOLID STATE IMAGING SYSTEM,1,04499618.28,1998-05-31 20:10:28.889000+00:00,15E0003,15,15ESREGMAP01,EUROPA,-000T06:24:33Z,-000T01:02:32Z,NOT APPLICABLE,CLEAR,0,12.5,100K,8.667,ON,NORMAL,OFF,NOT INVERTED,N,HUFFMAN,5.383,IM8,NOT POSSIBLE,N/A,WEST,24092.49,698141.5,2.584,211.679,-3456.683,-711.5,253.923,92.119,105.635,281.372,-24.837,93.634,UNK,UNK,237.832,293.363,22853.3,745361000.0,1.636,147.855,188.601,79.631,38.816,63.036,101.388,36.537,226.146,400.0,400.0,1565.0,1565.0,1565.0,N/A,N/A,N/A,N/A,N/A,N/A,N/A,N/A,N/A,LSB_UNSIGNED_INTEGER,"frozenset({'N/A', 'MIPS_NEAR.CK', 'S980602A.BSP', 'S980928A.BSP', 'NULL'})","VICAR programs run: SSIMERGE,CATLABEL,BADLABELS.",REDR,1.484,1.375,1.473,UNIFORM,"frozenset({800, 1})",2.0
C0449961839R,231.90116186221,-231.90116186221,-1440801.9186499,1358013.2038651,-1086225.0421625809,1078340.4026592746,232.85010822854716,49.81333233323258,219.8438607665402,39.55464401460577,FIXED_LENGTH,1000,811,"['C0449961839R.IMG', 1]","['C0449961839R.IMG', 3]","['C0449961839R.IMG', 5]","['C0449961839R.IMG', 12]","['C0449961839R.IMG', 12]",GO-J/JSA-SSI-2-REDR-V1.0,GALILEO ORBITER,SOLID STATE IMAGING SYSTEM,1,04499618.39,1998-05-31 20:10:37.556000+00:00,15E0004,15,15ESREGMAP01,EUROPA,-000T06:24:24Z,-000T01:02:23Z,NOT APPLICABLE,CLEAR,0,12.5,100K,8.667,ON,NORMAL,OFF,NOT INVERTED,N,INTEGER COSINE TRANSFORM,5.53,IM8,NOT POSSIBLE,N/A,WEST,24038.39,698096.4,2.59,211.667,-4181.759,-422.066,259.828,91.955,105.489,281.199,-24.426,93.726,UNK,UNK,236.753,335.386,22934.1,745361000.0,1.636,147.865,189.602,79.873,46.479,63.165,102.363,44.705,225.202,400.0,400.0,1565.0,1565.0,1565.0,N/A,N/A,N/A,N/A,N/A,N/A,N/A,N/A,N/A,LSB_UNSIGNED_INTEGER,"frozenset({'N/A', 'MIPS_NEAR.CK', 'S980602A.BSP', 'S980928A.BSP', 'NULL'})","VICAR programs run: SSIMERGE,CATLABEL,BADLABELS.",REDR,3.911,2.937,6.121,SKEWED,"frozenset({800, 1, 200})",0.0
C0449961840R,231.90116186221,-231.90116186221,-1440801.9186499,1358013.2038651,-1086225.0421625809,1078340.4026592746,232.85010822854716,49.81333233323258,219.8438607665402,39.55464401460577,FIXED_LENGTH,1000,807,"['C0449961840R.IMG', 1]","['C0449961840R.IMG', 3]","['C0449961840R.IMG', 5]","['C0449961840R.IMG', 8]","['C0449961840R.IMG', 8]",GO-J/JSA-SSI-2-REDR-V1.0,GALILEO ORBITER,SOLID STATE IMAGING SYSTEM,1,04499618.40,1998-05-31 20:10:37.556000+00:00,15E0004,15,15ESREGMAP01,EUROPA,-000T06:24:24Z,-000T01:02:23Z,NOT APPLICABLE,CLEAR,0,12.5,100K,8.667,ON,NORMAL,OFF,NOT INVERTED,N,INTEGER COSINE TRANSFORM,5.544,IM8,NOT POSSIBLE,N/A,WEST,24038.39,698096.4,2.59,211.667,-4181.759,-422.066,259.828,91.955,105.488,281.199,-24.426,93.726,UNK,UNK,236.753,335.386,22934.1,745361000.0,1.636,147.865,189.602,79.873,46.479,63.165,102.363,44.705,225.202,400.0,400.0,1565.0,1565.0,1565.0,N/A,N/A,N/A,N/A,N/A,N/A,N/A,N/A,N/A,LSB_UNSIGNED_INTEGER,"frozenset({'N/A', 'MIPS_NEAR.CK', 'S980602A.BSP', 'S980928A.BSP', 'NULL'})","VICAR programs run: SSIMERGE,CATLABEL,BADLABELS.",REDR,3.214,2.255,4.591,SKEWED,"frozenset({800, 1})",1.0
C0449961852R,232.98890669553,-232.98890669553,-1520019.6272816,1662841.827086,-1042159.3796490679,1313358.467042705,235.75589591567484,60.994762285435606,218.2274865773775,48.17535028765597,FIXED_LENGTH,1000,807,"['C0449961852R.IMG', 1]","['C0449961852R.IMG', 3]","['C0449961852R.IMG', 5]","['C0449961852R.IMG', 8]","['C0449961852R.IMG', 8]",GO-J/JSA-SSI-2-REDR-V1.0,GALILEO ORBITER,SOLID STATE IMAGING SYSTEM,1,04499618.52,1998-05-31 20:10:46.223000+00:00,15E0005,15,15ESREGMAP01,EUROPA,-000T06:24:15Z,-000T01:02:14Z,NOT APPLICABLE,CLEAR,0,12.5,100K,8.667,ON,NORMAL,OFF,NOT INVERTED,N,INTEGER COSINE TRANSFORM,5.694,IM8,NOT POSSIBLE,N/A,WEST,23984.3,698051.2,2.596,211.656,-4906.008,-137.284,264.218,91.737,105.374,281.034,-24.016,93.876,UNK,UNK,236.785,417.12,23073.4,745360000.0,1.636,147.876,189.716,81.152,55.957,63.287,102.54,54.327,224.926,400.0,400.0,1565.0,1565.0,1565.0,N/A,N/A,N/A,N/A,N/A,N/A,N/A,N/A,N/A,LSB_UNSIGNED_INTEGER,"frozenset({'N/A', 'MIPS_NEAR.CK', 'S980602A.BSP', 'S980928A.BSP', 'NULL'})","VICAR programs run: SSIMERGE,CATLABEL,BADLABELS.",REDR,3.555,2.427,3.947,SKEWED,"frozenset({800, 1})",0.0
C0449961853R,232.98890669553,-232.98890669553,-1520019.6272816,1662841.827086,-1042159.3796490679,1313358.467042705,235.75589591567484,60.994762285435606,218.2274865773775,48.17535028765597,FIXED_LENGTH,1000,807,"['C0449961853R.IMG', 1]","['C0449961853R.IMG', 3]","['C0449961853R.IMG', 5]","['C0449961853R.IMG', 8]","['C0449961853R.IMG', 8]",GO-J/JSA-SSI-2-REDR-V1.0,GALILEO ORBITER,SOLID STATE IMAGING SYSTEM,1,04499618.53,1998-05-31 20:10:46.223000+00:00,15E0005,15,15ESREGMAP01,EUROPA,-000T06:24:15Z,-000T01:02:14Z,NOT APPLICABLE,CLEAR,0,12.5,100K,8.667,ON,NORMAL,OFF,NOT INVERTED,N,INTEGER COSINE TRANSFORM,5.679,IM8,NOT POSSIBLE,N/A,WEST,23984.3,698051.2,2.596,211.656,-4906.008,-137.284,264.218,91.737,105.37,281.034,-24.016,93.876,UNK,UNK,236.785,417.12,23073.4,745360000.0,1.636,147.876,189.716,81.152,55.957,63.287,102.54,54.327,224.926,400.0,400.0,1565.0,1565.0,1565.0,N/A,N/A,N/A,N/A,N/A,N/A,N/A,N/A,N/A,LSB_UNSIGNED_INTEGER,"frozenset({'N/A', 'MIPS_NEAR.CK', 'S980602A.BSP', 'S980928A.BSP', 'NULL'})","VICAR programs run: SSIMERGE,CATLABEL,BADLABELS.",REDR,2.988,2.098,3.516,SKEWED,"frozenset({800, 1})",1.0
C0449961854R,232.98890669553,-232.98890669553,-1520019.6272816,1662841.827086,-1042159.3796490679,1313358.467042705,235.75589591567484,60.994762285435606,218.2274865773775,48.17535028765597,FIXED_LENGTH,1000,809,"['C0449961854R.IMG', 1]","['C0449961854R.IMG', 3]","['C0449961854R.IMG', 5]","['C0449961854R.IMG', 10]","['C0449961854R.IMG', 10]",GO-J/JSA-SSI-2-REDR-V1.0,GALILEO ORBITER,SOLID STATE IMAGING SYSTEM,1,04499618.54,1998-05-31 20:10:46.223000+00:00,15E0005,15,15ESREGMAP01,EUROPA,-000T06:24:15Z,-000T01:02:14Z,NOT APPLICABLE,CLEAR,0,12.5,100K,8.667,ON,NORMAL,OFF,NOT INVERTED,N,HUFFMAN,5.602,IM8,NOT POSSIBLE,N/A,WEST,23984.3,698051.2,2.596,211.656,-4906.008,-137.284,264.218,91.737,105.365,281.034,-24.016,93.876,UNK,UNK,236.785,417.12,23073.4,745360000.0,1.636,147.876,189.716,81.152,55.957,63.287,102.54,54.327,224.926,400.0,400.0,1565.0,1565.0,1565.0,N/A,N/A,N/A,N/A,N/A,N/A,N/A,N/A,N/A,LSB_UNSIGNED_INTEGER,"frozenset({'N/A', 'MIPS_NEAR.CK', 'S980602A.BSP', 'S980928A.BSP', 'NULL'})","VICAR programs run: SSIMERGE,CATLABEL,BADLABELS.",REDR,1.637,1.343,1.414,UNIFORM,"frozenset({648, 1, 800})",2.0
C0449961865R,228.01965232267,-228.01965232267,-1267105.2079571,730802.98569416,-1037489.4180681712,521480.94486194896,226.4787327880847,26.80661122652679,218.05618754467991,19.12846173949044,FIXED_LENGTH,1000,807,"['C0449961865R.IMG', 1]","['C0449961865R.IMG', 3]","['C0449961865R.IMG', 5]","['C0449961865R.IMG', 8]","['C0449961865R.IMG', 8]",GO-J/JSA-SSI-2-REDR-V1.0,GALILEO ORBITER,SOLID STATE IMAGING SYSTEM,1,04499618.65,1998-05-31 20:10:54.889000+00:00,15E0006,15,15ESREGMAP01,EUROPA,-000T06:24:07Z,-000T01:02:06Z,NOT APPLICABLE,CLEAR,0,12.5,100K,8.667,ON,NORMAL,OFF,NOT INVERTED,N,INTEGER COSINE TRANSFORM,5.713,IM8,NOT POSSIBLE,N/A,WEST,23930.22,698006.1,2.602,211.644,-2073.894,-550.993,248.973,92.323,105.587,281.369,-25.652,93.429,UNK,UNK,231.592,247.845,22495.2,745360000.0,1.636,147.886,188.378,74.472,24.288,63.1,105.927,23.166,221.68,400.0,400.0,1565.0,1565.0,1565.0,N/A,N/A,N/A,N/A,N/A,N/A,N/A,N/A,N/A,LSB_UNSIGNED_INTEGER,"frozenset({'N/A', 'MIPS_NEAR.CK', 'S980602A.BSP', 'S980928A.BSP', 'NULL'})","VICAR programs run: SSIMERGE,CATLABEL,BADLABELS.",REDR,4.456,2.696,6.159,SKEWED,"frozenset({800, 1})",0.0
C0449961866R,228.01965232267,-228.01965232267,-1267105.2079571,730802.98569416,-1037489.4180681712,521480.94486194896,226.4787327880847,26.80661122652679,218.05618754467991,19.12846173949044,FIXED_LENGTH,1000,807,"['C0449961866R.IMG', 1]","['C0449961866R.IMG', 3]","['C0449961866R.IMG', 5]","['C0449961866R.IMG', 8]","['C0449961866R.IMG', 8]",GO-J/JSA-SSI-2-REDR-V1.0,GALILEO ORBITER,SOLID STATE IMAGING SYSTEM,1,04499618.66,1998-05-31 20:10:54.889000+00:00,15E0006,15,15ESREGMAP01,EUROPA,-000T06:24:07Z,-000T01:02:06Z,NOT APPLICABLE,CLEAR,0,12.5,100K,8.667,ON,NORMAL,OFF,NOT INVERTED,N,INTEGER COSINE TRANSFORM,5.694,IM8,NOT POSSIBLE,N/A,WEST,23930.22,698006.1,2.602,211.644,-2073.894,-550.993,248.973,92.323,105.589,281.369,-25.652,93.429,UNK,UNK,231.592,247.845,22495.2,745360000.0,1.636,147.886,188.378,74.472,24.288,63.1,105.927,23.166,221.68,400.0,400.0,1565.0,1565.0,1565.0,N/A,N/A,N/A,N/A,N/A,N/A,N/A,N/A,N/A,LSB_UNSIGNED_INTEGER,"frozenset({'N/A', 'MIPS_NEAR.CK', 'S980602A.BSP', 'S980928A.BSP', 'NULL'})","VICAR programs run: SSIMERGE,CATLABEL,BADLABELS.",REDR,3.189,2.059,4.117,SKEWED,"frozenset({800, 1})",1.0
C0449961878R,228.08646878827,-228.08646878827,-1234175.8826133,920328.90156067,-988982.9286659099,698172.680960895,225.27085099268592,33.75861832479987,216.27691922089912,25.609697817153016,FIXED_LENGTH,1000,810,"['C0449961878R.IMG', 1]","['C0449961878R.IMG', 3]","['C0449961878R.IMG', 5]","['C0449961878R.IMG', 11]","['C0449961878R.IMG', 11]",GO-J/JSA-SSI-2-REDR-V1.0,GALILEO ORBITER,SOLID STATE IMAGING SYSTEM,1,04499618.78,1998-05-31 20:11:03.556000+00:00,15E0007,15,15ESREGMAP01,EUROPA,-000T06:23:58Z,-000T01:01:57Z,NOT APPLICABLE,CLEAR,0,12.5,100K,8.667,ON,NORMAL,OFF,NOT INVERTED,N,INTEGER COSINE TRANSFORM,5.713,IM8,NOT POSSIBLE,N/A,WEST,23876.13,697960.9,2.608,211.633,-2787.177,-279.946,257.957,92.114,105.456,281.206,-25.248,93.571,UNK,UNK,230.537,263.305,22512.0,745360000.0,1.636,147.896,190.5,73.813,30.299,63.216,107.656,29.844,220.129,400.0,400.0,1565.0,1565.0,1565.0,N/A,N/A,N/A,N/A,N/A,N/A,N/A,N/A,N/A,LSB_UNSIGNED_INTEGER,"frozenset({'N/A', 'MIPS_NEAR.CK', 'S980602A.BSP', 'S980928A.BSP', 'NULL'})","VICAR programs run: SSIMERGE,CATLABEL,BADLABELS.",REDR,3.784,2.783,4.203,SKEWED,"frozenset({80, 721, 800, 1})",0.0
C0449961879R,228.08646878827,-228.08646878827,-1234175.8826133,920328.90156067,-988982.9286659099,698172.680960895,225.27085099268592,33.75861832479987,216.27691922089912,25.609697817153016,FIXED_LENGTH,1000,808,"['C0449961879R.IMG', 1]","['C0449961879R.IMG', 3]","['C0449961879R.IMG', 5]","['C0449961879R.IMG', 9]","['C0449961879R.IMG', 9]",GO-J/JSA-SSI-2-REDR-V1.0,GALILEO ORBITER,SOLID STATE IMAGING SYSTEM,1,04499618.79,1998-05-31 20:11:03.556000+00:00,15E0007,15,15ESREGMAP01,EUROPA,-000T06:23:58Z,-000T01:01:57Z,NOT APPLICABLE,CLEAR,0,12.5,100K,8.667,ON,NORMAL,OFF,NOT INVERTED,N,INTEGER COSINE TRANSFORM,5.731,IM8,NOT POSSIBLE,N/A,WEST,23876.13,697960.9,2.608,211.633,-2787.177,-279.946,257.957,92.114,105.454,281.206,-25.248,93.571,UNK,UNK,230.537,263.305,22512.0,745360000.0,1.636,147.896,190.5,73.813,30.299,63.216,107.656,29.844,220.129,400.0,400.0,1565.0,1565.0,1565.0,N/A,N/A,N/A,N/A,N/A,N/A,N/A,N/A,N/A,LSB_UNSIGNED_INTEGER,"frozenset({'N/A', 'MIPS_NEAR.CK', 'S980602A.BSP', 'S980928A.BSP', 'NULL'})","VICAR programs run: SSIMERGE,CATLABEL,BADLABELS.",REDR,3.362,3.025,3.771,SKEWED,"frozenset({792, 1, 800})",1.0
C0449961900R,228.42252577928,-228.42252577928,-1200817.2180217,1127950.4322981,-933334.4403341631,884908.8648689461,224.04722058853025,41.37439133843651,214.23567497141633,32.459374654739506,FIXED_LENGTH,1000,810,"['C0449961900R.IMG', 1]","['C0449961900R.IMG', 3]","['C0449961900R.IMG', 5]","['C0449961900R.IMG', 11]","['C0449961900R.IMG', 11]",GO-J/JSA-SSI-2-REDR-V1.0,GALILEO ORBITER,SOLID STATE IMAGING SYSTEM,1,04499619.00,1998-05-31 20:11:12.223000+00:00,15E0008,15,15ESREGMAP01,EUROPA,-000T06:23:49Z,-000T01:01:48Z,NOT APPLICABLE,CLEAR,0,12.5,100K,8.667,ON,NORMAL,OFF,NOT INVERTED,N,INTEGER COSINE TRANSFORM,5.367,IM8,NOT POSSIBLE,N/A,WEST,23822.05,697915.8,2.613,211.621,-3499.54,3.225,264.19,91.988,105.322,281.034,-24.845,93.625,UNK,UNK,229.657,287.233,22557.6,745360000.0,1.636,147.906,192.494,73.511,37.25,63.342,109.128,37.025,218.387,400.0,400.0,1565.0,1565.0,1565.0,N/A,N/A,N/A,N/A,N/A,N/A,N/A,N/A,N/A,LSB_UNSIGNED_INTEGER,"frozenset({'N/A', 'MIPS_NEAR.CK', 'S980602A.BSP', 'S980928A.BSP', 'NULL'})","VICAR programs run: SSIMERGE,CATLABEL,BADLABELS.",REDR,4.234,2.748,4.741,SKEWED,"frozenset({80, 721, 800, 1})",0.0
C0449961901R,228.42252577928,-228.42252577928,-1200817.2180217,1127950.4322981,-933334.4403341631,884908.8648689461,224.04722058853025,41.37439133843651,214.23567497141633,32.459374654739506,FIXED_LENGTH,1000,807,"['C0449961901R.IMG', 1]","['C0449961901R.IMG', 3]","['C0449961901R.IMG', 5]","['C0449961901R.IMG', 8]","['C0449961901R.IMG', 8]",GO-J/JSA-SSI-2-REDR-V1.0,GALILEO ORBITER,SOLID STATE IMAGING SYSTEM,1,04499619.01,1998-05-31 20:11:12.223000+00:00,15E0008,15,15ESREGMAP01,EUROPA,-000T06:23:49Z,-000T01:01:48Z,NOT APPLICABLE,CLEAR,0,12.5,100K,8.667,ON,NORMAL,OFF,NOT INVERTED,N,INTEGER COSINE TRANSFORM,5.513,IM8,NOT POSSIBLE,N/A,WEST,23822.05,697915.8,2.613,211.621,-3499.54,3.225,264.19,91.988,105.326,281.034,-24.845,93.625,UNK,UNK,229.657,287.233,22557.6,745360000.0,1.636,147.906,192.494,73.511,37.25,63.342,109.128,37.025,218.387,400.0,400.0,1565.0,1565.0,1565.0,N/A,N/A,N/A,N/A,N/A,N/A,N/A,N/A,N/A,LSB_UNSIGNED_INTEGER,"frozenset({'N/A', 'MIPS_NEAR.CK', 'S980602A.BSP', 'S980928A.BSP', 'NULL'})","VICAR programs run: SSIMERGE,CATLABEL,BADLABELS.",REDR,3.27,2.839,3.739,SKEWED,"frozenset({720, 1, 800})",1.0
C0449961913R,229.09125931536,-229.09125931536,-1176841.799103,1368591.18315,-872150.4242135712,1090245.3030818375,223.16777736439477,50.20134358086483,211.99138182329193,39.99132810534608,FIXED_LENGTH,1000,810,"['C0449961913R.IMG', 1]","['C0449961913R.IMG', 3]","['C0449961913R.IMG', 5]","['C0449961913R.IMG', 11]","['C0449961913R.IMG', 11]",GO-J/JSA-SSI-2-REDR-V1.0,GALILEO ORBITER,SOLID STATE IMAGING SYSTEM,1,04499619.13,1998-05-31 20:11:20.889000+00:00,15E0009,15,15ESREGMAP01,EUROPA,-000T06:23:41Z,-000T01:01:40Z,NOT APPLICABLE,CLEAR,0,12.5,100K,8.667,ON,NORMAL,OFF,NOT INVERTED,N,INTEGER COSINE TRANSFORM,5.678,IM8,NOT POSSIBLE,N/A,WEST,23767.97,697870.7,2.619,211.61,-4220.695,282.807,268.547,91.799,105.205,280.87,-24.435,93.747,UNK,UNK,230.173,327.339,22643.1,745360000.0,1.636,147.916,194.131,73.942,45.393,63.463,110.837,45.098,216.61,400.0,400.0,1565.0,1565.0,1565.0,N/A,N/A,N/A,N/A,N/A,N/A,N/A,N/A,N/A,LSB_UNSIGNED_INTEGER,"frozenset({'N/A', 'MIPS_NEAR.CK', 'S980602A.BSP', 'S980928A.BSP', 'NULL'})","VICAR programs run: SSIMERGE,CATLABEL,BADLABELS.",REDR,3.753,2.62,4.054,SKEWED,"frozenset({80, 721, 800, 1})",0.0
C0449961914R,229.09125931536,-229.09125931536,-1176841.799103,1368591.18315,-872150.4242135712,1090245.3030818375,223.16777736439477,50.20134358086483,211.99138182329193,39.99132810534608,FIXED_LENGTH,1000,807,"['C0449961914R.IMG', 1]","['C0449961914R.IMG', 3]","['C0449961914R.IMG', 5]","['C0449961914R.IMG', 8]","['C0449961914R.IMG', 8]",GO-J/JSA-SSI-2-REDR-V1.0,GALILEO ORBITER,SOLID STATE IMAGING SYSTEM,1,04499619.14,1998-05-31 20:11:20.889000+00:00,15E0009,15,15ESREGMAP01,EUROPA,-000T06:23:41Z,-000T01:01:40Z,NOT APPLICABLE,CLEAR,0,12.5,100K,8.667,ON,NORMAL,OFF,NOT INVERTED,N,INTEGER COSINE TRANSFORM,5.432,IM8,NOT POSSIBLE,N/A,WEST,23767.97,697870.7,2.619,211.61,-4220.695,282.807,268.547,91.799,105.205,280.87,-24.435,93.747,UNK,UNK,230.173,327.339,22643.1,745360000.0,1.636,147.916,194.131,73.942,45.393,63.463,110.837,45.098,216.61,400.0,400.0,1565.0,1565.0,1565.0,N/A,N/A,N/A,N/A,N/A,N/A,N/A,N/A,N/A,LSB_UNSIGNED_INTEGER,"frozenset({'N/A', 'MIPS_NEAR.CK', 'S980602A.BSP', 'S980928A.BSP', 'NULL'})","VICAR programs run: SSIMERGE,CATLABEL,BADLABELS.",REDR,3.672,3.048,5.038,SKEWED,"frozenset({720, 1, 800})",1.0
C0449962400R,211.88106169067,-211.88106169067,251714.70128852,894561.84245801,688401.5694329909,693486.7149135642,170.76684377386144,32.813455881108084,154.74871668457587,25.437811724032876,FIXED_LENGTH,1000,810,"['C0449962400R.IMG', 1]","['C0449962400R.IMG', 3]","['C0449962400R.IMG', 5]","['C0449962400R.IMG', 11]","['C0449962400R.IMG', 11]",GO-J/JSA-SSI-2-REDR-V1.0,GALILEO ORBITER,SOLID STATE IMAGING SYSTEM,1,04499624.00,1998-05-31 20:16:15.572000+00:00,15E0015,15,15ESPHOTOM01,EUROPA,-000T06:18:46Z,-000T00:56:45Z,NOT APPLICABLE,GREEN,1,45.83,100K,8.667,ON,NORMAL,OFF,NOT INVERTED,N,INTEGER COSINE TRANSFORM,4.793,IM8,NOT POSSIBLE,N/A,WEST,21931.95,696344.8,2.837,211.144,-2612.117,5343.052,328.643,91.14,103.045,278.55,-25.601,93.44,UNK,UNK,338.35,266.553,21003.5,745358000.0,1.636,148.262,232.584,30.685,55.305,65.632,164.192,28.573,163.663,400.0,400.0,1565.0,1565.0,1565.0,N/A,N/A,N/A,N/A,N/A,N/A,N/A,N/A,N/A,LSB_UNSIGNED_INTEGER,"frozenset({'N/A', 'S980602A.BSP', 'MIPS_NAV.CK', 'S980928A.BSP', 'NULL'})","VICAR programs run: SSIMERGE,CATLABEL,BADLABELS.",REDR,4.058,2.395,4.856,SKEWED,"frozenset({496, 305, 600, 201})",0.0
C0449962413R,211.32431251227,-211.32431251227,251475.9318896,894324.49055193,686170.0427273394,693777.7179777857,170.77560208297476,32.80474956710183,154.83057139783105,25.448486018146365,FIXED_LENGTH,1000,812,"['C0449962413R.IMG', 1]","['C0449962413R.IMG', 3]","['C0449962413R.IMG', 5]","['C0449962413R.IMG', 13]","['C0449962413R.IMG', 13]",GO-J/JSA-SSI-2-REDR-V1.0,GALILEO ORBITER,SOLID STATE IMAGING SYSTEM,1,04499624.13,1998-05-31 20:16:24.314000+00:00,15E0016,15,15ESPHOTOM01,EUROPA,-000T06:18:37Z,-000T00:56:36Z,NOT APPLICABLE,VIOLET,3,195.83,100K,8.667,ON,NORMAL,OFF,NOT INVERTED,N,INTEGER COSINE TRANSFORM,4.784,IM8,NOT POSSIBLE,N/A,WEST,21877.56,696299.7,2.844,211.128,-2614.595,5357.105,328.695,91.137,103.096,278.571,-25.604,93.452,UNK,UNK,338.456,265.962,20948.7,745358000.0,1.636,148.272,232.618,30.649,55.288,65.614,164.09,28.539,163.657,400.0,400.0,1565.0,1565.0,1565.0,N/A,N/A,N/A,N/A,N/A,N/A,N/A,N/A,N/A,LSB_UNSIGNED_INTEGER,"frozenset({'N/A', 'S980602A.BSP', 'MIPS_NAV.CK', 'S980928A.BSP', 'NULL'})","VICAR programs run: SSIMERGE,CATLABEL,BADLABELS.",REDR,8.908,7.427,10.483,SKEWED,"frozenset({400, 201})",0.0
C0449962414R,211.32431251227,-211.32431251227,251475.9318896,894324.49055193,686170.0427273394,693777.7179777857,170.77560208297476,32.80474956710183,154.83057139783105,25.448486018146365,FIXED_LENGTH,1000,810,"['C0449962414R.IMG', 1]","['C0449962414R.IMG', 3]","['C0449962414R.IMG', 5]","['C0449962414R.IMG', 11]","['C0449962414R.IMG', 11]",GO-J/JSA-SSI-2-REDR-V1.0,GALILEO ORBITER,SOLID STATE IMAGING SYSTEM,1,04499624.14,1998-05-31 20:16:24.314000+00:00,15E0016,15,15ESPHOTOM01,EUROPA,-000T06:18:37Z,-000T00:56:36Z,NOT APPLICABLE,VIOLET,3,195.83,100K,8.667,ON,NORMAL,OFF,NOT INVERTED,N,INTEGER COSINE TRANSFORM,4.76,IM8,NOT POSSIBLE,N/A,WEST,21877.56,696299.7,2.844,211.128,-2614.595,5357.105,328.695,91.137,103.092,278.571,-25.604,93.452,UNK,UNK,338.456,265.962,20948.7,745358000.0,1.636,148.272,232.618,30.649,55.288,65.614,164.09,28.539,163.657,400.0,400.0,1565.0,1565.0,1565.0,N/A,N/A,N/A,N/A,N/A,N/A,N/A,N/A,N/A,LSB_UNSIGNED_INTEGER,"frozenset({'N/A', 'S980602A.BSP', 'MIPS_NAV.CK', 'S980928A.BSP', 'NULL'})","VICAR programs run: SSIMERGE,CATLABEL,BADLABELS.",REDR,3.036,1.988,3.401,SKEWED,"frozenset({496, 305, 600, 201})",1.0
C0449962426R,210.76069556147,-210.76069556147,250594.46702259,893203.82778951,682864.653619165,692981.1670061136,170.80793512821722,32.763642495050526,154.95181649741292,25.41926770262533,FIXED_LENGTH,1000,810,"['C0449962426R.IMG', 1]","['C0449962426R.IMG', 3]","['C0449962426R.IMG', 5]","['C0449962426R.IMG', 11]","['C0449962426R.IMG', 11]",GO-J/JSA-SSI-2-REDR-V1.0,GALILEO ORBITER,SOLID STATE IMAGING SYSTEM,1,04499624.26,1998-05-31 20:16:33.081000+00:00,15E0017,15,15ESPHOTOM01,EUROPA,-000T06:18:28Z,-000T00:56:27Z,NOT APPLICABLE,IR-9680,5,395.83,40K,8.667,ON,NORMAL,OFF,NOT INVERTED,N,INTEGER COSINE TRANSFORM,4.275,IM8,NOT POSSIBLE,N/A,WEST,21823.03,696254.6,2.851,211.112,-2625.228,5295.754,328.287,91.175,103.107,278.64,-25.603,93.442,UNK,UNK,329.687,262.68,20875.6,745358000.0,1.636,148.283,231.503,31.106,54.429,65.551,164.112,28.535,164.65,400.0,400.0,1565.0,1565.0,1565.0,N/A,N/A,N/A,N/A,N/A,N/A,N/A,N/A,N/A,LSB_UNSIGNED_INTEGER,"frozenset({'N/A', 'S980602A.BSP', 'MIPS_NAV.CK', 'S980928A.BSP', 'NULL'})","VICAR programs run: SSIMERGE,CATLABEL,BADLABELS.",REDR,2.401,1.602,2.743,SKEWED,"frozenset({496, 305, 600, 201})",0.0
C0449965000R,109.8683272566,-109.8683272566,-109099.2489658,100968.99274882,-9998.017780346796,11316.437707434408,184.0018735683658,3.703647340713444,180.36673765832947,0.4150986682193935,FIXED_LENGTH,1000,808,"['C0449965000R.IMG', 1]","['C0449965000R.IMG', 3]","['C0449965000R.IMG', 5]","['C0449965000R.IMG', 9]","['C0449965000R.IMG', 9]",GO-J/JSA-SSI-2-REDR-V1.0,GALILEO ORBITER,SOLID STATE IMAGING SYSTEM,1,04499650.00,1998-05-31 20:42:32.905000+00:00,15E0020,15,15ESCILIXS01,EUROPA,-000T05:52:29Z,-000T00:30:28Z,NOT APPLICABLE,GREEN,1,45.83,100K,8.667,ON,NORMAL,OFF,NOT INVERTED,N,INTEGER COSINE TRANSFORM,5.458,IM8,NOT POSSIBLE,N/A,WEST,12263.22,688441.2,5.051,204.459,1201.59,5884.414,8.315,96.879,111.289,288.169,-29.161,91.686,UNK,UNK,122.059,110.317,10838.7,745346000.0,1.636,150.112,179.139,31.595,26.121,57.554,148.391,1.971,181.722,400.0,400.0,1565.0,1565.0,1565.0,N/A,N/A,N/A,N/A,N/A,N/A,N/A,N/A,N/A,LSB_UNSIGNED_INTEGER,"frozenset({'N/A', 'S990607A.BSP', 'S980928A.BSP', 'CKE15F.PLT', 'NULL'})","VICAR programs run: SSIMERGE,CATLABEL,BADLABELS.",REDR,2.373,1.631,2.735,SKEWED,"frozenset({800, 1})",0.0
C0449965001R,109.8683272566,-109.8683272566,-109099.2489658,100968.99274882,-9998.017780346796,11316.437707434408,184.0018735683658,3.703647340713444,180.36673765832947,0.4150986682193935,FIXED_LENGTH,1000,810,"['C0449965001R.IMG', 1]","['C0449965001R.IMG', 3]","['C0449965001R.IMG', 5]","['C0449965001R.IMG', 11]","['C0449965001R.IMG', 11]",GO-J/JSA-SSI-2-REDR-V1.0,GALILEO ORBITER,SOLID STATE IMAGING SYSTEM,1,04499650.01,1998-05-31 20:42:32.905000+00:00,15E0020,15,15ESCILIXS01,EUROPA,-000T05:52:29Z,-000T00:30:28Z,NOT APPLICABLE,GREEN,1,45.83,100K,8.667,ON,NORMAL,OFF,NOT INVERTED,N,INTEGER COSINE TRANSFORM,5.39,IM8,NOT POSSIBLE,N/A,WEST,12263.22,688441.2,5.051,204.459,1201.59,5884.414,8.315,96.879,111.293,288.169,-29.161,91.686,UNK,UNK,122.059,110.317,10838.7,745346000.0,1.636,150.112,179.139,31.595,26.121,57.554,148.391,1.971,181.722,400.0,400.0,1565.0,1565.0,1565.0,N/A,N/A,N/A,N/A,N/A,N/A,N/A,N/A,N/A,LSB_UNSIGNED_INTEGER,"frozenset({'N/A', 'S990607A.BSP', 'S980928A.BSP', 'CKE15F.PLT', 'NULL'})","VICAR programs run: SSIMERGE,CATLABEL,BADLABELS.",REDR,3.412,3.288,3.561,SKEWED,"frozenset({88, 377, 800, 1})",1.0
C0449965013R,109.32282207077,-109.32282207077,-111071.9872239,101451.57888167,-12681.447360206992,12244.156071921665,184.07423565304768,3.7213491004214103,180.4651686375526,0.4491283397058847,FIXED_LENGTH,1000,808,"['C0449965013R.IMG', 1]","['C0449965013R.IMG', 3]","['C0449965013R.IMG', 5]","['C0449965013R.IMG', 9]","['C0449965013R.IMG', 9]",GO-J/JSA-SSI-2-REDR-V1.0,GALILEO ORBITER,SOLID STATE IMAGING SYSTEM,1,04499650.13,1998-05-31 20:42:41.646000+00:00,15E0021,15,15ESCILIXS01,EUROPA,-000T05:52:20Z,-000T00:30:19Z,NOT APPLICABLE,VIOLET,3,195.83,100K,8.667,ON,NORMAL,OFF,NOT INVERTED,N,INTEGER COSINE TRANSFORM,5.702,IM8,NOT POSSIBLE,N/A,WEST,12211.04,688398.6,5.073,204.385,1197.916,5843.94,8.338,96.956,111.405,288.295,-29.166,91.661,UNK,UNK,121.223,109.751,10783.0,745346000.0,1.636,150.123,179.212,31.809,25.798,57.446,148.177,2.016,181.946,400.0,400.0,1565.0,1565.0,1565.0,N/A,N/A,N/A,N/A,N/A,N/A,N/A,N/A,N/A,LSB_UNSIGNED_INTEGER,"frozenset({'N/A', 'S990607A.BSP', 'S980928A.BSP', 'CKE15F.PLT', 'NULL'})","VICAR programs run: SSIMERGE,CATLABEL,BADLABELS.",REDR,2.086,1.63,2.252,SKEWED,"frozenset({800, 1})",0.0
C0449965014R,109.32282207077,-109.32282207077,-111071.9872239,101451.57888167,-12681.447360206992,12244.156071921665,184.07423565304768,3.7213491004214103,180.4651686375526,0.4491283397058847,FIXED_LENGTH,1000,810,"['C0449965014R.IMG', 1]","['C0449965014R.IMG', 3]","['C0449965014R.IMG', 5]","['C0449965014R.IMG', 11]","['C0449965014R.IMG', 11]",GO-J/JSA-SSI-2-REDR-V1.0,GALILEO ORBITER,SOLID STATE IMAGING SYSTEM,1,04499650.14,1998-05-31 20:42:41.646000+00:00,15E0021,15,15ESCILIXS01,EUROPA,-000T05:52:20Z,-000T00:30:19Z,NOT APPLICABLE,VIOLET,3,195.83,100K,8.667,ON,NORMAL,OFF,NOT INVERTED,N,INTEGER COSINE TRANSFORM,5.736,IM8,NOT POSSIBLE,N/A,WEST,12211.04,688398.6,5.073,204.385,1197.916,5843.94,8.338,96.956,111.405,288.295,-29.166,91.661,UNK,UNK,121.223,109.751,10783.0,745346000.0,1.636,150.123,179.212,31.809,25.798,57.446,148.177,2.016,181.946,400.0,400.0,1565.0,1565.0,1565.0,N/A,N/A,N/A,N/A,N/A,N/A,N/A,N/A,N/A,LSB_UNSIGNED_INTEGER,"frozenset({'N/A', 'S990607A.BSP', 'S980928A.BSP', 'CKE15F.PLT', 'NULL'})","VICAR programs run: SSIMERGE,CATLABEL,BADLABELS.",REDR,3.057,2.987,3.154,SKEWED,"frozenset({72, 73, 800, 1})",1.0
C0449965026R,108.79044883794,-108.79044883794,-109551.98197981,100304.79382858,-11640.578025664,11422.99712798302,184.0184802847224,3.6792838356642132,180.42698847116728,0.41900737824807155,FIXED_LENGTH,1000,806,"['C0449965026R.IMG', 1]","['C0449965026R.IMG', 3]","['C0449965026R.IMG', 5]","['C0449965026R.IMG', 7]","['C0449965026R.IMG', 7]",GO-J/JSA-SSI-2-REDR-V1.0,GALILEO ORBITER,SOLID STATE IMAGING SYSTEM,1,04499650.26,1998-05-31 20:42:50.413000+00:00,15E0022,15,15ESCILIXS01,EUROPA,-000T05:52:11Z,-000T00:30:10Z,NOT APPLICABLE,IR-9680,5,395.83,40K,8.667,ON,NORMAL,OFF,NOT INVERTED,N,INTEGER COSINE TRANSFORM,4.444,IM8,NOT POSSIBLE,N/A,WEST,12158.75,688356.0,5.094,204.309,1212.142,5839.799,8.491,96.989,111.491,288.4,-29.181,91.67,UNK,UNK,120.391,109.207,10729.3,745346000.0,1.636,150.133,179.193,31.857,25.669,57.359,148.129,2.0,182.004,400.0,400.0,1565.0,1565.0,1565.0,N/A,N/A,N/A,N/A,N/A,N/A,N/A,N/A,N/A,LSB_UNSIGNED_INTEGER,"frozenset({'N/A', 'S990607A.BSP', 'S980928A.BSP', 'CKE15F.PLT', 'NULL'})","VICAR programs run: SSIMERGE,CATLABEL,BADLABELS.",REDR,2.213,1.43,2.931,SKEWED,"frozenset({800, 1})",0.0
C0449967442R,65.477780106816,-65.477780106816,-115961.14856917,71567.21365675,-73400.59149973962,32542.45671308766,184.2535751603732,2.6251595992591565,182.6924097994231,1.1936910529110734,FIXED_LENGTH,1000,810,"['C0449967442R.IMG', 1]","['C0449967442R.IMG', 3]","['C0449967442R.IMG', 5]","['C0449967442R.IMG', 11]","['C0449967442R.IMG', 11]",GO-J/JSA-SSI-2-REDR-V1.0,GALILEO ORBITER,SOLID STATE IMAGING SYSTEM,1,04499674.42,1998-05-31 21:07:15.955000+00:00,15E0025,15,15ESCILIXS02,EUROPA,-000T05:27:46Z,-000T00:05:45Z,NOT APPLICABLE,CLEAR,0,6.25,400K,2.333,OFF,NORMAL,OFF,NOT INVERTED,N,INTEGER COSINE TRANSFORM,5.843,AI8,NOT POSSIBLE,N/A,WEST,4617.966,681391.1,13.344,163.271,9114.494,-2631.09,107.619,164.696,160.396,351.124,-22.931,41.571,UNK,UNK,66.9916,77.4654,3230.4,745335000.0,1.636,151.852,142.89,31.56,33.407,16.371,148.095,2.562,183.421,200.0,200.0,1565.0,1565.0,1565.0,N/A,N/A,N/A,N/A,N/A,N/A,N/A,N/A,N/A,LSB_UNSIGNED_INTEGER,"frozenset({'N/A', 'MIPS_NEAR.CK', 'S980602A.BSP', 'S980928A.BSP', 'NULL'})","VICAR programs run: SSIMERGE,CATLABEL,BADLABELS.",REDR,3.122,2.906,3.4,SKEWED,"frozenset({400, 1})",0.0
C0449967446R,65.354152365124,-65.354152365124,-100776.10294702,51825.842825543,-58491.96636678478,12613.351406468602,183.6965719427914,1.9010256489193156,182.1455459719833,0.4626708073662304,FIXED_LENGTH,1000,810,"['C0449967446R.IMG', 1]","['C0449967446R.IMG', 3]","['C0449967446R.IMG', 5]","['C0449967446R.IMG', 11]","['C0449967446R.IMG', 11]",GO-J/JSA-SSI-2-REDR-V1.0,GALILEO ORBITER,SOLID STATE IMAGING SYSTEM,1,04499674.46,1998-05-31 21:07:18.622000+00:00,15E0026,15,15ESCILIXS02,EUROPA,-000T05:27:43Z,-000T00:05:42Z,NOT APPLICABLE,CLEAR,0,6.25,400K,2.333,OFF,NORMAL,OFF,NOT INVERTED,N,INTEGER COSINE TRANSFORM,5.88,AI8,NOT POSSIBLE,N/A,WEST,4610.054,681378.7,13.367,163.082,9288.469,-2186.23,104.711,165.54,160.041,351.376,-23.27,40.807,UNK,UNK,66.3156,77.5497,3223.45,745335000.0,1.636,151.856,140.893,30.991,33.511,16.771,148.717,1.843,182.86,200.0,200.0,1565.0,1565.0,1565.0,N/A,N/A,N/A,N/A,N/A,N/A,N/A,N/A,N/A,LSB_UNSIGNED_INTEGER,"frozenset({'N/A', 'MIPS_NEAR.CK', 'S980602A.BSP', 'S980928A.BSP', 'NULL'})","VICAR programs run: SSIMERGE,CATLABEL,BADLABELS.",REDR,2.502,2.183,2.664,SKEWED,"frozenset({400, 1})",0.0
C0449967449R,65.328886572126,-65.328886572126,-92440.374499558,31945.82553377,-50303.24266053674,-7643.479728938353,183.39080878068722,1.1718060026544694,181.84517509620434,-0.28037076137129713,FIXED_LENGTH,1000,810,"['C0449967449R.IMG', 1]","['C0449967449R.IMG', 3]","['C0449967449R.IMG', 5]","['C0449967449R.IMG', 11]","['C0449967449R.IMG', 11]",GO-J/JSA-SSI-2-REDR-V1.0,GALILEO ORBITER,SOLID STATE IMAGING SYSTEM,1,04499674.49,1998-05-31 21:07:20.622000+00:00,15E0027,15,15ESCILIXS02,EUROPA,-000T05:27:41Z,-000T00:05:40Z,NOT APPLICABLE,CLEAR,0,6.25,400K,2.333,OFF,NORMAL,OFF,NOT INVERTED,N,INTEGER COSINE TRANSFORM,5.704,AI8,NOT POSSIBLE,N/A,WEST,4604.152,681369.3,13.384,162.94,9498.063,-1772.161,101.975,166.517,159.9,351.647,-23.575,39.909,UNK,UNK,66.0743,78.2825,3221.48,745335000.0,1.636,151.858,138.806,30.683,33.885,17.148,149.123,1.115,182.546,200.0,200.0,1565.0,1565.0,1565.0,N/A,N/A,N/A,N/A,N/A,N/A,N/A,N/A,N/A,LSB_UNSIGNED_INTEGER,"frozenset({'N/A', 'MIPS_NEAR.CK', 'S980602A.BSP', 'S980928A.BSP', 'NULL'})","VICAR programs run: SSIMERGE,CATLABEL,BADLABELS.",REDR,2.56,2.23,3.075,SKEWED,"frozenset({400, 1})",0.0
C0449967450R,65.328886572126,-65.328886572126,-92440.374499558,31945.82553377,-50303.24266053674,-7643.479728938353,183.39080878068722,1.1718060026544694,181.84517509620434,-0.28037076137129713,FIXED_LENGTH,1000,809,"['C0449967450R.IMG', 1]","['C0449967450R.IMG', 3]","['C0449967450R.IMG', 5]","['C0449967450R.IMG', 10]","['C0449967450R.IMG', 10]",GO-J/JSA-SSI-2-REDR-V1.0,GALILEO ORBITER,SOLID STATE IMAGING SYSTEM,1,04499674.50,1998-05-31 21:07:20.622000+00:00,15E0027,15,15ESCILIXS02,EUROPA,-000T05:27:41Z,-000T00:05:40Z,NOT APPLICABLE,CLEAR,0,6.25,400K,2.333,OFF,NORMAL,OFF,NOT INVERTED,N,HUFFMAN,5.542,AI8,NOT POSSIBLE,N/A,WEST,4604.152,681369.3,13.384,162.94,9498.063,-1772.161,101.975,166.517,159.889,351.647,-23.575,39.909,UNK,UNK,66.0743,78.2825,3221.48,745335000.0,1.636,151.858,138.806,30.683,33.885,17.148,149.123,1.115,182.546,200.0,200.0,1565.0,1565.0,1565.0,N/A,N/A,N/A,N/A,N/A,N/A,N/A,N/A,N/A,LSB_UNSIGNED_INTEGER,"frozenset({'N/A', 'MIPS_NEAR.CK', 'S980602A.BSP', 'S980928A.BSP', 'NULL'})","VICAR programs run: SSIMERGE,CATLABEL,BADLABELS.",REDR,1.35,1.309,1.451,UNIFORM,"frozenset({400, 1})",1.0
C0449967453R,65.239542823857,-65.239542823857,-78678.888645572,11873.596793942,-36795.10215265582,-27987.763871434625,182.8860232113771,0.4355358411862625,181.34968249686293,-1.026620197081901,FIXED_LENGTH,1000,809,"['C0449967453R.IMG', 1]","['C0449967453R.IMG', 3]","['C0449967453R.IMG', 5]","['C0449967453R.IMG', 10]","['C0449967453R.IMG', 10]",GO-J/JSA-SSI-2-REDR-V1.0,GALILEO ORBITER,SOLID STATE IMAGING SYSTEM,1,04499674.53,1998-05-31 21:07:23.288000+00:00,15E0028,15,15ESCILIXS02,EUROPA,-000T05:27:38Z,-000T00:05:37Z,NOT APPLICABLE,CLEAR,0,6.25,400K,2.333,OFF,NORMAL,OFF,NOT INVERTED,N,INTEGER COSINE TRANSFORM,5.746,AI8,NOT POSSIBLE,N/A,WEST,4596.328,681356.9,13.406,162.751,9666.878,-1299.341,99.0,167.531,159.508,351.916,-23.906,38.979,UNK,UNK,65.6157,78.6209,3216.19,745335000.0,1.636,151.861,136.577,30.195,34.131,17.549,149.741,0.385,182.036,200.0,200.0,1565.0,1565.0,1565.0,N/A,N/A,N/A,N/A,N/A,N/A,N/A,N/A,N/A,LSB_UNSIGNED_INTEGER,"frozenset({'N/A', 'MIPS_NEAR.CK', 'S980602A.BSP', 'S980928A.BSP', 'NULL'})","VICAR programs run: SSIMERGE,CATLABEL,BADLABELS.",REDR,2.536,2.361,2.972,SKEWED,"frozenset({200, 201, 400, 1})",0.0
C0449967454R,65.239542823857,-65.239542823857,-78678.888645572,11873.596793942,-36795.10215265582,-27987.763871434625,182.8860232113771,0.4355358411862625,181.34968249686293,-1.026620197081901,FIXED_LENGTH,1000,810,"['C0449967454R.IMG', 1]","['C0449967454R.IMG', 3]","['C0449967454R.IMG', 5]","['C0449967454R.IMG', 11]","['C0449967454R.IMG', 11]",GO-J/JSA-SSI-2-REDR-V1.0,GALILEO ORBITER,SOLID STATE IMAGING SYSTEM,1,04499674.54,1998-05-31 21:07:23.288000+00:00,15E0028,15,15ESCILIXS02,EUROPA,-000T05:27:38Z,-000T00:05:37Z,NOT APPLICABLE,CLEAR,0,6.25,400K,2.333,OFF,NORMAL,OFF,NOT INVERTED,N,INTEGER COSINE TRANSFORM,5.794,AI8,NOT POSSIBLE,N/A,WEST,4596.328,681356.9,13.406,162.751,9666.878,-1299.341,99.0,167.531,159.502,351.916,-23.906,38.979,UNK,UNK,65.6157,78.6209,3216.19,745335000.0,1.636,151.861,136.577,30.195,34.131,17.549,149.741,0.385,182.036,200.0,200.0,1565.0,1565.0,1565.0,N/A,N/A,N/A,N/A,N/A,N/A,N/A,N/A,N/A,LSB_UNSIGNED_INTEGER,"frozenset({'N/A', 'MIPS_NEAR.CK', 'S980602A.BSP', 'S980928A.BSP', 'NULL'})","VICAR programs run: SSIMERGE,CATLABEL,BADLABELS.",REDR,3.154,2.888,3.666,SKEWED,"frozenset({200, 1, 400})",1.0
C0449967484R,64.207252509995,-64.207252509995,-97209.780300132,81543.210687694,-55089.82265357528,42954.651929187,183.56575553046832,2.991089513668971,182.02075181317161,1.5756211690114563,FIXED_LENGTH,1000,810,"['C0449967484R.IMG', 1]","['C0449967484R.IMG', 3]","['C0449967484R.IMG', 5]","['C0449967484R.IMG', 11]","['C0449967484R.IMG', 11]",GO-J/JSA-SSI-2-REDR-V1.0,GALILEO ORBITER,SOLID STATE IMAGING SYSTEM,1,04499674.84,1998-05-31 21:07:43.955000+00:00,15E0029,15,15ESCILIXS02,EUROPA,-000T05:27:18Z,-000T00:05:17Z,NOT APPLICABLE,CLEAR,0,6.25,400K,2.333,OFF,NORMAL,OFF,NOT INVERTED,N,INTEGER COSINE TRANSFORM,5.81,AI8,NOT POSSIBLE,N/A,WEST,4537.359,681260.6,13.578,161.257,9972.375,-1888.962,102.066,172.632,161.917,353.882,-21.847,33.786,UNK,UNK,64.8646,78.3419,3168.01,745335000.0,1.636,151.885,136.86,30.852,35.21,16.552,148.949,2.938,182.735,200.0,200.0,1565.0,1565.0,1565.0,N/A,N/A,N/A,N/A,N/A,N/A,N/A,N/A,N/A,LSB_UNSIGNED_INTEGER,"frozenset({'N/A', 'MIPS_NEAR.CK', 'S980602A.BSP', 'S980928A.BSP', 'NULL'})","VICAR programs run: SSIMERGE,CATLABEL,BADLABELS.",REDR,3.181,2.853,3.597,SKEWED,"frozenset({400, 1})",0.0
C0449967488R,64.078979099074,-64.078979099074,-81252.145497626,62669.241558894,-39600.8090832279,23965.5381830533,182.980412940715,2.2987727571129875,181.4525987360898,0.879080788507412,FIXED_LENGTH,1000,810,"['C0449967488R.IMG', 1]","['C0449967488R.IMG', 3]","['C0449967488R.IMG', 5]","['C0449967488R.IMG', 11]","['C0449967488R.IMG', 11]",GO-J/JSA-SSI-2-REDR-V1.0,GALILEO ORBITER,SOLID STATE IMAGING SYSTEM,1,04499674.88,1998-05-31 21:07:46.622000+00:00,15E0030,15,15ESCILIXS02,EUROPA,-000T05:27:15Z,-000T00:05:14Z,NOT APPLICABLE,CLEAR,0,6.25,400K,2.333,OFF,NORMAL,OFF,NOT INVERTED,N,INTEGER COSINE TRANSFORM,5.78,AI8,NOT POSSIBLE,N/A,WEST,4529.97,681248.1,13.6,161.061,10086.503,-1410.018,99.249,173.514,161.543,354.132,-22.178,32.977,UNK,UNK,64.6862,78.0713,3160.76,745335000.0,1.636,151.888,134.825,30.25,35.235,16.957,149.599,2.249,182.149,200.0,200.0,1565.0,1565.0,1565.0,N/A,N/A,N/A,N/A,N/A,N/A,N/A,N/A,N/A,LSB_UNSIGNED_INTEGER,"frozenset({'N/A', 'MIPS_NEAR.CK', 'S980602A.BSP', 'S980928A.BSP', 'NULL'})","VICAR programs run: SSIMERGE,CATLABEL,BADLABELS.",REDR,2.634,2.421,2.844,SKEWED,"frozenset({400, 1})",0.0
C0449967500R,63.995945467854,-63.995945467854,-66427.791395632,43325.255081737,-25150.406568866165,4415.72023728177,182.43664026206477,1.5892152768958085,180.92254298939446,0.16197319661123677,FIXED_LENGTH,1000,810,"['C0449967500R.IMG', 1]","['C0449967500R.IMG', 3]","['C0449967500R.IMG', 5]","['C0449967500R.IMG', 11]","['C0449967500R.IMG', 11]",GO-J/JSA-SSI-2-REDR-V1.0,GALILEO ORBITER,SOLID STATE IMAGING SYSTEM,1,04499675.00,1998-05-31 21:07:48.622000+00:00,15E0031,15,15ESCILIXS02,EUROPA,-000T05:27:13Z,-000T00:05:12Z,NOT APPLICABLE,CLEAR,0,6.25,400K,2.333,OFF,NORMAL,OFF,NOT INVERTED,N,INTEGER COSINE TRANSFORM,5.845,AI8,NOT POSSIBLE,N/A,WEST,4524.462,681238.8,13.616,160.914,10177.975,-930.623,96.465,174.328,161.278,354.322,-22.535,32.236,UNK,UNK,64.2743,78.1699,3155.67,745335000.0,1.636,151.891,132.773,29.699,35.283,17.352,150.035,1.548,181.601,200.0,200.0,1565.0,1565.0,1565.0,N/A,N/A,N/A,N/A,N/A,N/A,N/A,N/A,N/A,LSB_UNSIGNED_INTEGER,"frozenset({'N/A', 'MIPS_NEAR.CK', 'S980602A.BSP', 'S980928A.BSP', 'NULL'})","VICAR programs run: SSIMERGE,CATLABEL,BADLABELS.",REDR,2.507,2.097,2.839,SKEWED,"frozenset({400, 1})",0.0
C0449967501R,63.995945467854,-63.995945467854,-66427.791395632,43325.255081737,-25150.406568866165,4415.72023728177,182.43664026206477,1.5892152768958085,180.92254298939446,0.16197319661123677,FIXED_LENGTH,1000,809,"['C0449967501R.IMG', 1]","['C0449967501R.IMG', 3]","['C0449967501R.IMG', 5]","['C0449967501R.IMG', 10]","['C0449967501R.IMG', 10]",GO-J/JSA-SSI-2-REDR-V1.0,GALILEO ORBITER,SOLID STATE IMAGING SYSTEM,1,04499675.01,1998-05-31 21:07:48.622000+00:00,15E0031,15,15ESCILIXS02,EUROPA,-000T05:27:13Z,-000T00:05:12Z,NOT APPLICABLE,CLEAR,0,6.25,400K,2.333,OFF,NORMAL,OFF,NOT INVERTED,N,INTEGER COSINE TRANSFORM,5.915,AI8,NOT POSSIBLE,N/A,WEST,4524.462,681238.8,13.616,160.914,10177.975,-930.623,96.465,174.328,161.278,354.322,-22.535,32.236,UNK,UNK,64.2743,78.1699,3155.67,745335000.0,1.636,151.891,132.773,29.699,35.283,17.352,150.035,1.548,181.601,200.0,200.0,1565.0,1565.0,1565.0,N/A,N/A,N/A,N/A,N/A,N/A,N/A,N/A,N/A,LSB_UNSIGNED_INTEGER,"frozenset({'N/A', 'MIPS_NEAR.CK', 'S980602A.BSP', 'S980928A.BSP', 'NULL'})","VICAR programs run: SSIMERGE,CATLABEL,BADLABELS.",REDR,3.059,2.98,3.122,SKEWED,"frozenset({32, 185, 400, 1})",1.0
C0449967504R,63.910791533041,-63.910791533041,-52470.759848627,23646.992867225,-11631.764059013803,-15466.411550996094,181.92468187398902,0.867396216048626,180.42666516573203,-0.5673240115777605,FIXED_LENGTH,1000,810,"['C0449967504R.IMG', 1]","['C0449967504R.IMG', 3]","['C0449967504R.IMG', 5]","['C0449967504R.IMG', 11]","['C0449967504R.IMG', 11]",GO-J/JSA-SSI-2-REDR-V1.0,GALILEO ORBITER,SOLID STATE IMAGING SYSTEM,1,04499675.04,1998-05-31 21:07:51.288000+00:00,15E0032,15,15ESCILIXS02,EUROPA,-000T05:27:10Z,-000T00:05:09Z,NOT APPLICABLE,CLEAR,0,6.25,400K,2.333,OFF,NORMAL,OFF,NOT INVERTED,N,INTEGER COSINE TRANSFORM,5.931,AI8,NOT POSSIBLE,N/A,WEST,4517.167,681226.4,13.638,160.717,10290.191,-458.635,93.735,175.182,160.905,354.6,-22.862,31.461,UNK,UNK,64.185,78.6227,3150.53,745335000.0,1.636,151.894,130.672,29.197,35.488,17.765,150.62,0.831,181.087,200.0,200.0,1565.0,1565.0,1565.0,N/A,N/A,N/A,N/A,N/A,N/A,N/A,N/A,N/A,LSB_UNSIGNED_INTEGER,"frozenset({'N/A', 'MIPS_NEAR.CK', 'S980602A.BSP', 'S980928A.BSP', 'NULL'})","VICAR programs run: SSIMERGE,CATLABEL,BADLABELS.",REDR,2.559,2.207,2.806,SKEWED,"frozenset({200, 201, 400, 1})",0.0
C0449967505R,63.910791533041,-63.910791533041,-52470.759848627,23646.992867225,-11631.764059013803,-15466.411550996094,181.92468187398902,0.867396216048626,180.42666516573203,-0.5673240115777605,FIXED_LENGTH,1000,809,"['C0449967505R.IMG', 1]","['C0449967505R.IMG', 3]","['C0449967505R.IMG', 5]","['C0449967505R.IMG', 10]","['C0449967505R.IMG', 10]",GO-J/JSA-SSI-2-REDR-V1.0,GALILEO ORBITER,SOLID STATE IMAGING SYSTEM,1,04499675.05,1998-05-31 21:07:51.288000+00:00,15E0032,15,15ESCILIXS02,EUROPA,-000T05:27:10Z,-000T00:05:09Z,NOT APPLICABLE,CLEAR,0,6.25,400K,2.333,OFF,NORMAL,OFF,NOT INVERTED,N,INTEGER COSINE TRANSFORM,5.775,AI8,NOT POSSIBLE,N/A,WEST,4517.167,681226.4,13.638,160.717,10290.191,-458.635,93.735,175.182,160.905,354.6,-22.862,31.461,UNK,UNK,64.185,78.6227,3150.53,745335000.0,1.636,151.894,130.672,29.197,35.488,17.765,150.62,0.831,181.087,200.0,200.0,1565.0,1565.0,1565.0,N/A,N/A,N/A,N/A,N/A,N/A,N/A,N/A,N/A,LSB_UNSIGNED_INTEGER,"frozenset({'N/A', 'MIPS_NEAR.CK', 'S980602A.BSP', 'S980928A.BSP', 'NULL'})","VICAR programs run: SSIMERGE,CATLABEL,BADLABELS.",REDR,3.249,3.029,3.522,SKEWED,"frozenset({200, 1, 400})",1.0
C0449967535R,63.041802633752,-63.041802633752,-68652.523068156,85295.558963466,-28116.643974653474,47722.64459374981,182.51824572645958,3.1287295389346097,181.03134765289346,1.750516083498514,FIXED_LENGTH,1000,810,"['C0449967535R.IMG', 1]","['C0449967535R.IMG', 3]","['C0449967535R.IMG', 5]","['C0449967535R.IMG', 11]","['C0449967535R.IMG', 11]",GO-J/JSA-SSI-2-REDR-V1.0,GALILEO ORBITER,SOLID STATE IMAGING SYSTEM,1,04499675.35,1998-05-31 21:08:11.955000+00:00,15E0033,15,15ESCILIXS02,EUROPA,-000T05:26:50Z,-000T00:04:49Z,NOT APPLICABLE,CLEAR,0,6.25,400K,2.333,OFF,NORMAL,OFF,NOT INVERTED,N,INTEGER COSINE TRANSFORM,5.362,AI8,NOT POSSIBLE,N/A,WEST,4462.38,681130.0,13.802,159.167,10757.822,-635.337,94.524,181.608,163.037,356.628,-20.856,24.909,UNK,UNK,63.253,78.8302,3110.0,745335000.0,1.636,151.918,129.372,29.797,36.834,17.295,149.975,3.097,181.706,200.0,200.0,1565.0,1565.0,1565.0,N/A,N/A,N/A,N/A,N/A,N/A,N/A,N/A,N/A,LSB_UNSIGNED_INTEGER,"frozenset({'N/A', 'MIPS_NEAR.CK', 'S980602A.BSP', 'S980928A.BSP', 'NULL'})","VICAR programs run: SSIMERGE,CATLABEL,BADLABELS.",REDR,3.844,2.901,5.45,SKEWED,"frozenset({400, 1})",0.0
C0449967536R,63.041802633752,-63.041802633752,-68652.523068156,85295.558963466,-28116.643974653474,47722.64459374981,182.51824572645958,3.1287295389346097,181.03134765289346,1.750516083498514,FIXED_LENGTH,1000,809,"['C0449967536R.IMG', 1]","['C0449967536R.IMG', 3]","['C0449967536R.IMG', 5]","['C0449967536R.IMG', 10]","['C0449967536R.IMG', 10]",GO-J/JSA-SSI-2-REDR-V1.0,GALILEO ORBITER,SOLID STATE IMAGING SYSTEM,1,04499675.36,1998-05-31 21:08:11.955000+00:00,15E0033,15,15ESCILIXS02,EUROPA,-000T05:26:50Z,-000T00:04:49Z,NOT APPLICABLE,CLEAR,0,6.25,400K,2.333,OFF,NORMAL,OFF,NOT INVERTED,N,HUFFMAN,5.189,AI8,NOT POSSIBLE,N/A,WEST,4462.38,681130.0,13.802,159.167,10757.822,-635.337,94.524,181.608,163.031,356.628,-20.856,24.909,UNK,UNK,63.253,78.8302,3110.0,745335000.0,1.636,151.918,129.372,29.797,36.834,17.295,149.975,3.097,181.706,200.0,200.0,1565.0,1565.0,1565.0,N/A,N/A,N/A,N/A,N/A,N/A,N/A,N/A,N/A,LSB_UNSIGNED_INTEGER,"frozenset({'N/A', 'MIPS_NEAR.CK', 'S980602A.BSP', 'S980928A.BSP', 'NULL'})","VICAR programs run: SSIMERGE,CATLABEL,BADLABELS.",REDR,1.429,1.372,1.538,UNIFORM,"frozenset({400, 1})",1.0
C0449967539R,62.928635261877,-62.928635261877,-53237.625431548,66137.995660233,-13215.013404994228,28443.743138368685,181.95281129867223,2.4260102540242676,180.48474039328744,1.0433459893615369,FIXED_LENGTH,1000,810,"['C0449967539R.IMG', 1]","['C0449967539R.IMG', 3]","['C0449967539R.IMG', 5]","['C0449967539R.IMG', 11]","['C0449967539R.IMG', 11]",GO-J/JSA-SSI-2-REDR-V1.0,GALILEO ORBITER,SOLID STATE IMAGING SYSTEM,1,04499675.39,1998-05-31 21:08:14.622000+00:00,15E0034,15,15ESCILIXS02,EUROPA,-000T05:26:47Z,-000T00:04:46Z,NOT APPLICABLE,CLEAR,0,6.25,400K,2.333,OFF,NORMAL,OFF,NOT INVERTED,N,INTEGER COSINE TRANSFORM,5.598,AI8,NOT POSSIBLE,N/A,WEST,4455.542,681117.6,13.823,158.964,10814.841,-135.768,91.812,182.469,162.618,356.9,-21.188,24.119,UNK,UNK,63.0379,78.5972,3103.56,745335000.0,1.636,151.921,127.293,29.209,36.882,17.712,150.623,2.397,181.139,200.0,200.0,1565.0,1565.0,1565.0,N/A,N/A,N/A,N/A,N/A,N/A,N/A,N/A,N/A,LSB_UNSIGNED_INTEGER,"frozenset({'N/A', 'MIPS_NEAR.CK', 'S980602A.BSP', 'S980928A.BSP', 'NULL'})","VICAR programs run: SSIMERGE,CATLABEL,BADLABELS.",REDR,2.595,2.171,3.275,SKEWED,"frozenset({400, 1})",0.0
C0449967540R,62.928635261877,-62.928635261877,-53237.625431548,66137.995660233,-13215.013404994228,28443.743138368685,181.95281129867223,2.4260102540242676,180.48474039328744,1.0433459893615369,FIXED_LENGTH,1000,809,"['C0449967540R.IMG', 1]","['C0449967540R.IMG', 3]","['C0449967540R.IMG', 5]","['C0449967540R.IMG', 10]","['C0449967540R.IMG', 10]",GO-J/JSA-SSI-2-REDR-V1.0,GALILEO ORBITER,SOLID STATE IMAGING SYSTEM,1,04499675.40,1998-05-31 21:08:14.622000+00:00,15E0034,15,15ESCILIXS02,EUROPA,-000T05:26:47Z,-000T00:04:46Z,NOT APPLICABLE,CLEAR,0,6.25,400K,2.333,OFF,NORMAL,OFF,NOT INVERTED,N,HUFFMAN,5.483,AI8,NOT POSSIBLE,N/A,WEST,4455.542,681117.6,13.823,158.964,10814.841,-135.768,91.812,182.469,162.607,356.9,-21.188,24.119,UNK,UNK,63.0379,78.5972,3103.56,745335000.0,1.636,151.921,127.293,29.209,36.882,17.712,150.623,2.397,181.139,200.0,200.0,1565.0,1565.0,1565.0,N/A,N/A,N/A,N/A,N/A,N/A,N/A,N/A,N/A,LSB_UNSIGNED_INTEGER,"frozenset({'N/A', 'MIPS_NEAR.CK', 'S980602A.BSP', 'S980928A.BSP', 'NULL'})","VICAR programs run: SSIMERGE,CATLABEL,BADLABELS.",REDR,1.366,1.298,1.468,UNIFORM,"frozenset({400, 1})",1.0
C0449967542R,62.869450521793,-62.869450521793,-43002.704156906,49101.04085752,-3394.950328176412,11253.631643400615,181.5773837745457,1.8010770876026327,180.12453029799045,0.41279487667204096,FIXED_LENGTH,1000,810,"['C0449967542R.IMG', 1]","['C0449967542R.IMG', 3]","['C0449967542R.IMG', 5]","['C0449967542R.IMG', 11]","['C0449967542R.IMG', 11]",GO-J/JSA-SSI-2-REDR-V1.0,GALILEO ORBITER,SOLID STATE IMAGING SYSTEM,1,04499675.42,1998-05-31 21:08:16.622000+00:00,15E0035,15,15ESCILIXS02,EUROPA,-000T05:26:45Z,-000T00:04:44Z,NOT APPLICABLE,CLEAR,0,6.25,400K,2.333,OFF,NORMAL,OFF,NOT INVERTED,N,INTEGER COSINE TRANSFORM,5.885,AI8,NOT POSSIBLE,N/A,WEST,4450.45,681108.3,13.839,158.812,10880.809,309.036,89.415,183.363,162.296,357.144,-21.465,23.287,UNK,UNK,62.8962,78.7252,3100.55,745335000.0,1.636,151.924,125.327,28.829,37.069,18.069,151.395,1.776,180.765,200.0,200.0,1565.0,1565.0,1565.0,N/A,N/A,N/A,N/A,N/A,N/A,N/A,N/A,N/A,LSB_UNSIGNED_INTEGER,"frozenset({'N/A', 'MIPS_NEAR.CK', 'S980602A.BSP', 'S980928A.BSP', 'NULL'})","VICAR programs run: SSIMERGE,CATLABEL,BADLABELS.",REDR,2.449,2.085,2.639,SKEWED,"frozenset({400, 1})",0.0
C0449967543R,62.869450521793,-62.869450521793,-43002.704156906,49101.04085752,-3394.950328176412,11253.631643400615,181.5773837745457,1.8010770876026327,180.12453029799045,0.41279487667204096,FIXED_LENGTH,1000,809,"['C0449967543R.IMG', 1]","['C0449967543R.IMG', 3]","['C0449967543R.IMG', 5]","['C0449967543R.IMG', 10]","['C0449967543R.IMG', 10]",GO-J/JSA-SSI-2-REDR-V1.0,GALILEO ORBITER,SOLID STATE IMAGING SYSTEM,1,04499675.43,1998-05-31 21:08:16.622000+00:00,15E0035,15,15ESCILIXS02,EUROPA,-000T05:26:45Z,-000T00:04:44Z,NOT APPLICABLE,CLEAR,0,6.25,400K,2.333,OFF,NORMAL,OFF,NOT INVERTED,N,HUFFMAN,5.808,AI8,NOT POSSIBLE,N/A,WEST,4450.45,681108.3,13.839,158.812,10880.809,309.036,89.415,183.363,162.301,357.144,-21.465,23.287,UNK,UNK,62.8962,78.7252,3100.55,745335000.0,1.636,151.924,125.327,28.829,37.069,18.069,151.395,1.776,180.765,200.0,200.0,1565.0,1565.0,1565.0,N/A,N/A,N/A,N/A,N/A,N/A,N/A,N/A,N/A,LSB_UNSIGNED_INTEGER,"frozenset({'N/A', 'MIPS_NEAR.CK', 'S980602A.BSP', 'S980928A.BSP', 'NULL'})","VICAR programs run: SSIMERGE,CATLABEL,BADLABELS.",REDR,1.324,1.237,1.369,UNIFORM,"frozenset({400, 1})",1.0
C0449967546R,62.852239720004,-62.852239720004,-33877.357209082,25140.895888002,5279.588136480488,-13010.413622040425,181.2426565871559,0.9221941277594883,179.80633923317052,-0.4772354611155128,FIXED_LENGTH,1000,810,"['C0449967546R.IMG', 1]","['C0449967546R.IMG', 3]","['C0449967546R.IMG', 5]","['C0449967546R.IMG', 11]","['C0449967546R.IMG', 11]",GO-J/JSA-SSI-2-REDR-V1.0,GALILEO ORBITER,SOLID STATE IMAGING SYSTEM,1,04499675.46,1998-05-31 21:08:19.288000+00:00,15E0036,15,15ESCILIXS02,EUROPA,-000T05:26:42Z,-000T00:04:41Z,NOT APPLICABLE,CLEAR,0,6.25,400K,2.333,OFF,NORMAL,OFF,NOT INVERTED,N,INTEGER COSINE TRANSFORM,6.027,AI8,NOT POSSIBLE,N/A,WEST,4443.71,681095.9,13.859,158.608,11010.806,835.543,86.636,184.304,161.963,357.534,-21.807,22.43,UNK,UNK,62.9394,79.3372,3099.65,745335000.0,1.636,151.927,122.943,28.502,37.577,18.567,151.604,0.907,180.427,200.0,200.0,1565.0,1565.0,1565.0,N/A,N/A,N/A,N/A,N/A,N/A,N/A,N/A,N/A,LSB_UNSIGNED_INTEGER,"frozenset({'N/A', 'MIPS_NEAR.CK', 'S980602A.BSP', 'S980928A.BSP', 'NULL'})","VICAR programs run: SSIMERGE,CATLABEL,BADLABELS.",REDR,2.537,2.223,2.733,SKEWED,"frozenset({200, 201, 400, 1})",0.0
C0449967547R,62.852239720004,-62.852239720004,-33877.357209082,25140.895888002,5279.588136480488,-13010.413622040425,181.2426565871559,0.9221941277594883,179.80633923317052,-0.4772354611155128,FIXED_LENGTH,1000,810,"['C0449967547R.IMG', 1]","['C0449967547R.IMG', 3]","['C0449967547R.IMG', 5]","['C0449967547R.IMG', 11]","['C0449967547R.IMG', 11]",GO-J/JSA-SSI-2-REDR-V1.0,GALILEO ORBITER,SOLID STATE IMAGING SYSTEM,1,04499675.47,1998-05-31 21:08:19.288000+00:00,15E0036,15,15ESCILIXS02,EUROPA,-000T05:26:42Z,-000T00:04:41Z,NOT APPLICABLE,CLEAR,0,6.25,400K,2.333,OFF,NORMAL,OFF,NOT INVERTED,N,INTEGER COSINE TRANSFORM,5.983,AI8,NOT POSSIBLE,N/A,WEST,4443.71,681095.9,13.859,158.608,11010.806,835.543,86.636,184.304,161.962,357.534,-21.807,22.43,UNK,UNK,62.9394,79.3372,3099.65,745335000.0,1.636,151.927,122.943,28.502,37.577,18.567,151.604,0.907,180.427,200.0,200.0,1565.0,1565.0,1565.0,N/A,N/A,N/A,N/A,N/A,N/A,N/A,N/A,N/A,LSB_UNSIGNED_INTEGER,"frozenset({'N/A', 'MIPS_NEAR.CK', 'S980602A.BSP', 'S980928A.BSP', 'NULL'})","VICAR programs run: SSIMERGE,CATLABEL,BADLABELS.",REDR,3.139,2.954,3.366,SKEWED,"frozenset({200, 1, 400})",1.0
C0449967577R,61.851891252375,-61.851891252375,-31730.020212468,100447.47139386,5937.781560228374,64882.63392374438,181.1638900397178,3.6845173966896585,179.78219601595922,2.3799622839455146,FIXED_LENGTH,1000,810,"['C0449967577R.IMG', 1]","['C0449967577R.IMG', 3]","['C0449967577R.IMG', 5]","['C0449967577R.IMG', 11]","['C0449967577R.IMG', 11]",GO-J/JSA-SSI-2-REDR-V1.0,GALILEO ORBITER,SOLID STATE IMAGING SYSTEM,1,04499675.77,1998-05-31 21:08:39.955000+00:00,15E0037,15,15ESCILIXS02,EUROPA,-000T05:26:22Z,-000T00:04:21Z,NOT APPLICABLE,CLEAR,0,6.25,400K,2.333,OFF,NORMAL,OFF,NOT INVERTED,N,INTEGER COSINE TRANSFORM,5.898,AI8,NOT POSSIBLE,N/A,WEST,4393.32,680999.6,14.015,157.004,11273.739,770.251,87.052,191.697,163.912,359.239,-19.518,14.797,UNK,UNK,62.0533,78.8267,3053.93,745335000.0,1.636,151.951,121.881,28.718,38.071,18.144,151.066,3.914,180.615,200.0,200.0,1565.0,1565.0,1565.0,N/A,N/A,N/A,N/A,N/A,N/A,N/A,N/A,N/A,LSB_UNSIGNED_INTEGER,"frozenset({'N/A', 'MIPS_NEAR.CK', 'S980602A.BSP', 'S980928A.BSP', 'NULL'})","VICAR programs run: SSIMERGE,CATLABEL,BADLABELS.",REDR,2.898,2.558,3.227,SKEWED,"frozenset({400, 1})",0.0
C0449967581R,61.734666541321,-61.734666541321,-16853.563965781,81860.167833792,20248.97062555292,46239.265239449785,180.61820620037966,3.002715830415404,179.25724676291387,1.696104190785177,FIXED_LENGTH,1000,809,"['C0449967581R.IMG', 1]","['C0449967581R.IMG', 3]","['C0449967581R.IMG', 5]","['C0449967581R.IMG', 10]","['C0449967581R.IMG', 10]",GO-J/JSA-SSI-2-REDR-V1.0,GALILEO ORBITER,SOLID STATE IMAGING SYSTEM,1,04499675.81,1998-05-31 21:08:42.622000+00:00,15E0038,15,15ESCILIXS02,EUROPA,-000T05:26:19Z,-000T00:04:18Z,NOT APPLICABLE,CLEAR,0,6.25,400K,2.333,OFF,NORMAL,OFF,NOT INVERTED,N,INTEGER COSINE TRANSFORM,5.956,AI8,NOT POSSIBLE,N/A,WEST,4387.062,680987.1,14.034,156.794,11267.218,1213.077,84.77,192.26,163.459,359.528,-19.832,14.298,UNK,UNK,62.0648,78.3722,3047.91,745335000.0,1.636,151.954,120.11,28.139,38.104,18.553,151.712,3.236,180.074,200.0,200.0,1565.0,1565.0,1565.0,N/A,N/A,N/A,N/A,N/A,N/A,N/A,N/A,N/A,LSB_UNSIGNED_INTEGER,"frozenset({'N/A', 'MIPS_NEAR.CK', 'S980602A.BSP', 'S980928A.BSP', 'NULL'})","VICAR programs run: SSIMERGE,CATLABEL,BADLABELS.",REDR,2.233,2.075,2.343,SKEWED,"frozenset({64, 337, 400, 1})",0.0
C0449967582R,61.734666541321,-61.734666541321,-16853.563965781,81860.167833792,20248.97062555292,46239.265239449785,180.61820620037966,3.002715830415404,179.25724676291387,1.696104190785177,FIXED_LENGTH,1000,810,"['C0449967582R.IMG', 1]","['C0449967582R.IMG', 3]","['C0449967582R.IMG', 5]","['C0449967582R.IMG', 11]","['C0449967582R.IMG', 11]",GO-J/JSA-SSI-2-REDR-V1.0,GALILEO ORBITER,SOLID STATE IMAGING SYSTEM,1,04499675.82,1998-05-31 21:08:42.622000+00:00,15E0038,15,15ESCILIXS02,EUROPA,-000T05:26:19Z,-000T00:04:18Z,NOT APPLICABLE,CLEAR,0,6.25,400K,2.333,OFF,NORMAL,OFF,NOT INVERTED,N,INTEGER COSINE TRANSFORM,5.784,AI8,NOT POSSIBLE,N/A,WEST,4387.062,680987.1,14.034,156.794,11267.218,1213.077,84.77,192.26,163.457,359.528,-19.832,14.298,UNK,UNK,62.0648,78.3722,3047.91,745335000.0,1.636,151.954,120.11,28.139,38.104,18.553,151.712,3.236,180.074,200.0,200.0,1565.0,1565.0,1565.0,N/A,N/A,N/A,N/A,N/A,N/A,N/A,N/A,N/A,LSB_UNSIGNED_INTEGER,"frozenset({'N/A', 'MIPS_NEAR.CK', 'S980602A.BSP', 'S980928A.BSP', 'NULL'})","VICAR programs run: SSIMERGE,CATLABEL,BADLABELS.",REDR,2.908,2.674,3.529,SKEWED,"frozenset({344, 1, 400})",1.0
C0449967584R,61.65222449861,-61.65222449861,-2836.0023269361,62946.921213081,33723.766800739635,27188.631003887196,180.1040275057764,2.3089583347324285,178.76297726826775,0.9973071749431979,FIXED_LENGTH,1000,809,"['C0449967584R.IMG', 1]","['C0449967584R.IMG', 3]","['C0449967584R.IMG', 5]","['C0449967584R.IMG', 10]","['C0449967584R.IMG', 10]",GO-J/JSA-SSI-2-REDR-V1.0,GALILEO ORBITER,SOLID STATE IMAGING SYSTEM,1,04499675.84,1998-05-31 21:08:44.622000+00:00,15E0039,15,15ESCILIXS02,EUROPA,-000T05:26:17Z,-000T00:04:16Z,NOT APPLICABLE,CLEAR,0,6.25,400K,2.333,OFF,NORMAL,OFF,NOT INVERTED,N,INTEGER COSINE TRANSFORM,5.966,AI8,NOT POSSIBLE,N/A,WEST,4382.405,680977.8,14.049,156.637,11226.024,1748.206,82.007,193.25,163.146,359.75,-20.178,13.372,UNK,UNK,61.8608,78.8976,3043.52,745335000.0,1.636,151.956,117.807,27.6,38.136,18.934,152.145,2.543,179.56,200.0,200.0,1565.0,1565.0,1565.0,N/A,N/A,N/A,N/A,N/A,N/A,N/A,N/A,N/A,LSB_UNSIGNED_INTEGER,"frozenset({'N/A', 'MIPS_NEAR.CK', 'S980602A.BSP', 'S980928A.BSP', 'NULL'})","VICAR programs run: SSIMERGE,CATLABEL,BADLABELS.",REDR,2.474,2.14,2.586,SKEWED,"frozenset({64, 337, 400, 1})",0.0
C0449967585R,61.65222449861,-61.65222449861,-2836.0023269361,62946.921213081,33723.766800739635,27188.631003887196,180.1040275057764,2.3089583347324285,178.76297726826775,0.9973071749431979,FIXED_LENGTH,1000,810,"['C0449967585R.IMG', 1]","['C0449967585R.IMG', 3]","['C0449967585R.IMG', 5]","['C0449967585R.IMG', 11]","['C0449967585R.IMG', 11]",GO-J/JSA-SSI-2-REDR-V1.0,GALILEO ORBITER,SOLID STATE IMAGING SYSTEM,1,04499675.85,1998-05-31 21:08:44.622000+00:00,15E0039,15,15ESCILIXS02,EUROPA,-000T05:26:17Z,-000T00:04:16Z,NOT APPLICABLE,CLEAR,0,6.25,400K,2.333,OFF,NORMAL,OFF,NOT INVERTED,N,INTEGER COSINE TRANSFORM,5.985,AI8,NOT POSSIBLE,N/A,WEST,4382.405,680977.8,14.049,156.637,11226.024,1748.206,82.007,193.25,163.147,359.75,-20.178,13.372,UNK,UNK,61.8608,78.8976,3043.52,745335000.0,1.636,151.956,117.807,27.6,38.136,18.934,152.145,2.543,179.56,200.0,200.0,1565.0,1565.0,1565.0,N/A,N/A,N/A,N/A,N/A,N/A,N/A,N/A,N/A,LSB_UNSIGNED_INTEGER,"frozenset({'N/A', 'MIPS_NEAR.CK', 'S980602A.BSP', 'S980928A.BSP', 'NULL'})","VICAR programs run: SSIMERGE,CATLABEL,BADLABELS.",REDR,2.939,2.706,3.151,SKEWED,"frozenset({344, 1, 400})",1.0
C0449967588R,61.572729180536,-61.572729180536,10652.082148233,43470.346801458,46672.12871884656,7573.44568920551,179.60927058250934,1.594537391609194,178.28801792798896,0.2778018401811925,FIXED_LENGTH,1000,809,"['C0449967588R.IMG', 1]","['C0449967588R.IMG', 3]","['C0449967588R.IMG', 5]","['C0449967588R.IMG', 10]","['C0449967588R.IMG', 10]",GO-J/JSA-SSI-2-REDR-V1.0,GALILEO ORBITER,SOLID STATE IMAGING SYSTEM,1,04499675.88,1998-05-31 21:08:47.288000+00:00,15E0040,15,15ESCILIXS02,EUROPA,-000T05:26:14Z,-000T00:04:13Z,NOT APPLICABLE,CLEAR,0,6.25,400K,2.333,OFF,NORMAL,OFF,NOT INVERTED,N,INTEGER COSINE TRANSFORM,6.024,AI8,NOT POSSIBLE,N/A,WEST,4376.248,680965.4,14.068,156.426,11222.428,2170.351,79.865,193.679,162.727,0.06,-20.494,13.01,UNK,UNK,62.3363,78.8889,3039.35,745335000.0,1.636,151.96,116.037,27.098,38.314,19.36,152.709,1.832,179.069,200.0,200.0,1565.0,1565.0,1565.0,N/A,N/A,N/A,N/A,N/A,N/A,N/A,N/A,N/A,LSB_UNSIGNED_INTEGER,"frozenset({'N/A', 'MIPS_NEAR.CK', 'S980602A.BSP', 'S980928A.BSP', 'NULL'})","VICAR programs run: SSIMERGE,CATLABEL,BADLABELS.",REDR,2.358,2.168,2.474,SKEWED,"frozenset({64, 337, 400, 1})",0.0
C0449967589R,61.572729180536,-61.572729180536,10652.082148233,43470.346801458,46672.12871884656,7573.44568920551,179.60927058250934,1.594537391609194,178.28801792798896,0.2778018401811925,FIXED_LENGTH,1000,810,"['C0449967589R.IMG', 1]","['C0449967589R.IMG', 3]","['C0449967589R.IMG', 5]","['C0449967589R.IMG', 11]","['C0449967589R.IMG', 11]",GO-J/JSA-SSI-2-REDR-V1.0,GALILEO ORBITER,SOLID STATE IMAGING SYSTEM,1,04499675.89,1998-05-31 21:08:47.288000+00:00,15E0040,15,15ESCILIXS02,EUROPA,-000T05:26:14Z,-000T00:04:13Z,NOT APPLICABLE,CLEAR,0,6.25,400K,2.333,OFF,NORMAL,OFF,NOT INVERTED,N,INTEGER COSINE TRANSFORM,6.053,AI8,NOT POSSIBLE,N/A,WEST,4376.248,680965.4,14.068,156.426,11222.428,2170.351,79.865,193.679,162.728,0.06,-20.494,13.01,UNK,UNK,62.3363,78.8889,3039.35,745335000.0,1.636,151.96,116.037,27.098,38.314,19.36,152.709,1.832,179.069,200.0,200.0,1565.0,1565.0,1565.0,N/A,N/A,N/A,N/A,N/A,N/A,N/A,N/A,N/A,LSB_UNSIGNED_INTEGER,"frozenset({'N/A', 'MIPS_NEAR.CK', 'S980602A.BSP', 'S980928A.BSP', 'NULL'})","VICAR programs run: SSIMERGE,CATLABEL,BADLABELS.",REDR,2.992,2.808,3.279,SKEWED,"frozenset({344, 1, 400})",1.0
C0449967752R,27.76268142173,-27.76268142173,991211.01480003,864057.9338885,1023832.1654705628,834685.0169443096,143.64135226957677,31.69454088771124,142.4447746407151,30.617111839766036,FIXED_LENGTH,1000,810,"['C0449967752R.IMG', 1]","['C0449967752R.IMG', 3]","['C0449967752R.IMG', 5]","['C0449967752R.IMG', 11]","['C0449967752R.IMG', 11]",GO-J/JSA-SSI-2-REDR-V1.0,GALILEO ORBITER,SOLID STATE IMAGING SYSTEM,1,04499677.52,1998-05-31 21:10:25.551000+00:00,15E0070,15,15ESRELIEF01,EUROPA,-000T05:24:36Z,-000T00:02:35Z,NOT APPLICABLE,CLEAR,0,6.25,100K,8.667,ON,NORMAL,OFF,NOT INVERTED,N,INTEGER COSINE TRANSFORM,4.421,IM8,NOT POSSIBLE,N/A,WEST,4190.935,680507.9,14.667,148.243,-16578.463,1457.389,273.564,126.377,169.607,347.732,-10.369,78.403,UNK,UNK,27.8718,31.2168,2736.8,745334000.0,1.636,152.075,274.038,30.883,27.115,3.774,189.21,31.267,142.865,400.0,400.0,1565.0,1565.0,1565.0,N/A,N/A,N/A,N/A,N/A,N/A,N/A,N/A,N/A,LSB_UNSIGNED_INTEGER,"frozenset({'N/A', 'S990607A.BSP', 'S980928A.BSP', 'CKE15F.PLT', 'NULL'})","VICAR programs run: SSIMERGE,CATLABEL,BADLABELS.",REDR,5.602,3.223,6.625,SKEWED,"frozenset({200, 601, 800, 1})",0.0
C0449967753R,27.76268142173,-27.76268142173,991211.01480003,864057.9338885,1023832.1654705628,834685.0169443096,143.64135226957677,31.69454088771124,142.4447746407151,30.617111839766036,FIXED_LENGTH,1000,809,"['C0449967753R.IMG', 1]","['C0449967753R.IMG', 3]","['C0449967753R.IMG', 5]","['C0449967753R.IMG', 10]","['C0449967753R.IMG', 10]",GO-J/JSA-SSI-2-REDR-V1.0,GALILEO ORBITER,SOLID STATE IMAGING SYSTEM,1,04499677.53,1998-05-31 21:10:25.551000+00:00,15E0070,15,15ESRELIEF01,EUROPA,-000T05:24:36Z,-000T00:02:35Z,NOT APPLICABLE,CLEAR,0,6.25,100K,8.667,ON,NORMAL,OFF,NOT INVERTED,N,INTEGER COSINE TRANSFORM,4.182,IM8,NOT POSSIBLE,N/A,WEST,4190.935,680507.9,14.667,148.243,-16578.463,1457.389,273.564,126.377,169.596,347.732,-10.369,78.403,UNK,UNK,27.8718,31.2168,2736.8,745334000.0,1.636,152.075,274.038,30.883,27.115,3.774,189.21,31.267,142.865,400.0,400.0,1565.0,1565.0,1565.0,N/A,N/A,N/A,N/A,N/A,N/A,N/A,N/A,N/A,LSB_UNSIGNED_INTEGER,"frozenset({'N/A', 'S990607A.BSP', 'S980928A.BSP', 'CKE15F.PLT', 'NULL'})","VICAR programs run: SSIMERGE,CATLABEL,BADLABELS.",REDR,4.937,3.584,5.132,SKEWED,"frozenset({600, 1, 800})",1.0
C0449967754R,27.76268142173,-27.76268142173,991211.01480003,864057.9338885,1023832.1654705628,834685.0169443096,143.64135226957677,31.69454088771124,142.4447746407151,30.617111839766036,FIXED_LENGTH,1000,807,"['C0449967754R.IMG', 1]","['C0449967754R.IMG', 3]","['C0449967754R.IMG', 5]","['C0449967754R.IMG', 8]","['C0449967754R.IMG', 8]",GO-J/JSA-SSI-2-REDR-V1.0,GALILEO ORBITER,SOLID STATE IMAGING SYSTEM,1,04499677.54,1998-05-31 21:10:25.551000+00:00,15E0070,15,15ESRELIEF01,EUROPA,-000T05:24:36Z,-000T00:02:35Z,NOT APPLICABLE,CLEAR,0,6.25,100K,8.667,ON,NORMAL,OFF,NOT INVERTED,N,INTEGER COSINE TRANSFORM,4.219,IM8,NOT POSSIBLE,N/A,WEST,4190.935,680507.9,14.667,148.243,-16578.463,1457.389,273.564,126.377,169.59,347.732,-10.369,78.403,UNK,UNK,27.8718,31.2168,2736.8,745334000.0,1.636,152.075,274.038,30.883,27.115,3.774,189.21,31.267,142.865,400.0,400.0,1565.0,1565.0,1565.0,N/A,N/A,N/A,N/A,N/A,N/A,N/A,N/A,N/A,LSB_UNSIGNED_INTEGER,"frozenset({'N/A', 'S990607A.BSP', 'S980928A.BSP', 'CKE15F.PLT', 'NULL'})","VICAR programs run: SSIMERGE,CATLABEL,BADLABELS.",REDR,2.46,1.636,2.883,SKEWED,"frozenset({800, 1})",2.0
C0449967765R,27.623626856753,-27.623626856753,1017129.5644925,859564.39690158,1050056.9277057496,829924.2452842841,142.69063299398223,31.5297132920413,141.48282317156642,30.44248179921229,FIXED_LENGTH,1000,808,"['C0449967765R.IMG', 1]","['C0449967765R.IMG', 3]","['C0449967765R.IMG', 5]","['C0449967765R.IMG', 9]","['C0449967765R.IMG', 9]",GO-J/JSA-SSI-2-REDR-V1.0,GALILEO ORBITER,SOLID STATE IMAGING SYSTEM,1,04499677.65,1998-05-31 21:10:34.217000+00:00,15E0071,15,15ESRELIEF01,EUROPA,-000T05:24:27Z,-000T00:02:26Z,NOT APPLICABLE,CLEAR,0,6.25,100K,8.667,ON,NORMAL,OFF,NOT INVERTED,N,INTEGER COSINE TRANSFORM,4.263,IM8,NOT POSSIBLE,N/A,WEST,4178.672,680467.6,14.707,147.488,-16532.445,1131.45,272.474,128.033,170.201,348.407,-10.17,76.805,UNK,UNK,27.4227,31.0063,2722.79,745334000.0,1.636,152.085,274.26,30.983,26.923,4.132,190.095,31.111,141.99,400.0,400.0,1565.0,1565.0,1565.0,N/A,N/A,N/A,N/A,N/A,N/A,N/A,N/A,N/A,LSB_UNSIGNED_INTEGER,"frozenset({'N/A', 'S990607A.BSP', 'S980928A.BSP', 'CKE15F.PLT', 'NULL'})","VICAR programs run: SSIMERGE,CATLABEL,BADLABELS.",REDR,6.227,3.046,7.674,SKEWED,"frozenset({800, 1})",0.0
C0449967766R,27.623626856753,-27.623626856753,1017129.5644925,859564.39690158,1050056.9277057496,829924.2452842841,142.69063299398223,31.5297132920413,141.48282317156642,30.44248179921229,FIXED_LENGTH,1000,807,"['C0449967766R.IMG', 1]","['C0449967766R.IMG', 3]","['C0449967766R.IMG', 5]","['C0449967766R.IMG', 8]","['C0449967766R.IMG', 8]",GO-J/JSA-SSI-2-REDR-V1.0,GALILEO ORBITER,SOLID STATE IMAGING SYSTEM,1,04499677.66,1998-05-31 21:10:34.217000+00:00,15E0071,15,15ESRELIEF01,EUROPA,-000T05:24:27Z,-000T00:02:26Z,NOT APPLICABLE,CLEAR,0,6.25,100K,8.667,ON,NORMAL,OFF,NOT INVERTED,N,INTEGER COSINE TRANSFORM,4.226,IM8,NOT POSSIBLE,N/A,WEST,4178.672,680467.6,14.707,147.488,-16532.445,1131.45,272.474,128.033,170.196,348.407,-10.17,76.805,UNK,UNK,27.4227,31.0063,2722.79,745334000.0,1.636,152.085,274.26,30.983,26.923,4.132,190.095,31.111,141.99,400.0,400.0,1565.0,1565.0,1565.0,N/A,N/A,N/A,N/A,N/A,N/A,N/A,N/A,N/A,LSB_UNSIGNED_INTEGER,"frozenset({'N/A', 'S990607A.BSP', 'S980928A.BSP', 'CKE15F.PLT', 'NULL'})","VICAR programs run: SSIMERGE,CATLABEL,BADLABELS.",REDR,2.448,1.558,2.79,SKEWED,"frozenset({800, 1})",1.0
C0449967767R,27.623626856753,-27.623626856753,1017129.5644925,859564.39690158,1050056.9277057496,829924.2452842841,142.69063299398223,31.5297132920413,141.48282317156642,30.44248179921229,FIXED_LENGTH,1000,810,"['C0449967767R.IMG', 1]","['C0449967767R.IMG', 3]","['C0449967767R.IMG', 5]","['C0449967767R.IMG', 11]","['C0449967767R.IMG', 11]",GO-J/JSA-SSI-2-REDR-V1.0,GALILEO ORBITER,SOLID STATE IMAGING SYSTEM,1,04499677.67,1998-05-31 21:10:34.217000+00:00,15E0071,15,15ESRELIEF01,EUROPA,-000T05:24:27Z,-000T00:02:26Z,NOT APPLICABLE,CLEAR,0,6.25,100K,8.667,ON,NORMAL,OFF,NOT INVERTED,N,HUFFMAN,4.028,IM8,NOT POSSIBLE,N/A,WEST,4178.672,680467.6,14.707,147.488,-16532.445,1131.45,272.474,128.033,170.191,348.407,-10.17,76.805,UNK,UNK,27.4227,31.0063,2722.79,745334000.0,1.636,152.085,274.26,30.983,26.923,4.132,190.095,31.111,141.99,400.0,400.0,1565.0,1565.0,1565.0,N/A,N/A,N/A,N/A,N/A,N/A,N/A,N/A,N/A,LSB_UNSIGNED_INTEGER,"frozenset({'N/A', 'S990607A.BSP', 'S980928A.BSP', 'CKE15F.PLT', 'NULL'})","VICAR programs run: SSIMERGE,CATLABEL,BADLABELS.",REDR,1.604,1.592,1.623,UNIFORM,"frozenset({200, 1, 800})",2.0
C0449967778R,27.483879112478,-27.483879112478,1042683.4057692,853182.05928865,1075938.8994952983,823197.1471769365,141.7532916012152,31.29560253106276,140.53344561137578,30.195724865843875,FIXED_LENGTH,1000,810,"['C0449967778R.IMG', 1]","['C0449967778R.IMG', 3]","['C0449967778R.IMG', 5]","['C0449967778R.IMG', 11]","['C0449967778R.IMG', 11]",GO-J/JSA-SSI-2-REDR-V1.0,GALILEO ORBITER,SOLID STATE IMAGING SYSTEM,1,04499677.78,1998-05-31 21:10:42.884000+00:00,15E0072,15,15ESRELIEF01,EUROPA,-000T05:24:19Z,-000T00:02:18Z,NOT APPLICABLE,CLEAR,0,6.25,100K,8.667,ON,NORMAL,OFF,NOT INVERTED,N,INTEGER COSINE TRANSFORM,4.5,IM8,NOT POSSIBLE,N/A,WEST,4167.099,680427.3,14.745,146.727,-16416.197,673.283,270.931,130.029,170.801,349.126,-9.983,74.867,UNK,UNK,27.0649,30.7201,2708.64,745334000.0,1.636,152.095,274.084,31.035,26.627,4.611,190.918,30.9,141.177,400.0,400.0,1565.0,1565.0,1565.0,N/A,N/A,N/A,N/A,N/A,N/A,N/A,N/A,N/A,LSB_UNSIGNED_INTEGER,"frozenset({'N/A', 'S990607A.BSP', 'S980928A.BSP', 'CKE15F.PLT', 'NULL'})","VICAR programs run: SSIMERGE,CATLABEL,BADLABELS.",REDR,5.518,3.017,6.298,SKEWED,"frozenset({200, 601, 800, 1})",0.0
C0449967779R,27.483879112478,-27.483879112478,1042683.4057692,853182.05928865,1075938.8994952983,823197.1471769365,141.7532916012152,31.29560253106276,140.53344561137578,30.195724865843875,FIXED_LENGTH,1000,808,"['C0449967779R.IMG', 1]","['C0449967779R.IMG', 3]","['C0449967779R.IMG', 5]","['C0449967779R.IMG', 9]","['C0449967779R.IMG', 9]",GO-J/JSA-SSI-2-REDR-V1.0,GALILEO ORBITER,SOLID STATE IMAGING SYSTEM,1,04499677.79,1998-05-31 21:10:42.884000+00:00,15E0072,15,15ESRELIEF01,EUROPA,-000T05:24:19Z,-000T00:02:18Z,NOT APPLICABLE,CLEAR,0,6.25,100K,8.667,ON,NORMAL,OFF,NOT INVERTED,N,INTEGER COSINE TRANSFORM,4.373,IM8,NOT POSSIBLE,N/A,WEST,4167.099,680427.3,14.745,146.727,-16416.197,673.283,270.931,130.029,170.786,349.126,-9.983,74.867,UNK,UNK,27.0649,30.7201,2708.64,745334000.0,1.636,152.095,274.084,31.035,26.627,4.611,190.918,30.9,141.177,400.0,400.0,1565.0,1565.0,1565.0,N/A,N/A,N/A,N/A,N/A,N/A,N/A,N/A,N/A,LSB_UNSIGNED_INTEGER,"frozenset({'N/A', 'S990607A.BSP', 'S980928A.BSP', 'CKE15F.PLT', 'NULL'})","VICAR programs run: SSIMERGE,CATLABEL,BADLABELS.",REDR,3.767,3.228,4.291,SKEWED,"frozenset({600, 1, 800})",1.0
C0449967780R,27.483879112478,-27.483879112478,1042683.4057692,853182.05928865,1075938.8994952983,823197.1471769365,141.7532916012152,31.29560253106276,140.53344561137578,30.195724865843875,FIXED_LENGTH,1000,807,"['C0449967780R.IMG', 1]","['C0449967780R.IMG', 3]","['C0449967780R.IMG', 5]","['C0449967780R.IMG', 8]","['C0449967780R.IMG', 8]",GO-J/JSA-SSI-2-REDR-V1.0,GALILEO ORBITER,SOLID STATE IMAGING SYSTEM,1,04499677.80,1998-05-31 21:10:42.884000+00:00,15E0072,15,15ESRELIEF01,EUROPA,-000T05:24:19Z,-000T00:02:18Z,NOT APPLICABLE,CLEAR,0,6.25,100K,8.667,ON,NORMAL,OFF,NOT INVERTED,N,INTEGER COSINE TRANSFORM,4.362,IM8,NOT POSSIBLE,N/A,WEST,4167.099,680427.3,14.745,146.727,-16416.197,673.283,270.931,130.029,170.778,349.126,-9.983,74.867,UNK,UNK,27.0649,30.7201,2708.64,745334000.0,1.636,152.095,274.084,31.035,26.627,4.611,190.918,30.9,141.177,400.0,400.0,1565.0,1565.0,1565.0,N/A,N/A,N/A,N/A,N/A,N/A,N/A,N/A,N/A,LSB_UNSIGNED_INTEGER,"frozenset({'N/A', 'S990607A.BSP', 'S980928A.BSP', 'CKE15F.PLT', 'NULL'})","VICAR programs run: SSIMERGE,CATLABEL,BADLABELS.",REDR,2.426,1.545,2.775,SKEWED,"frozenset({800, 1})",2.0
C0449968452R,32.563943571812,-32.563943571812,1035338.0219222,861479.12719229,1090794.4178249957,830413.1250247813,142.0227278965652,31.5999475843355,139.98852979654166,30.460414414974096,FIXED_LENGTH,1000,809,"['C0449968452R.IMG', 1]","['C0449968452R.IMG', 3]","['C0449968452R.IMG', 5]","['C0449968452R.IMG', 10]","['C0449968452R.IMG', 10]",GO-J/JSA-SSI-2-REDR-V1.0,GALILEO ORBITER,SOLID STATE IMAGING SYSTEM,1,04499684.52,1998-05-31 21:17:30.217000+00:00,15E0075,15,15ESRELIEF02,EUROPA,-000T05:17:31Z,000T00:04:29Z,NOT APPLICABLE,CLEAR,0,6.25,100K,8.667,ON,NORMAL,OFF,NOT INVERTED,N,INTEGER COSINE TRANSFORM,4.996,IM8,NOT POSSIBLE,N/A,WEST,4434.383,678539.1,13.625,110.9,17209.869,20648.658,39.699,289.453,137.831,35.369,11.433,270.201,UNK,UNK,42.2387,39.6227,3216.87,745331000.0,1.636,152.573,128.261,31.573,47.006,53.484,192.06,30.973,140.241,400.0,400.0,1565.0,1565.0,1565.0,N/A,N/A,N/A,N/A,N/A,N/A,N/A,N/A,N/A,LSB_UNSIGNED_INTEGER,"frozenset({'N/A', 'MIPS_NEAR.CK', 'S980602A.BSP', 'S980928A.BSP', 'NULL'})","VICAR programs run: SSIMERGE,CATLABEL,BADLABELS.",REDR,3.108,2.973,3.245,SKEWED,"frozenset({200, 1, 800})",0.0
C0449968453R,32.563943571812,-32.563943571812,1035338.0219222,861479.12719229,1090794.4178249957,830413.1250247813,142.0227278965652,31.5999475843355,139.98852979654166,30.460414414974096,FIXED_LENGTH,1000,809,"['C0449968453R.IMG', 1]","['C0449968453R.IMG', 3]","['C0449968453R.IMG', 5]","['C0449968453R.IMG', 10]","['C0449968453R.IMG', 10]",GO-J/JSA-SSI-2-REDR-V1.0,GALILEO ORBITER,SOLID STATE IMAGING SYSTEM,1,04499684.53,1998-05-31 21:17:30.217000+00:00,15E0075,15,15ESRELIEF02,EUROPA,-000T05:17:31Z,000T00:04:29Z,NOT APPLICABLE,CLEAR,0,6.25,100K,8.667,ON,NORMAL,OFF,NOT INVERTED,N,INTEGER COSINE TRANSFORM,5.006,IM8,NOT POSSIBLE,N/A,WEST,4434.383,678539.1,13.625,110.9,17209.869,20648.658,39.699,289.453,137.835,35.369,11.433,270.201,UNK,UNK,42.2387,39.6227,3216.87,745331000.0,1.636,152.573,128.261,31.573,47.006,53.484,192.06,30.973,140.241,400.0,400.0,1565.0,1565.0,1565.0,N/A,N/A,N/A,N/A,N/A,N/A,N/A,N/A,N/A,LSB_UNSIGNED_INTEGER,"frozenset({'N/A', 'MIPS_NEAR.CK', 'S980602A.BSP', 'S980928A.BSP', 'NULL'})","VICAR programs run: SSIMERGE,CATLABEL,BADLABELS.",REDR,3.509,2.11,3.807,SKEWED,"frozenset({600, 201, 800, 1})",1.0
C0449968465R,33.086838820514,-33.086838820514,996939.54050091,860257.80933336,1056164.98198963,828659.8782597692,143.43122400741757,31.555148378982977,141.2587734074799,30.396103505831864,FIXED_LENGTH,1000,807,"['C0449968465R.IMG', 1]","['C0449968465R.IMG', 3]","['C0449968465R.IMG', 5]","['C0449968465R.IMG', 8]","['C0449968465R.IMG', 8]",GO-J/JSA-SSI-2-REDR-V1.0,GALILEO ORBITER,SOLID STATE IMAGING SYSTEM,1,04499684.65,1998-05-31 21:17:38.884000+00:00,15E0076,15,15ESRELIEF02,EUROPA,-000T05:17:23Z,000T00:04:37Z,NOT APPLICABLE,CLEAR,0,6.25,100K,8.667,ON,NORMAL,OFF,NOT INVERTED,N,INTEGER COSINE TRANSFORM,4.933,IM8,NOT POSSIBLE,N/A,WEST,4456.241,678499.1,13.552,110.238,17262.111,21566.125,38.543,289.036,136.642,36.506,11.886,270.299,UNK,UNK,44.4209,40.9809,3269.68,745331000.0,1.636,152.583,127.0,31.09,48.973,54.683,190.798,30.924,141.562,400.0,400.0,1565.0,1565.0,1565.0,N/A,N/A,N/A,N/A,N/A,N/A,N/A,N/A,N/A,LSB_UNSIGNED_INTEGER,"frozenset({'N/A', 'MIPS_NEAR.CK', 'S980602A.BSP', 'S980928A.BSP', 'NULL'})","VICAR programs run: SSIMERGE,CATLABEL,BADLABELS.",REDR,3.541,2.218,4.259,SKEWED,"frozenset({800, 1})",0.0
C0449968466R,33.086838820514,-33.086838820514,996939.54050091,860257.80933336,1056164.98198963,828659.8782597692,143.43122400741757,31.555148378982977,141.2587734074799,30.396103505831864,FIXED_LENGTH,1000,808,"['C0449968466R.IMG', 1]","['C0449968466R.IMG', 3]","['C0449968466R.IMG', 5]","['C0449968466R.IMG', 9]","['C0449968466R.IMG', 9]",GO-J/JSA-SSI-2-REDR-V1.0,GALILEO ORBITER,SOLID STATE IMAGING SYSTEM,1,04499684.66,1998-05-31 21:17:38.884000+00:00,15E0076,15,15ESRELIEF02,EUROPA,-000T05:17:23Z,000T00:04:37Z,NOT APPLICABLE,CLEAR,0,6.25,100K,8.667,ON,NORMAL,OFF,NOT INVERTED,N,HUFFMAN,4.879,IM8,NOT POSSIBLE,N/A,WEST,4456.241,678499.1,13.552,110.238,17262.111,21566.125,38.543,289.036,136.642,36.506,11.886,270.299,UNK,UNK,44.4209,40.9809,3269.68,745331000.0,1.636,152.583,127.0,31.09,48.973,54.683,190.798,30.924,141.562,400.0,400.0,1565.0,1565.0,1565.0,N/A,N/A,N/A,N/A,N/A,N/A,N/A,N/A,N/A,LSB_UNSIGNED_INTEGER,"frozenset({'N/A', 'MIPS_NEAR.CK', 'S980602A.BSP', 'S980928A.BSP', 'NULL'})","VICAR programs run: SSIMERGE,CATLABEL,BADLABELS.",REDR,1.501,1.453,1.545,UNIFORM,"frozenset({400, 1, 800})",1.0
C0449968478R,33.638889267856,-33.638889267856,956252.70521734,858767.2041191,1019796.56704432,826608.4259790296,144.9236593105498,31.500471434234388,142.59280457517949,30.320854109187266,FIXED_LENGTH,1000,809,"['C0449968478R.IMG', 1]","['C0449968478R.IMG', 3]","['C0449968478R.IMG', 5]","['C0449968478R.IMG', 10]","['C0449968478R.IMG', 10]",GO-J/JSA-SSI-2-REDR-V1.0,GALILEO ORBITER,SOLID STATE IMAGING SYSTEM,1,04499684.78,1998-05-31 21:17:47.550000+00:00,15E0077,15,15ESRELIEF02,EUROPA,-000T05:17:14Z,000T00:04:46Z,NOT APPLICABLE,CLEAR,0,6.25,100K,8.667,ON,NORMAL,OFF,NOT INVERTED,N,INTEGER COSINE TRANSFORM,4.652,IM8,NOT POSSIBLE,N/A,WEST,4478.666,678459.1,13.477,109.583,17229.717,22517.883,37.268,288.826,135.465,37.625,12.322,270.189,UNK,UNK,47.3164,42.159,3325.51,745331000.0,1.636,152.593,125.473,30.616,51.003,55.858,189.361,30.861,142.955,400.0,400.0,1565.0,1565.0,1565.0,N/A,N/A,N/A,N/A,N/A,N/A,N/A,N/A,N/A,LSB_UNSIGNED_INTEGER,"frozenset({'N/A', 'MIPS_NEAR.CK', 'S980602A.BSP', 'S980928A.BSP', 'NULL'})","VICAR programs run: SSIMERGE,CATLABEL,BADLABELS.",REDR,4.275,4.008,4.68,SKEWED,"frozenset({200, 1, 800})",0.0
C0449968479R,33.638889267856,-33.638889267856,956252.70521734,858767.2041191,1019796.56704432,826608.4259790296,144.9236593105498,31.500471434234388,142.59280457517949,30.320854109187266,FIXED_LENGTH,1000,809,"['C0449968479R.IMG', 1]","['C0449968479R.IMG', 3]","['C0449968479R.IMG', 5]","['C0449968479R.IMG', 10]","['C0449968479R.IMG', 10]",GO-J/JSA-SSI-2-REDR-V1.0,GALILEO ORBITER,SOLID STATE IMAGING SYSTEM,1,04499684.79,1998-05-31 21:17:47.550000+00:00,15E0077,15,15ESRELIEF02,EUROPA,-000T05:17:14Z,000T00:04:46Z,NOT APPLICABLE,CLEAR,0,6.25,100K,8.667,ON,NORMAL,OFF,NOT INVERTED,N,INTEGER COSINE TRANSFORM,4.863,IM8,NOT POSSIBLE,N/A,WEST,4478.666,678459.1,13.477,109.583,17229.717,22517.883,37.268,288.826,135.47,37.625,12.322,270.189,UNK,UNK,47.3164,42.159,3325.51,745331000.0,1.636,152.593,125.473,30.616,51.003,55.858,189.361,30.861,142.955,400.0,400.0,1565.0,1565.0,1565.0,N/A,N/A,N/A,N/A,N/A,N/A,N/A,N/A,N/A,LSB_UNSIGNED_INTEGER,"frozenset({'N/A', 'MIPS_NEAR.CK', 'S980602A.BSP', 'S980928A.BSP', 'NULL'})","VICAR programs run: SSIMERGE,CATLABEL,BADLABELS.",REDR,3.084,1.958,3.453,SKEWED,"frozenset({600, 201, 800, 1})",1.0
C0449968480R,33.638889267856,-33.638889267856,956252.70521734,858767.2041191,1019796.56704432,826608.4259790296,144.9236593105498,31.500471434234388,142.59280457517949,30.320854109187266,FIXED_LENGTH,1000,809,"['C0449968480R.IMG', 1]","['C0449968480R.IMG', 3]","['C0449968480R.IMG', 5]","['C0449968480R.IMG', 10]","['C0449968480R.IMG', 10]",GO-J/JSA-SSI-2-REDR-V1.0,GALILEO ORBITER,SOLID STATE IMAGING SYSTEM,1,04499684.80,1998-05-31 21:17:47.550000+00:00,15E0077,15,15ESRELIEF02,EUROPA,-000T05:17:14Z,000T00:04:46Z,NOT APPLICABLE,CLEAR,0,6.25,100K,8.667,ON,NORMAL,OFF,NOT INVERTED,N,HUFFMAN,4.586,IM8,NOT POSSIBLE,N/A,WEST,4478.666,678459.1,13.477,109.583,17229.717,22517.883,37.268,288.826,135.47,37.625,12.322,270.189,UNK,UNK,47.3164,42.159,3325.51,745331000.0,1.636,152.593,125.473,30.616,51.003,55.858,189.361,30.861,142.955,400.0,400.0,1565.0,1565.0,1565.0,N/A,N/A,N/A,N/A,N/A,N/A,N/A,N/A,N/A,LSB_UNSIGNED_INTEGER,"frozenset({'N/A', 'MIPS_NEAR.CK', 'S980602A.BSP', 'S980928A.BSP', 'NULL'})","VICAR programs run: SSIMERGE,CATLABEL,BADLABELS.",REDR,1.547,1.533,1.572,UNIFORM,"frozenset({200, 1, 800})",2.0
C0449974200R,229.41698195468,-229.41698195468,2777780.8175073,112184.90417584,2978750.0936995996,-77772.35688263504,78.1081195546941,4.115058600739563,70.73635813496442,-2.852770686402182,FIXED_LENGTH,1000,807,"['C0449974200R.IMG', 1]","['C0449974200R.IMG', 3]","['C0449974200R.IMG', 5]","['C0449974200R.IMG', 8]","['C0449974200R.IMG', 8]",GO-J/JSA-SSI-2-REDR-V1.0,GALILEO ORBITER,SOLID STATE IMAGING SYSTEM,1,04499742.00,1998-05-31 22:15:34.218000+00:00,15E0080,15,15ESREGMAP02,EUROPA,-000T04:19:27Z,000T01:02:33Z,NOT APPLICABLE,CLEAR,0,12.5,100K,8.667,ON,NORMAL,OFF,NOT INVERTED,N,INTEGER COSINE TRANSFORM,6.045,IM8,NOT POSSIBLE,N/A,WEST,24106.08,663741.9,1.946,57.529,176.162,2377.649,353.543,275.049,91.15,83.042,22.986,266.92,UNK,UNK,241.902,229.745,22613.9,745308000.0,1.636,156.66,179.19,82.166,18.131,100.218,261.921,0.864,74.474,400.0,400.0,1565.0,1565.0,1565.0,N/A,N/A,N/A,N/A,N/A,N/A,N/A,N/A,N/A,LSB_UNSIGNED_INTEGER,"frozenset({'N/A', 'MIPS_NEAR.CK', 'S980602A.BSP', 'S980928A.BSP', 'NULL'})","VICAR programs run: SSIMERGE,CATLABEL,BADLABELS.",REDR,2.896,2.635,3.174,SKEWED,"frozenset({800, 1})",0.0
C0449974213R,230.48603625163,-230.48603625163,2593659.3659396,120313.71092335,2805015.061182345,-69837.26898424474,84.86188529902931,4.413231660348902,77.10913925968069,-2.5617034350301595,FIXED_LENGTH,1000,808,"['C0449974213R.IMG', 1]","['C0449974213R.IMG', 3]","['C0449974213R.IMG', 5]","['C0449974213R.IMG', 9]","['C0449974213R.IMG', 9]",GO-J/JSA-SSI-2-REDR-V1.0,GALILEO ORBITER,SOLID STATE IMAGING SYSTEM,1,04499742.13,1998-05-31 22:15:42.885000+00:00,15E0081,15,15ESREGMAP02,EUROPA,-000T04:19:19Z,000T01:02:41Z,NOT APPLICABLE,CLEAR,0,12.5,100K,8.667,ON,NORMAL,OFF,NOT INVERTED,N,INTEGER COSINE TRANSFORM,6.148,IM8,NOT POSSIBLE,N/A,WEST,24159.95,663708.4,1.94,57.518,191.018,3095.114,355.566,274.837,90.74,83.516,23.037,266.932,UNK,UNK,255.161,230.935,22733.2,745308000.0,1.636,156.671,179.378,75.643,25.058,100.657,255.331,1.214,81.002,400.0,400.0,1565.0,1565.0,1565.0,N/A,N/A,N/A,N/A,N/A,N/A,N/A,N/A,N/A,LSB_UNSIGNED_INTEGER,"frozenset({'N/A', 'MIPS_NEAR.CK', 'S980602A.BSP', 'S980928A.BSP', 'NULL'})","VICAR programs run: SSIMERGE,CATLABEL,BADLABELS.",REDR,3.099,2.609,3.705,SKEWED,"frozenset({800, 1})",0.0
C0449974214R,230.48603625163,-230.48603625163,2593659.3659396,120313.71092335,2805015.061182345,-69837.26898424474,84.86188529902931,4.413231660348902,77.10913925968069,-2.5617034350301595,FIXED_LENGTH,1000,810,"['C0449974214R.IMG', 1]","['C0449974214R.IMG', 3]","['C0449974214R.IMG', 5]","['C0449974214R.IMG', 11]","['C0449974214R.IMG', 11]",GO-J/JSA-SSI-2-REDR-V1.0,GALILEO ORBITER,SOLID STATE IMAGING SYSTEM,1,04499742.14,1998-05-31 22:15:42.885000+00:00,15E0081,15,15ESREGMAP02,EUROPA,-000T04:19:19Z,000T01:02:41Z,NOT APPLICABLE,CLEAR,0,12.5,100K,8.667,ON,NORMAL,OFF,NOT INVERTED,N,INTEGER COSINE TRANSFORM,6.042,IM8,NOT POSSIBLE,N/A,WEST,24159.95,663708.4,1.94,57.518,191.018,3095.114,355.566,274.837,90.74,83.516,23.037,266.932,UNK,UNK,255.161,230.935,22733.2,745308000.0,1.636,156.671,179.378,75.643,25.058,100.657,255.331,1.214,81.002,400.0,400.0,1565.0,1565.0,1565.0,N/A,N/A,N/A,N/A,N/A,N/A,N/A,N/A,N/A,LSB_UNSIGNED_INTEGER,"frozenset({'N/A', 'MIPS_NEAR.CK', 'S980602A.BSP', 'S980928A.BSP', 'NULL'})","VICAR programs run: SSIMERGE,CATLABEL,BADLABELS.",REDR,2.965,2.914,3.01,SKEWED,"frozenset({24, 601, 800, 1})",1.0
C0449974226R,230.52766906421,-230.52766906421,2778549.9952309,281013.22858927,2975881.679949864,88983.68025878305,78.07990531829347,10.307856584833685,70.84157452533391,3.2640136519653327,FIXED_LENGTH,1000,807,"['C0449974226R.IMG', 1]","['C0449974226R.IMG', 3]","['C0449974226R.IMG', 5]","['C0449974226R.IMG', 8]","['C0449974226R.IMG', 8]",GO-J/JSA-SSI-2-REDR-V1.0,GALILEO ORBITER,SOLID STATE IMAGING SYSTEM,1,04499742.26,1998-05-31 22:15:51.551000+00:00,15E0082,15,15ESREGMAP02,EUROPA,-000T04:19:10Z,000T01:02:50Z,NOT APPLICABLE,CLEAR,0,12.5,100K,8.667,ON,NORMAL,OFF,NOT INVERTED,N,INTEGER COSINE TRANSFORM,6.012,IM8,NOT POSSIBLE,N/A,WEST,24213.81,663674.9,1.934,57.506,903.073,2395.368,14.151,275.029,91.114,83.06,23.421,266.933,UNK,UNK,242.639,231.548,22727.5,745308000.0,1.636,156.681,178.166,82.059,18.856,100.265,261.922,6.992,74.483,400.0,400.0,1565.0,1565.0,1565.0,N/A,N/A,N/A,N/A,N/A,N/A,N/A,N/A,N/A,LSB_UNSIGNED_INTEGER,"frozenset({'N/A', 'MIPS_NEAR.CK', 'S980602A.BSP', 'S980928A.BSP', 'NULL'})","VICAR programs run: SSIMERGE,CATLABEL,BADLABELS.",REDR,2.967,2.637,3.3,SKEWED,"frozenset({800, 1})",0.0
C0449974239R,231.61210774774,-231.61210774774,2588265.304081,289051.91046918,2798337.4858082,96582.24893080804,85.0597450806748,10.602723770856176,77.35407964784905,3.542737029204359,FIXED_LENGTH,1000,807,"['C0449974239R.IMG', 1]","['C0449974239R.IMG', 3]","['C0449974239R.IMG', 5]","['C0449974239R.IMG', 8]","['C0449974239R.IMG', 8]",GO-J/JSA-SSI-2-REDR-V1.0,GALILEO ORBITER,SOLID STATE IMAGING SYSTEM,1,04499742.39,1998-05-31 22:16:00.218000+00:00,15E0083,15,15ESREGMAP02,EUROPA,-000T04:19:01Z,000T01:02:59Z,NOT APPLICABLE,CLEAR,0,12.5,100K,8.667,ON,NORMAL,OFF,NOT INVERTED,N,INTEGER COSINE TRANSFORM,6.196,IM8,NOT POSSIBLE,N/A,WEST,24267.68,663641.4,1.929,57.495,913.513,3117.41,10.701,274.806,90.695,83.539,23.469,266.953,UNK,UNK,257.291,232.919,22849.1,745308000.0,1.636,156.691,177.449,75.442,25.799,100.706,255.343,7.337,81.161,400.0,400.0,1565.0,1565.0,1565.0,N/A,N/A,N/A,N/A,N/A,N/A,N/A,N/A,N/A,LSB_UNSIGNED_INTEGER,"frozenset({'N/A', 'MIPS_NEAR.CK', 'S980602A.BSP', 'S980928A.BSP', 'NULL'})","VICAR programs run: SSIMERGE,CATLABEL,BADLABELS.",REDR,3.017,2.111,3.289,SKEWED,"frozenset({800, 1})",0.0
C0449974252R,231.75985749569,-231.75985749569,2765126.8597811,453554.04111907,2972088.412524751,256558.16224773353,78.57227984396951,16.636832482218765,70.98071550742318,9.41081939592045,FIXED_LENGTH,1000,807,"['C0449974252R.IMG', 1]","['C0449974252R.IMG', 3]","['C0449974252R.IMG', 5]","['C0449974252R.IMG', 8]","['C0449974252R.IMG', 8]",GO-J/JSA-SSI-2-REDR-V1.0,GALILEO ORBITER,SOLID STATE IMAGING SYSTEM,1,04499742.52,1998-05-31 22:16:08.885000+00:00,15E0084,15,15ESREGMAP02,EUROPA,-000T04:18:53Z,000T01:03:07Z,NOT APPLICABLE,CLEAR,0,12.5,100K,8.667,ON,NORMAL,OFF,NOT INVERTED,N,INTEGER COSINE TRANSFORM,6.085,IM8,NOT POSSIBLE,N/A,WEST,24321.55,663607.9,1.923,57.483,1622.718,2406.891,31.352,275.073,91.055,83.073,23.853,266.882,UNK,UNK,245.346,237.07,22861.1,745308000.0,1.636,156.701,177.037,81.888,21.759,100.306,261.927,13.203,74.65,400.0,400.0,1565.0,1565.0,1565.0,N/A,N/A,N/A,N/A,N/A,N/A,N/A,N/A,N/A,LSB_UNSIGNED_INTEGER,"frozenset({'N/A', 'MIPS_NEAR.CK', 'S980602A.BSP', 'S980928A.BSP', 'NULL'})","VICAR programs run: SSIMERGE,CATLABEL,BADLABELS.",REDR,2.879,2.643,3.242,SKEWED,"frozenset({800, 1})",0.0
C0449974253R,231.75985749569,-231.75985749569,2765126.8597811,453554.04111907,2972088.412524751,256558.16224773353,78.57227984396951,16.636832482218765,70.98071550742318,9.41081939592045,FIXED_LENGTH,1000,808,"['C0449974253R.IMG', 1]","['C0449974253R.IMG', 3]","['C0449974253R.IMG', 5]","['C0449974253R.IMG', 9]","['C0449974253R.IMG', 9]",GO-J/JSA-SSI-2-REDR-V1.0,GALILEO ORBITER,SOLID STATE IMAGING SYSTEM,1,04499742.53,1998-05-31 22:16:08.885000+00:00,15E0084,15,15ESREGMAP02,EUROPA,-000T04:18:53Z,000T01:03:07Z,NOT APPLICABLE,CLEAR,0,12.5,100K,8.667,ON,NORMAL,OFF,NOT INVERTED,N,HUFFMAN,6.087,IM8,NOT POSSIBLE,N/A,WEST,24321.55,663607.9,1.923,57.483,1622.718,2406.891,31.352,275.073,91.055,83.073,23.853,266.882,UNK,UNK,245.346,237.07,22861.1,745308000.0,1.636,156.701,177.037,81.888,21.759,100.306,261.927,13.203,74.65,400.0,400.0,1565.0,1565.0,1565.0,N/A,N/A,N/A,N/A,N/A,N/A,N/A,N/A,N/A,LSB_UNSIGNED_INTEGER,"frozenset({'N/A', 'MIPS_NEAR.CK', 'S980602A.BSP', 'S980928A.BSP', 'NULL'})","VICAR programs run: SSIMERGE,CATLABEL,BADLABELS.",REDR,1.253,1.245,1.296,UNIFORM,"frozenset({400, 401, 800, 1})",1.0
C0449974265R,232.85641338389,-232.85641338389,2568871.9524511,464781.40111424,2794742.6734334733,266853.4497379335,85.77111332587738,17.048663687594733,77.48594109292796,9.788461215422558,FIXED_LENGTH,1000,807,"['C0449974265R.IMG', 1]","['C0449974265R.IMG', 3]","['C0449974265R.IMG', 5]","['C0449974265R.IMG', 8]","['C0449974265R.IMG', 8]",GO-J/JSA-SSI-2-REDR-V1.0,GALILEO ORBITER,SOLID STATE IMAGING SYSTEM,1,04499742.65,1998-05-31 22:16:17.551000+00:00,15E0085,15,15ESREGMAP02,EUROPA,-000T04:18:44Z,000T01:03:16Z,NOT APPLICABLE,CLEAR,0,12.5,100K,8.667,ON,NORMAL,OFF,NOT INVERTED,N,INTEGER COSINE TRANSFORM,6.308,IM8,NOT POSSIBLE,N/A,WEST,24375.42,663574.4,1.917,57.472,1638.708,3121.145,24.476,274.893,90.638,83.548,23.904,266.861,UNK,UNK,260.239,239.065,22984.9,745308000.0,1.636,156.711,175.327,75.287,28.202,100.742,255.096,13.657,81.457,400.0,400.0,1565.0,1565.0,1565.0,N/A,N/A,N/A,N/A,N/A,N/A,N/A,N/A,N/A,LSB_UNSIGNED_INTEGER,"frozenset({'N/A', 'MIPS_NEAR.CK', 'S980602A.BSP', 'S980928A.BSP', 'NULL'})","VICAR programs run: SSIMERGE,CATLABEL,BADLABELS.",REDR,2.929,1.991,3.2,SKEWED,"frozenset({800, 1})",0.0
C0449974266R,232.85641338389,-232.85641338389,2568871.9524511,464781.40111424,2794742.6734334733,266853.4497379335,85.77111332587738,17.048663687594733,77.48594109292796,9.788461215422558,FIXED_LENGTH,1000,810,"['C0449974266R.IMG', 1]","['C0449974266R.IMG', 3]","['C0449974266R.IMG', 5]","['C0449974266R.IMG', 11]","['C0449974266R.IMG', 11]",GO-J/JSA-SSI-2-REDR-V1.0,GALILEO ORBITER,SOLID STATE IMAGING SYSTEM,1,04499742.66,1998-05-31 22:16:17.551000+00:00,15E0085,15,15ESREGMAP02,EUROPA,-000T04:18:44Z,000T01:03:16Z,NOT APPLICABLE,CLEAR,0,12.5,100K,8.667,ON,NORMAL,OFF,NOT INVERTED,N,INTEGER COSINE TRANSFORM,6.193,IM8,NOT POSSIBLE,N/A,WEST,24375.42,663574.4,1.917,57.472,1638.708,3121.145,24.476,274.893,90.637,83.548,23.904,266.861,UNK,UNK,260.239,239.065,22984.9,745308000.0,1.636,156.711,175.327,75.287,28.202,100.742,255.096,13.657,81.457,400.0,400.0,1565.0,1565.0,1565.0,N/A,N/A,N/A,N/A,N/A,N/A,N/A,N/A,N/A,LSB_UNSIGNED_INTEGER,"frozenset({'N/A', 'MIPS_NEAR.CK', 'S980602A.BSP', 'S980928A.BSP', 'NULL'})","VICAR programs run: SSIMERGE,CATLABEL,BADLABELS.",REDR,1.013,1.0,1.025,SKEWED,"frozenset({48, 89, 800, 1})",1.0
C0449974267R,232.85641338389,-232.85641338389,2568871.9524511,464781.40111424,2794742.6734334733,266853.4497379335,85.77111332587738,17.048663687594733,77.48594109292796,9.788461215422558,FIXED_LENGTH,1000,808,"['C0449974267R.IMG', 1]","['C0449974267R.IMG', 3]","['C0449974267R.IMG', 5]","['C0449974267R.IMG', 9]","['C0449974267R.IMG', 9]",GO-J/JSA-SSI-2-REDR-V1.0,GALILEO ORBITER,SOLID STATE IMAGING SYSTEM,1,04499742.67,1998-05-31 22:16:17.551000+00:00,15E0085,15,15ESREGMAP02,EUROPA,-000T04:18:44Z,000T01:03:16Z,NOT APPLICABLE,CLEAR,0,12.5,100K,8.667,ON,NORMAL,OFF,NOT INVERTED,N,HUFFMAN,6.324,IM8,NOT POSSIBLE,N/A,WEST,24375.42,663574.4,1.917,57.472,1638.708,3121.145,24.476,274.893,90.633,83.548,23.904,266.861,UNK,UNK,260.239,239.065,22984.9,745308000.0,1.636,156.711,175.327,75.287,28.202,100.742,255.096,13.657,81.457,400.0,400.0,1565.0,1565.0,1565.0,N/A,N/A,N/A,N/A,N/A,N/A,N/A,N/A,N/A,LSB_UNSIGNED_INTEGER,"frozenset({'N/A', 'MIPS_NEAR.CK', 'S980602A.BSP', 'S980928A.BSP', 'NULL'})","VICAR programs run: SSIMERGE,CATLABEL,BADLABELS.",REDR,1.25,1.174,1.23,UNIFORM,"frozenset({400, 401, 800, 1})",2.0
C0449974278R,233.19820772851,-233.19820772851,2743810.1121336,634532.32322928,2968613.1843838836,429084.7022204626,79.35420024931344,23.275303511951797,71.10819047881678,15.739271761114091,FIXED_LENGTH,1000,807,"['C0449974278R.IMG', 1]","['C0449974278R.IMG', 3]","['C0449974278R.IMG', 5]","['C0449974278R.IMG', 8]","['C0449974278R.IMG', 8]",GO-J/JSA-SSI-2-REDR-V1.0,GALILEO ORBITER,SOLID STATE IMAGING SYSTEM,1,04499742.78,1998-05-31 22:16:26.218000+00:00,15E0086,15,15ESREGMAP02,EUROPA,-000T04:18:35Z,000T01:03:25Z,NOT APPLICABLE,CLEAR,0,12.5,100K,8.667,ON,NORMAL,OFF,NOT INVERTED,N,INTEGER COSINE TRANSFORM,6.063,IM8,NOT POSSIBLE,N/A,WEST,24429.3,663541.0,1.912,57.46,2346.845,2408.443,44.108,275.061,91.017,83.08,24.285,266.891,UNK,UNK,247.577,247.135,23016.4,745308000.0,1.636,156.721,175.893,81.659,26.304,100.341,261.762,19.66,74.995,400.0,400.0,1565.0,1565.0,1565.0,N/A,N/A,N/A,N/A,N/A,N/A,N/A,N/A,N/A,LSB_UNSIGNED_INTEGER,"frozenset({'N/A', 'MIPS_NEAR.CK', 'S980602A.BSP', 'S980928A.BSP', 'NULL'})","VICAR programs run: SSIMERGE,CATLABEL,BADLABELS.",REDR,2.997,2.711,3.317,SKEWED,"frozenset({800, 1})",0.0
C0449974279R,233.19820772851,-233.19820772851,2743810.1121336,634532.32322928,2968613.1843838836,429084.7022204626,79.35420024931344,23.275303511951797,71.10819047881678,15.739271761114091,FIXED_LENGTH,1000,807,"['C0449974279R.IMG', 1]","['C0449974279R.IMG', 3]","['C0449974279R.IMG', 5]","['C0449974279R.IMG', 8]","['C0449974279R.IMG', 8]",GO-J/JSA-SSI-2-REDR-V1.0,GALILEO ORBITER,SOLID STATE IMAGING SYSTEM,1,04499742.79,1998-05-31 22:16:26.218000+00:00,15E0086,15,15ESREGMAP02,EUROPA,-000T04:18:35Z,000T01:03:25Z,NOT APPLICABLE,CLEAR,0,12.5,100K,8.667,ON,NORMAL,OFF,NOT INVERTED,N,HUFFMAN,6.016,IM8,NOT POSSIBLE,N/A,WEST,24429.3,663541.0,1.912,57.46,2346.845,2408.443,44.108,275.061,91.021,83.08,24.285,266.891,UNK,UNK,247.577,247.135,23016.4,745308000.0,1.636,156.721,175.893,81.659,26.304,100.341,261.762,19.66,74.995,400.0,400.0,1565.0,1565.0,1565.0,N/A,N/A,N/A,N/A,N/A,N/A,N/A,N/A,N/A,LSB_UNSIGNED_INTEGER,"frozenset({'N/A', 'MIPS_NEAR.CK', 'S980602A.BSP', 'S980928A.BSP', 'NULL'})","VICAR programs run: SSIMERGE,CATLABEL,BADLABELS.",REDR,1.311,1.26,1.311,UNIFORM,"frozenset({400, 1, 800})",1.0
C0449974300R,234.33042962177,-234.33042962177,2531471.631204,646751.98575609,2782205.1908992943,439838.2164000671,87.14299588662789,23.72353340302759,77.94582895139622,16.133721810682225,FIXED_LENGTH,1000,807,"['C0449974300R.IMG', 1]","['C0449974300R.IMG', 3]","['C0449974300R.IMG', 5]","['C0449974300R.IMG', 8]","['C0449974300R.IMG', 8]",GO-J/JSA-SSI-2-REDR-V1.0,GALILEO ORBITER,SOLID STATE IMAGING SYSTEM,1,04499743.00,1998-05-31 22:16:34.885000+00:00,15E0087,15,15ESREGMAP02,EUROPA,-000T04:18:27Z,000T01:03:33Z,NOT APPLICABLE,CLEAR,0,12.5,100K,8.667,ON,NORMAL,OFF,NOT INVERTED,N,INTEGER COSINE TRANSFORM,6.211,IM8,NOT POSSIBLE,N/A,WEST,24483.18,663507.6,1.906,57.449,2359.124,3133.778,35.627,274.894,90.584,83.563,24.335,266.854,UNK,UNK,264.012,250.359,23145.6,745308000.0,1.636,156.732,173.158,74.883,32.269,100.783,254.551,20.144,82.243,400.0,400.0,1565.0,1565.0,1565.0,N/A,N/A,N/A,N/A,N/A,N/A,N/A,N/A,N/A,LSB_UNSIGNED_INTEGER,"frozenset({'N/A', 'MIPS_NEAR.CK', 'S980602A.BSP', 'S980928A.BSP', 'NULL'})","VICAR programs run: SSIMERGE,CATLABEL,BADLABELS.",REDR,3.154,2.289,3.332,SKEWED,"frozenset({800, 1})",0.0
C0449974301R,234.33042962177,-234.33042962177,2531471.631204,646751.98575609,2782205.1908992943,439838.2164000671,87.14299588662789,23.72353340302759,77.94582895139622,16.133721810682225,FIXED_LENGTH,1000,807,"['C0449974301R.IMG', 1]","['C0449974301R.IMG', 3]","['C0449974301R.IMG', 5]","['C0449974301R.IMG', 8]","['C0449974301R.IMG', 8]",GO-J/JSA-SSI-2-REDR-V1.0,GALILEO ORBITER,SOLID STATE IMAGING SYSTEM,1,04499743.01,1998-05-31 22:16:34.885000+00:00,15E0087,15,15ESREGMAP02,EUROPA,-000T04:18:27Z,000T01:03:33Z,NOT APPLICABLE,CLEAR,0,12.5,100K,8.667,ON,NORMAL,OFF,NOT INVERTED,N,HUFFMAN,6.182,IM8,NOT POSSIBLE,N/A,WEST,24483.18,663507.6,1.906,57.449,2359.124,3133.778,35.627,274.894,90.584,83.563,24.335,266.854,UNK,UNK,264.012,250.359,23145.6,745308000.0,1.636,156.732,173.158,74.883,32.269,100.783,254.551,20.144,82.243,400.0,400.0,1565.0,1565.0,1565.0,N/A,N/A,N/A,N/A,N/A,N/A,N/A,N/A,N/A,LSB_UNSIGNED_INTEGER,"frozenset({'N/A', 'MIPS_NEAR.CK', 'S980602A.BSP', 'S980928A.BSP', 'NULL'})","VICAR programs run: SSIMERGE,CATLABEL,BADLABELS.",REDR,1.292,1.177,1.301,UNIFORM,"frozenset({400, 1, 800})",1.0
C0449974313R,234.85665186818,-234.85665186818,2714708.0389443,827869.69783533,2965534.943139516,609218.1549460544,80.42169446751299,30.367118868588445,71.22110355924274,22.346753573083202,FIXED_LENGTH,1000,808,"['C0449974313R.IMG', 1]","['C0449974313R.IMG', 3]","['C0449974313R.IMG', 5]","['C0449974313R.IMG', 9]","['C0449974313R.IMG', 9]",GO-J/JSA-SSI-2-REDR-V1.0,GALILEO ORBITER,SOLID STATE IMAGING SYSTEM,1,04499743.13,1998-05-31 22:16:43.551000+00:00,15E0088,15,15ESREGMAP02,EUROPA,-000T04:18:18Z,000T01:03:42Z,NOT APPLICABLE,CLEAR,0,12.5,100K,8.667,ON,NORMAL,OFF,NOT INVERTED,N,INTEGER COSINE TRANSFORM,6.004,IM8,NOT POSSIBLE,N/A,WEST,24537.06,663474.2,1.9,57.438,3072.114,2385.474,53.386,275.044,90.98,83.072,24.716,266.912,UNK,UNK,251.086,263.375,23195.5,745308000.0,1.636,156.742,174.723,81.485,31.98,100.361,261.528,26.472,75.442,400.0,400.0,1565.0,1565.0,1565.0,N/A,N/A,N/A,N/A,N/A,N/A,N/A,N/A,N/A,LSB_UNSIGNED_INTEGER,"frozenset({'N/A', 'MIPS_NEAR.CK', 'S980602A.BSP', 'S980928A.BSP', 'NULL'})","VICAR programs run: SSIMERGE,CATLABEL,BADLABELS.",REDR,3.132,2.802,3.386,SKEWED,"frozenset({800, 1})",0.0
C0449974314R,234.85665186818,-234.85665186818,2714708.0389443,827869.69783533,2965534.943139516,609218.1549460544,80.42169446751299,30.367118868588445,71.22110355924274,22.346753573083202,FIXED_LENGTH,1000,810,"['C0449974314R.IMG', 1]","['C0449974314R.IMG', 3]","['C0449974314R.IMG', 5]","['C0449974314R.IMG', 11]","['C0449974314R.IMG', 11]",GO-J/JSA-SSI-2-REDR-V1.0,GALILEO ORBITER,SOLID STATE IMAGING SYSTEM,1,04499743.14,1998-05-31 22:16:43.551000+00:00,15E0088,15,15ESREGMAP02,EUROPA,-000T04:18:18Z,000T01:03:42Z,NOT APPLICABLE,CLEAR,0,12.5,100K,8.667,ON,NORMAL,OFF,NOT INVERTED,N,INTEGER COSINE TRANSFORM,6.037,IM8,NOT POSSIBLE,N/A,WEST,24537.06,663474.2,1.9,57.438,3072.114,2385.474,53.386,275.044,90.98,83.072,24.716,266.912,UNK,UNK,251.086,263.375,23195.5,745308000.0,1.636,156.742,174.723,81.485,31.98,100.361,261.528,26.472,75.442,400.0,400.0,1565.0,1565.0,1565.0,N/A,N/A,N/A,N/A,N/A,N/A,N/A,N/A,N/A,LSB_UNSIGNED_INTEGER,"frozenset({'N/A', 'MIPS_NEAR.CK', 'S980602A.BSP', 'S980928A.BSP', 'NULL'})","VICAR programs run: SSIMERGE,CATLABEL,BADLABELS.",REDR,2.829,2.801,2.858,SKEWED,"frozenset({32, 649, 800, 1})",1.0
C0449974326R,236.02558322206,-236.02558322206,2478504.6494149,840251.07627053,2765983.8097793693,619567.155957904,89.08587969588633,30.821280666854292,78.54084602952997,22.726365660250675,FIXED_LENGTH,1000,807,"['C0449974326R.IMG', 1]","['C0449974326R.IMG', 3]","['C0449974326R.IMG', 5]","['C0449974326R.IMG', 8]","['C0449974326R.IMG', 8]",GO-J/JSA-SSI-2-REDR-V1.0,GALILEO ORBITER,SOLID STATE IMAGING SYSTEM,1,04499743.26,1998-05-31 22:16:52.218000+00:00,15E0089,15,15ESREGMAP02,EUROPA,-000T04:18:09Z,000T01:03:51Z,NOT APPLICABLE,CLEAR,0,12.5,100K,8.667,ON,NORMAL,OFF,NOT INVERTED,N,INTEGER COSINE TRANSFORM,6.137,IM8,NOT POSSIBLE,N/A,WEST,24590.95,663440.8,1.895,57.427,3076.5,3123.677,44.5,274.879,90.55,83.564,24.762,266.869,UNK,UNK,270.075,268.948,23330.7,745308000.0,1.636,156.752,170.926,74.502,37.499,100.81,253.76,26.954,83.332,400.0,400.0,1565.0,1565.0,1565.0,N/A,N/A,N/A,N/A,N/A,N/A,N/A,N/A,N/A,LSB_UNSIGNED_INTEGER,"frozenset({'N/A', 'MIPS_NEAR.CK', 'S980602A.BSP', 'S980928A.BSP', 'NULL'})","VICAR programs run: SSIMERGE,CATLABEL,BADLABELS.",REDR,3.073,2.003,3.501,SKEWED,"frozenset({800, 1})",0.0
C0449974339R,236.77189118067,-236.77189118067,2665814.7228032,1038007.9709361,2957754.464628966,798631.5889524426,82.21515199714415,38.07520860152161,71.50649957796664,29.294634720103552,FIXED_LENGTH,1000,807,"['C0449974339R.IMG', 1]","['C0449974339R.IMG', 3]","['C0449974339R.IMG', 5]","['C0449974339R.IMG', 8]","['C0449974339R.IMG', 8]",GO-J/JSA-SSI-2-REDR-V1.0,GALILEO ORBITER,SOLID STATE IMAGING SYSTEM,1,04499743.39,1998-05-31 22:17:00.885000+00:00,15E0090,15,15ESREGMAP02,EUROPA,-000T04:18:01Z,000T01:03:59Z,NOT APPLICABLE,CLEAR,0,12.5,100K,8.667,ON,NORMAL,OFF,NOT INVERTED,N,INTEGER COSINE TRANSFORM,5.837,IM8,NOT POSSIBLE,N/A,WEST,24644.84,663407.4,1.889,57.416,3788.843,2354.168,60.03,275.044,90.943,83.057,25.141,266.917,UNK,UNK,256.241,289.127,23403.5,745308000.0,1.636,156.762,173.438,81.2,38.679,100.375,260.846,33.745,76.258,400.0,400.0,1565.0,1565.0,1565.0,N/A,N/A,N/A,N/A,N/A,N/A,N/A,N/A,N/A,LSB_UNSIGNED_INTEGER,"frozenset({'N/A', 'MIPS_NEAR.CK', 'S980602A.BSP', 'S980928A.BSP', 'NULL'})","VICAR programs run: SSIMERGE,CATLABEL,BADLABELS.",REDR,3.272,2.83,4.067,SKEWED,"frozenset({800, 1})",0.0
C0449974352R,237.96994622648,-237.96994622648,2401592.6973176,1053968.8918371,2748076.9390233546,811239.5466860904,91.90708984267744,38.66067172877477,79.1976886150651,29.757107681958445,FIXED_LENGTH,1000,807,"['C0449974352R.IMG', 1]","['C0449974352R.IMG', 3]","['C0449974352R.IMG', 5]","['C0449974352R.IMG', 8]","['C0449974352R.IMG', 8]",GO-J/JSA-SSI-2-REDR-V1.0,GALILEO ORBITER,SOLID STATE IMAGING SYSTEM,1,04499743.52,1998-05-31 22:17:09.551000+00:00,15E0091,15,15ESREGMAP02,EUROPA,-000T04:17:52Z,000T01:04:08Z,NOT APPLICABLE,CLEAR,0,12.5,100K,8.667,ON,NORMAL,OFF,NOT INVERTED,N,INTEGER COSINE TRANSFORM,6.129,IM8,NOT POSSIBLE,N/A,WEST,24698.73,663374.1,1.884,57.405,3796.027,3073.394,51.79,274.873,90.524,83.539,25.188,266.885,UNK,UNK,277.897,299.328,23544.8,745308000.0,1.636,156.772,168.721,74.279,43.778,100.813,252.514,34.327,84.755,400.0,400.0,1565.0,1565.0,1565.0,N/A,N/A,N/A,N/A,N/A,N/A,N/A,N/A,N/A,LSB_UNSIGNED_INTEGER,"frozenset({'N/A', 'MIPS_NEAR.CK', 'S980602A.BSP', 'S980928A.BSP', 'NULL'})","VICAR programs run: SSIMERGE,CATLABEL,BADLABELS.",REDR,3.013,2.131,3.372,SKEWED,"frozenset({800, 1})",0.0
C0449974365R,238.88125575908,-238.88125575908,2637249.0635802,1270609.3993825,2987687.8657787703,998762.5303286669,83.26296999489503,46.60727016278469,70.4085113882382,36.635645149577144,FIXED_LENGTH,1000,810,"['C0449974365R.IMG', 1]","['C0449974365R.IMG', 3]","['C0449974365R.IMG', 5]","['C0449974365R.IMG', 11]","['C0449974365R.IMG', 11]",GO-J/JSA-SSI-2-REDR-V1.0,GALILEO ORBITER,SOLID STATE IMAGING SYSTEM,1,04499743.65,1998-05-31 22:17:18.218000+00:00,15E0092,15,15ESREGMAP02,EUROPA,-000T04:17:43Z,000T01:04:17Z,NOT APPLICABLE,CLEAR,0,12.5,100K,8.667,ON,NORMAL,OFF,NOT INVERTED,N,INTEGER COSINE TRANSFORM,5.598,IM8,NOT POSSIBLE,N/A,WEST,24752.63,663340.8,1.878,57.395,4487.421,2171.37,66.57,275.129,91.013,82.944,25.549,266.881,UNK,UNK,258.893,328.96,23632.4,745308000.0,1.636,156.782,172.97,82.131,45.613,100.298,261.54,41.563,75.857,400.0,400.0,1565.0,1565.0,1565.0,N/A,N/A,N/A,N/A,N/A,N/A,N/A,N/A,N/A,LSB_UNSIGNED_INTEGER,"frozenset({'N/A', 'MIPS_NEAR.CK', 'S980602A.BSP', 'S980928A.BSP', 'NULL'})","VICAR programs run: SSIMERGE,CATLABEL,BADLABELS.",REDR,3.402,2.458,3.755,SKEWED,"frozenset({80, 721, 800, 1})",0.0
C0449974366R,238.88125575908,-238.88125575908,2637249.0635802,1270609.3993825,2987687.8657787703,998762.5303286669,83.26296999489503,46.60727016278469,70.4085113882382,36.635645149577144,FIXED_LENGTH,1000,808,"['C0449974366R.IMG', 1]","['C0449974366R.IMG', 3]","['C0449974366R.IMG', 5]","['C0449974366R.IMG', 9]","['C0449974366R.IMG', 9]",GO-J/JSA-SSI-2-REDR-V1.0,GALILEO ORBITER,SOLID STATE IMAGING SYSTEM,1,04499743.66,1998-05-31 22:17:18.218000+00:00,15E0092,15,15ESREGMAP02,EUROPA,-000T04:17:43Z,000T01:04:17Z,NOT APPLICABLE,CLEAR,0,12.5,100K,8.667,ON,NORMAL,OFF,NOT INVERTED,N,INTEGER COSINE TRANSFORM,5.562,IM8,NOT POSSIBLE,N/A,WEST,24752.63,663340.8,1.878,57.395,4487.421,2171.37,66.57,275.129,91.012,82.944,25.549,266.881,UNK,UNK,258.893,328.96,23632.4,745308000.0,1.636,156.782,172.97,82.131,45.613,100.298,261.54,41.563,75.857,400.0,400.0,1565.0,1565.0,1565.0,N/A,N/A,N/A,N/A,N/A,N/A,N/A,N/A,N/A,LSB_UNSIGNED_INTEGER,"frozenset({'N/A', 'MIPS_NEAR.CK', 'S980602A.BSP', 'S980928A.BSP', 'NULL'})","VICAR programs run: SSIMERGE,CATLABEL,BADLABELS.",REDR,3.29,2.971,3.66,SKEWED,"frozenset({720, 1, 800})",1.0
C0449974367R,238.88125575908,-238.88125575908,2637249.0635802,1270609.3993825,2987687.8657787703,998762.5303286669,83.26296999489503,46.60727016278469,70.4085113882382,36.635645149577144,FIXED_LENGTH,1000,807,"['C0449974367R.IMG', 1]","['C0449974367R.IMG', 3]","['C0449974367R.IMG', 5]","['C0449974367R.IMG', 8]","['C0449974367R.IMG', 8]",GO-J/JSA-SSI-2-REDR-V1.0,GALILEO ORBITER,SOLID STATE IMAGING SYSTEM,1,04499743.67,1998-05-31 22:17:18.218000+00:00,15E0092,15,15ESREGMAP02,EUROPA,-000T04:17:43Z,000T01:04:17Z,NOT APPLICABLE,CLEAR,0,12.5,100K,8.667,ON,NORMAL,OFF,NOT INVERTED,N,HUFFMAN,5.485,IM8,NOT POSSIBLE,N/A,WEST,24752.63,663340.8,1.878,57.395,4487.421,2171.37,66.57,275.129,91.009,82.944,25.549,266.881,UNK,UNK,258.893,328.96,23632.4,745308000.0,1.636,156.782,172.97,82.131,45.613,100.298,261.54,41.563,75.857,400.0,400.0,1565.0,1565.0,1565.0,N/A,N/A,N/A,N/A,N/A,N/A,N/A,N/A,N/A,LSB_UNSIGNED_INTEGER,"frozenset({'N/A', 'MIPS_NEAR.CK', 'S980602A.BSP', 'S980928A.BSP', 'NULL'})","VICAR programs run: SSIMERGE,CATLABEL,BADLABELS.",REDR,1.434,1.354,1.459,UNIFORM,"frozenset({400, 1, 800})",2.0
C0449974378R,240.13922108238,-240.13922108238,2309659.0283703,1300594.0213822,2755117.2834781148,1021552.2464844745,95.27931213834529,47.70713718639412,78.93944148089348,37.4715955670092,FIXED_LENGTH,1000,807,"['C0449974378R.IMG', 1]","['C0449974378R.IMG', 3]","['C0449974378R.IMG', 5]","['C0449974378R.IMG', 8]","['C0449974378R.IMG', 8]",GO-J/JSA-SSI-2-REDR-V1.0,GALILEO ORBITER,SOLID STATE IMAGING SYSTEM,1,04499743.78,1998-05-31 22:17:26.885000+00:00,15E0093,15,15ESREGMAP02,EUROPA,-000T04:17:35Z,000T01:04:25Z,NOT APPLICABLE,CLEAR,0,12.5,100K,8.667,ON,NORMAL,OFF,NOT INVERTED,N,INTEGER COSINE TRANSFORM,6.043,IM8,NOT POSSIBLE,N/A,WEST,24806.53,663307.4,1.873,57.384,4521.169,2891.423,58.845,274.93,90.58,83.427,25.611,266.876,UNK,UNK,286.105,349.571,23785.9,745308000.0,1.636,156.793,167.334,75.077,50.722,100.737,251.997,42.582,85.675,400.0,400.0,1565.0,1565.0,1565.0,N/A,N/A,N/A,N/A,N/A,N/A,N/A,N/A,N/A,LSB_UNSIGNED_INTEGER,"frozenset({'N/A', 'MIPS_NEAR.CK', 'S980602A.BSP', 'S980928A.BSP', 'NULL'})","VICAR programs run: SSIMERGE,CATLABEL,BADLABELS.",REDR,3.393,2.323,3.678,SKEWED,"frozenset({800, 1})",0.0
C0449974379R,240.13922108238,-240.13922108238,2309659.0283703,1300594.0213822,2755117.2834781148,1021552.2464844745,95.27931213834529,47.70713718639412,78.93944148089348,37.4715955670092,FIXED_LENGTH,1000,807,"['C0449974379R.IMG', 1]","['C0449974379R.IMG', 3]","['C0449974379R.IMG', 5]","['C0449974379R.IMG', 8]","['C0449974379R.IMG', 8]",GO-J/JSA-SSI-2-REDR-V1.0,GALILEO ORBITER,SOLID STATE IMAGING SYSTEM,1,04499743.79,1998-05-31 22:17:26.885000+00:00,15E0093,15,15ESREGMAP02,EUROPA,-000T04:17:35Z,000T01:04:25Z,NOT APPLICABLE,CLEAR,0,12.5,100K,8.667,ON,NORMAL,OFF,NOT INVERTED,N,HUFFMAN,5.981,IM8,NOT POSSIBLE,N/A,WEST,24806.53,663307.4,1.873,57.384,4521.169,2891.423,58.845,274.93,90.581,83.427,25.611,266.876,UNK,UNK,286.105,349.571,23785.9,745308000.0,1.636,156.793,167.334,75.077,50.722,100.737,251.997,42.582,85.675,400.0,400.0,1565.0,1565.0,1565.0,N/A,N/A,N/A,N/A,N/A,N/A,N/A,N/A,N/A,LSB_UNSIGNED_INTEGER,"frozenset({'N/A', 'MIPS_NEAR.CK', 'S980602A.BSP', 'S980928A.BSP', 'NULL'})","VICAR programs run: SSIMERGE,CATLABEL,BADLABELS.",REDR,1.289,1.254,1.322,UNIFORM,"frozenset({400, 1, 800})",1.0
C0449974400R,241.5722261974,-241.5722261974,2472974.8795828,1580365.5037834,2984141.7102164985,1241198.0982022504,89.28871738670459,57.969445233581915,70.5385880509879,45.52843314126328,FIXED_LENGTH,1000,812,"['C0449974400R.IMG', 1]","['C0449974400R.IMG', 3]","['C0449974400R.IMG', 5]","['C0449974400R.IMG', 13]","['C0449974400R.IMG', 13]",GO-J/JSA-SSI-2-REDR-V1.0,GALILEO ORBITER,SOLID STATE IMAGING SYSTEM,1,04499744.00,1998-05-31 22:17:35.551000+00:00,15E0094,15,15ESREGMAP02,EUROPA,-000T04:17:26Z,000T01:04:34Z,NOT APPLICABLE,CLEAR,0,12.5,100K,8.667,ON,NORMAL,OFF,NOT INVERTED,N,INTEGER COSINE TRANSFORM,5.587,IM8,NOT POSSIBLE,N/A,WEST,24860.43,663274.1,1.867,57.373,5232.909,2053.272,71.115,275.096,91.045,82.874,25.986,266.943,UNK,UNK,268.345,412.027,23937.1,745308000.0,1.636,156.803,171.841,81.974,55.356,100.262,260.219,51.406,77.647,400.0,400.0,1565.0,1565.0,1565.0,N/A,N/A,N/A,N/A,N/A,N/A,N/A,N/A,N/A,LSB_UNSIGNED_INTEGER,"frozenset({'N/A', 'MIPS_NEAR.CK', 'S980602A.BSP', 'S980928A.BSP', 'NULL'})","VICAR programs run: SSIMERGE,CATLABEL,BADLABELS.",REDR,3.591,3.005,4.706,SKEWED,"frozenset({800, 1, 200})",0.0
C0449974401R,241.5722261974,-241.5722261974,2472974.8795828,1580365.5037834,2984141.7102164985,1241198.0982022504,89.28871738670459,57.969445233581915,70.5385880509879,45.52843314126328,FIXED_LENGTH,1000,807,"['C0449974401R.IMG', 1]","['C0449974401R.IMG', 3]","['C0449974401R.IMG', 5]","['C0449974401R.IMG', 8]","['C0449974401R.IMG', 8]",GO-J/JSA-SSI-2-REDR-V1.0,GALILEO ORBITER,SOLID STATE IMAGING SYSTEM,1,04499744.01,1998-05-31 22:17:35.551000+00:00,15E0094,15,15ESREGMAP02,EUROPA,-000T04:17:26Z,000T01:04:34Z,NOT APPLICABLE,CLEAR,0,12.5,100K,8.667,ON,NORMAL,OFF,NOT INVERTED,N,INTEGER COSINE TRANSFORM,5.465,IM8,NOT POSSIBLE,N/A,WEST,24860.43,663274.1,1.867,57.373,5232.909,2053.272,71.115,275.096,91.043,82.874,25.986,266.943,UNK,UNK,268.345,412.027,23937.1,745308000.0,1.636,156.803,171.841,81.974,55.356,100.262,260.219,51.406,77.647,400.0,400.0,1565.0,1565.0,1565.0,N/A,N/A,N/A,N/A,N/A,N/A,N/A,N/A,N/A,LSB_UNSIGNED_INTEGER,"frozenset({'N/A', 'MIPS_NEAR.CK', 'S980602A.BSP', 'S980928A.BSP', 'NULL'})","VICAR programs run: SSIMERGE,CATLABEL,BADLABELS.",REDR,3.478,2.509,3.823,SKEWED,"frozenset({800, 1})",1.0
C0449974413R,242.88996130172,-242.88996130172,1946763.0398333,1615218.2426564,2706765.728746382,1261570.4590010955,108.59071325575758,59.24787983146568,80.7130266403199,46.275712457839205,FIXED_LENGTH,1000,807,"['C0449974413R.IMG', 1]","['C0449974413R.IMG', 3]","['C0449974413R.IMG', 5]","['C0449974413R.IMG', 8]","['C0449974413R.IMG', 8]",GO-J/JSA-SSI-2-REDR-V1.0,GALILEO ORBITER,SOLID STATE IMAGING SYSTEM,1,04499744.13,1998-05-31 22:17:44.218000+00:00,15E0095,15,15ESREGMAP02,EUROPA,-000T04:17:17Z,000T01:04:43Z,NOT APPLICABLE,CLEAR,0,12.5,100K,8.667,ON,NORMAL,OFF,NOT INVERTED,N,INTEGER COSINE TRANSFORM,5.808,IM8,NOT POSSIBLE,N/A,WEST,24914.34,663240.8,1.862,57.363,5242.739,2793.716,63.697,274.962,90.59,83.369,26.036,266.868,UNK,UNK,311.751,460.751,24110.0,745308000.0,1.636,156.813,164.947,74.563,60.672,100.709,248.382,52.431,90.366,400.0,400.0,1565.0,1565.0,1565.0,N/A,N/A,N/A,N/A,N/A,N/A,N/A,N/A,N/A,LSB_UNSIGNED_INTEGER,"frozenset({'N/A', 'MIPS_NEAR.CK', 'S980602A.BSP', 'S980928A.BSP', 'NULL'})","VICAR programs run: SSIMERGE,CATLABEL,BADLABELS.",REDR,3.45,2.21,3.801,SKEWED,"frozenset({800, 1})",0.0
C0449974426R,244.91012608404,-244.91012608404,1081523.1167871,2095695.9489011,2971494.559777637,1528729.0070165475,140.32861073128345,76.8723002654912,71.0024986419058,56.07536499441318,FIXED_LENGTH,1000,809,"['C0449974426R.IMG', 1]","['C0449974426R.IMG', 3]","['C0449974426R.IMG', 5]","['C0449974426R.IMG', 10]","['C0449974426R.IMG', 10]",GO-J/JSA-SSI-2-REDR-V1.0,GALILEO ORBITER,SOLID STATE IMAGING SYSTEM,1,04499744.26,1998-05-31 22:17:52.889000+00:00,15E0096,15,15ESREGMAP02,EUROPA,-000T04:17:09Z,000T01:04:51Z,NOT APPLICABLE,CLEAR,0,20.83,100K,8.667,ON,NORMAL,OFF,NOT INVERTED,N,INTEGER COSINE TRANSFORM,6.057,IM8,NOT POSSIBLE,N/A,WEST,24968.27,663207.5,1.857,57.353,5962.787,1864.479,78.648,274.766,91.086,82.779,26.406,267.314,UNK,UNK,257.397,461.093,24113.9,745308000.0,1.636,156.823,175.702,86.492,58.474,99.975,256.579,56.219,70.688,800.8,800.8,1565.0,1565.0,1565.0,N/A,N/A,N/A,N/A,N/A,N/A,N/A,N/A,N/A,LSB_UNSIGNED_INTEGER,"frozenset({'N/A', 'S980602A.BSP', 'MIPS_NAV.CK', 'S980928A.BSP', 'NULL'})","VICAR programs run: SSIMERGE,CATLABEL,BADLABELS.",REDR,3.493,2.495,3.175,SKEWED,"frozenset({200, 601, 800, 1})",0.0
C0449974427R,244.91012608404,-244.91012608404,1081523.1167871,2095695.9489011,2971494.559777637,1528729.0070165475,140.32861073128345,76.8723002654912,71.0024986419058,56.07536499441318,FIXED_LENGTH,1000,808,"['C0449974427R.IMG', 1]","['C0449974427R.IMG', 3]","['C0449974427R.IMG', 5]","['C0449974427R.IMG', 9]","['C0449974427R.IMG', 9]",GO-J/JSA-SSI-2-REDR-V1.0,GALILEO ORBITER,SOLID STATE IMAGING SYSTEM,1,04499744.27,1998-05-31 22:17:52.889000+00:00,15E0096,15,15ESREGMAP02,EUROPA,-000T04:17:09Z,000T01:04:51Z,NOT APPLICABLE,CLEAR,0,20.83,100K,8.667,ON,NORMAL,OFF,NOT INVERTED,N,INTEGER COSINE TRANSFORM,5.869,IM8,NOT POSSIBLE,N/A,WEST,24968.27,663207.5,1.857,57.353,5962.787,1864.479,78.648,274.766,91.084,82.779,26.406,267.314,UNK,UNK,257.397,461.093,24113.9,745308000.0,1.636,156.823,175.702,86.492,58.474,99.975,256.579,56.219,70.688,800.8,800.8,1565.0,1565.0,1565.0,N/A,N/A,N/A,N/A,N/A,N/A,N/A,N/A,N/A,LSB_UNSIGNED_INTEGER,"frozenset({'N/A', 'S980602A.BSP', 'MIPS_NAV.CK', 'S980928A.BSP', 'NULL'})","VICAR programs run: SSIMERGE,CATLABEL,BADLABELS.",REDR,3.164,2.861,4.143,SKEWED,"frozenset({600, 1, 800})",1.0
C0449974428R,244.91012608404,-244.91012608404,1081523.1167871,2095695.9489011,2971494.559777637,1528729.0070165475,140.32861073128345,76.8723002654912,71.0024986419058,56.07536499441318,FIXED_LENGTH,1000,809,"['C0449974428R.IMG', 1]","['C0449974428R.IMG', 3]","['C0449974428R.IMG', 5]","['C0449974428R.IMG', 10]","['C0449974428R.IMG', 10]",GO-J/JSA-SSI-2-REDR-V1.0,GALILEO ORBITER,SOLID STATE IMAGING SYSTEM,1,04499744.28,1998-05-31 22:17:52.889000+00:00,15E0096,15,15ESREGMAP02,EUROPA,-000T04:17:09Z,000T01:04:51Z,NOT APPLICABLE,CLEAR,0,20.83,100K,8.667,ON,NORMAL,OFF,NOT INVERTED,N,INTEGER COSINE TRANSFORM,5.922,IM8,NOT POSSIBLE,N/A,WEST,24968.27,663207.5,1.857,57.353,5962.787,1864.479,78.648,274.766,91.081,82.779,26.406,267.314,UNK,UNK,257.397,461.093,24113.9,745308000.0,1.636,156.823,175.702,86.492,58.474,99.975,256.579,56.219,70.688,800.8,800.8,1565.0,1565.0,1565.0,N/A,N/A,N/A,N/A,N/A,N/A,N/A,N/A,N/A,LSB_UNSIGNED_INTEGER,"frozenset({'N/A', 'S980602A.BSP', 'MIPS_NAV.CK', 'S980928A.BSP', 'NULL'})","VICAR programs run: SSIMERGE,CATLABEL,BADLABELS.",REDR,1.0,0.997,1.013,SKEWED,"frozenset({400, 401, 800, 1})",2.0
C0449974429R,244.91012608404,-244.91012608404,1081523.1167871,2095695.9489011,2971494.559777637,1528729.0070165475,140.32861073128345,76.8723002654912,71.0024986419058,56.07536499441318,FIXED_LENGTH,1000,806,"['C0449974429R.IMG', 1]","['C0449974429R.IMG', 3]","['C0449974429R.IMG', 5]","['C0449974429R.IMG', 7]","['C0449974429R.IMG', 7]",GO-J/JSA-SSI-2-REDR-V1.0,GALILEO ORBITER,SOLID STATE IMAGING SYSTEM,1,04499744.29,1998-05-31 22:17:52.889000+00:00,15E0096,15,15ESREGMAP02,EUROPA,-000T04:17:09Z,000T01:04:51Z,NOT APPLICABLE,CLEAR,0,20.83,100K,8.667,ON,NORMAL,OFF,NOT INVERTED,N,HUFFMAN,5.855,IM8,NOT POSSIBLE,N/A,WEST,24968.27,663207.5,1.857,57.353,5962.787,1864.479,78.648,274.766,91.077,82.779,26.406,267.314,UNK,UNK,257.397,461.093,24113.9,745308000.0,1.636,156.823,175.702,86.492,58.474,99.975,256.579,56.219,70.688,800.8,800.8,1565.0,1565.0,1565.0,N/A,N/A,N/A,N/A,N/A,N/A,N/A,N/A,N/A,LSB_UNSIGNED_INTEGER,"frozenset({'N/A', 'S980602A.BSP', 'MIPS_NAV.CK', 'S980928A.BSP', 'NULL'})","VICAR programs run: SSIMERGE,CATLABEL,BADLABELS.",REDR,1.339,1.246,1.496,UNIFORM,"frozenset({800, 1})",3.0
C0449974439R,242.45029391857,-242.45029391857,2065191.6035984,1145820.0890592,2534817.8229186703,886883.1751541671,104.24663074773186,42.02986887605395,87.02025410513478,32.5317944030061,FIXED_LENGTH,1000,808,"['C0449974439R.IMG', 1]","['C0449974439R.IMG', 3]","['C0449974439R.IMG', 5]","['C0449974439R.IMG', 9]","['C0449974439R.IMG', 9]",GO-J/JSA-SSI-2-REDR-V1.0,GALILEO ORBITER,SOLID STATE IMAGING SYSTEM,1,04499744.39,1998-05-31 22:18:01.551000+00:00,15E0097,15,15ESREGMAP02,EUROPA,-000T04:17:00Z,000T01:05:00Z,NOT APPLICABLE,CLEAR,0,12.5,100K,8.667,ON,NORMAL,OFF,NOT INVERTED,N,INTEGER COSINE TRANSFORM,6.066,IM8,NOT POSSIBLE,N/A,WEST,25022.15,663174.3,1.851,57.342,3997.952,3662.45,47.8,274.682,90.05,84.04,25.37,266.864,UNK,UNK,321.583,335.901,24026.9,745308000.0,1.636,156.833,162.215,67.498,51.949,101.276,244.563,37.427,94.237,400.0,400.0,1565.0,1565.0,1565.0,N/A,N/A,N/A,N/A,N/A,N/A,N/A,N/A,N/A,LSB_UNSIGNED_INTEGER,"frozenset({'N/A', 'MIPS_NEAR.CK', 'S980602A.BSP', 'S980928A.BSP', 'NULL'})","VICAR programs run: SSIMERGE,CATLABEL,BADLABELS.",REDR,3.095,2.852,3.363,SKEWED,"frozenset({720, 1, 800})",0.0
C0449974440R,242.45029391857,-242.45029391857,2065191.6035984,1145820.0890592,2534817.8229186703,886883.1751541671,104.24663074773186,42.02986887605395,87.02025410513478,32.5317944030061,FIXED_LENGTH,1000,808,"['C0449974440R.IMG', 1]","['C0449974440R.IMG', 3]","['C0449974440R.IMG', 5]","['C0449974440R.IMG', 9]","['C0449974440R.IMG', 9]",GO-J/JSA-SSI-2-REDR-V1.0,GALILEO ORBITER,SOLID STATE IMAGING SYSTEM,1,04499744.40,1998-05-31 22:18:01.551000+00:00,15E0097,15,15ESREGMAP02,EUROPA,-000T04:17:00Z,000T01:05:00Z,NOT APPLICABLE,CLEAR,0,12.5,100K,8.667,ON,NORMAL,OFF,NOT INVERTED,N,HUFFMAN,6.033,IM8,NOT POSSIBLE,N/A,WEST,25022.15,663174.3,1.851,57.342,3997.952,3662.45,47.8,274.682,90.05,84.04,25.37,266.864,UNK,UNK,321.583,335.901,24026.9,745308000.0,1.636,156.833,162.215,67.498,51.949,101.276,244.563,37.427,94.237,400.0,400.0,1565.0,1565.0,1565.0,N/A,N/A,N/A,N/A,N/A,N/A,N/A,N/A,N/A,LSB_UNSIGNED_INTEGER,"frozenset({'N/A', 'MIPS_NEAR.CK', 'S980602A.BSP', 'S980928A.BSP', 'NULL'})","VICAR programs run: SSIMERGE,CATLABEL,BADLABELS.",REDR,1.384,1.226,1.313,UNIFORM,"frozenset({400, 201, 800, 1})",1.0
C0466581865R,4093.7503457744,-4093.7503457744,-4912500.4149293,2419406.4543527,2984344.002069518,-2456250.20746461,360.195608599049,88.74633723503239,70.53116777607886,-90.09780429952306,FIXED_LENGTH,1000,807,"['C0466581865R.IMG', 1]","['C0466581865R.IMG', 3]","['C0466581865R.IMG', 5]","['C0466581865R.IMG', 8]","['C0466581865R.IMG', 8]",GO-J/JSA-SSI-2-REDR-V1.0,GALILEO ORBITER,SOLID STATE IMAGING SYSTEM,1,04665818.65,1998-09-25 12:57:29.230000+00:00,17E0001,17,17ESGSHAPE01,EUROPA,-000T19:28:30Z,-000T14:53:35Z,NOT APPLICABLE,VIOLET,3,129.17,40K,8.667,ON,NORMAL,OFF,NOT INVERTED,N,INTEGER COSINE TRANSFORM,2.976,IM8,NOT POSSIBLE,N/A,WEST,404649.5,1064900.0,-0.609,162.423,410.1,550.4,183.842,92.169,109.53,279.889,-23.959,92.938,UNK,UNK,4086.56,4092.34,403084.0,743072000.0,2.024,87.604,180.677,74.852,0.0,74.852,105.181,-0.609,162.423,410.1,550.4,1565.0,1565.0,1565.0,N/A,N/A,N/A,N/A,N/A,N/A,N/A,N/A,N/A,LSB_UNSIGNED_INTEGER,"frozenset({'N/A', 'MIPS_NAV.CK', 'S990607A.BSP', 'S980928A.BSP', 'NULL'})","VICAR programs run: SSIMERGE,CATLABEL,BADLABELS.",REDR,4.29,3.147,31.144,SKEWED,"frozenset({600, 1, 800})",0.0
C0466581866R,4093.7503457744,-4093.7503457744,-4912500.4149293,2419406.4543527,2984344.002069518,-2456250.20746461,360.195608599049,88.74633723503239,70.53116777607886,-90.09780429952306,FIXED_LENGTH,1000,811,"['C0466581866R.IMG', 1]","['C0466581866R.IMG', 3]","['C0466581866R.IMG', 5]","['C0466581866R.IMG', 12]","['C0466581866R.IMG', 12]",GO-J/JSA-SSI-2-REDR-V1.0,GALILEO ORBITER,SOLID STATE IMAGING SYSTEM,1,04665818.66,1998-09-25 12:57:29.230000+00:00,17E0001,17,17ESGSHAPE01,EUROPA,-000T19:28:30Z,-000T14:53:35Z,NOT APPLICABLE,VIOLET,3,129.17,40K,8.667,ON,NORMAL,OFF,NOT INVERTED,N,INTEGER COSINE TRANSFORM,2.765,IM8,NOT POSSIBLE,N/A,WEST,404649.5,1064900.0,-0.609,162.423,410.1,550.4,183.842,92.169,109.53,279.889,-23.959,92.938,UNK,UNK,4086.56,4092.34,403084.0,743072000.0,2.024,87.604,180.677,74.852,0.0,74.852,105.181,-0.609,162.423,410.1,550.4,1565.0,1565.0,1565.0,N/A,N/A,N/A,N/A,N/A,N/A,N/A,N/A,N/A,LSB_UNSIGNED_INTEGER,"frozenset({'N/A', 'MIPS_NAV.CK', 'S990607A.BSP', 'S980928A.BSP', 'NULL'})","VICAR programs run: SSIMERGE,CATLABEL,BADLABELS.",REDR,2.666,2.0,6.271,SKEWED,"frozenset({200, 601, 169, 512})",1.0
C0466664152R,227.40936426274,-227.40936426274,-1426993.7607487,542371.33376663,-1199584.39648596,319737.56615340756,232.3436106801547,19.894742864090407,224.00199941638508,11.72830543685993,FIXED_LENGTH,1000,809,"['C0466664152R.IMG', 1]","['C0466664152R.IMG', 3]","['C0466664152R.IMG', 5]","['C0466664152R.IMG', 10]","['C0466664152R.IMG', 10]",GO-J/JSA-SSI-2-REDR-V1.0,GALILEO ORBITER,SOLID STATE IMAGING SYSTEM,1,04666641.52,1998-09-26 02:49:29.142000+00:00,17E0002,17,17ESREGMAP01,EUROPA,-000T05:36:30Z,-000T01:01:35Z,NOT APPLICABLE,CLEAR,0,12.5,100K,8.667,ON,NORMAL,OFF,NOT INVERTED,N,INTEGER COSINE TRANSFORM,5.177,IM8,NOT POSSIBLE,N/A,WEST,23828.07,688356.9,-8.915,217.404,-2600.911,-398.138,255.106,89.21,113.082,283.385,-13.589,97.456,UNK,UNK,230.076,257.758,22443.2,742467000.0,2.028,146.147,185.77,81.272,28.671,71.312,98.292,15.963,227.648,400.0,400.0,1565.0,1565.0,1565.0,N/A,N/A,N/A,N/A,N/A,N/A,N/A,N/A,N/A,LSB_UNSIGNED_INTEGER,"frozenset({'N/A', 'MIPS_NEAR.CK', 'S990607A.BSP', 'S980928A.BSP', 'NULL'})","VICAR programs run: SSIMERGE,CATLABEL,BADLABELS.",REDR,4.703,4.296,5.341,SKEWED,"frozenset({200, 1, 800})",0.0
C0466664153R,227.40936426274,-227.40936426274,-1426993.7607487,542371.33376663,-1199584.39648596,319737.56615340756,232.3436106801547,19.894742864090407,224.00199941638508,11.72830543685993,FIXED_LENGTH,1000,808,"['C0466664153R.IMG', 1]","['C0466664153R.IMG', 3]","['C0466664153R.IMG', 5]","['C0466664153R.IMG', 9]","['C0466664153R.IMG', 9]",GO-J/JSA-SSI-2-REDR-V1.0,GALILEO ORBITER,SOLID STATE IMAGING SYSTEM,1,04666641.53,1998-09-26 02:49:29.142000+00:00,17E0002,17,17ESREGMAP01,EUROPA,-000T05:36:30Z,-000T01:01:35Z,NOT APPLICABLE,CLEAR,0,12.5,100K,8.667,ON,NORMAL,OFF,NOT INVERTED,N,INTEGER COSINE TRANSFORM,5.172,IM8,NOT POSSIBLE,N/A,WEST,23828.07,688356.9,-8.915,217.404,-2600.911,-398.138,255.106,89.21,113.082,283.385,-13.589,97.456,UNK,UNK,230.076,257.758,22443.2,742467000.0,2.028,146.147,185.77,81.272,28.671,71.312,98.292,15.963,227.648,400.0,400.0,1565.0,1565.0,1565.0,N/A,N/A,N/A,N/A,N/A,N/A,N/A,N/A,N/A,LSB_UNSIGNED_INTEGER,"frozenset({'N/A', 'MIPS_NEAR.CK', 'S990607A.BSP', 'S980928A.BSP', 'NULL'})","VICAR programs run: SSIMERGE,CATLABEL,BADLABELS.",REDR,3.289,2.976,3.545,SKEWED,"frozenset({736, 65, 800, 1})",1.0
C0466664165R,226.31133210897,-226.31133210897,-1419877.2976517,354177.23475054,-1204202.5981518514,144612.94121763378,232.08257143526438,12.991588188745286,224.17139984173454,5.304552621474955,FIXED_LENGTH,1000,809,"['C0466664165R.IMG', 1]","['C0466664165R.IMG', 3]","['C0466664165R.IMG', 5]","['C0466664165R.IMG', 10]","['C0466664165R.IMG', 10]",GO-J/JSA-SSI-2-REDR-V1.0,GALILEO ORBITER,SOLID STATE IMAGING SYSTEM,1,04666641.65,1998-09-26 02:49:37.809000+00:00,17E0003,17,17ESREGMAP01,EUROPA,-000T05:36:22Z,-000T01:01:27Z,NOT APPLICABLE,CLEAR,0,12.5,100K,8.667,ON,NORMAL,OFF,NOT INVERTED,N,INTEGER COSINE TRANSFORM,5.165,IM8,NOT POSSIBLE,N/A,WEST,23777.48,688315.8,-8.933,217.394,-1883.127,-536.422,247.699,89.431,113.155,283.476,-13.985,97.264,UNK,UNK,229.74,242.57,22322.9,742467000.0,2.028,146.157,184.696,81.276,22.367,71.23,98.541,9.341,227.647,400.0,400.0,1565.0,1565.0,1565.0,N/A,N/A,N/A,N/A,N/A,N/A,N/A,N/A,N/A,LSB_UNSIGNED_INTEGER,"frozenset({'N/A', 'MIPS_NEAR.CK', 'S990607A.BSP', 'S980928A.BSP', 'NULL'})","VICAR programs run: SSIMERGE,CATLABEL,BADLABELS.",REDR,4.508,2.886,5.008,SKEWED,"frozenset({200, 601, 800, 1})",0.0
C0466664166R,226.31133210897,-226.31133210897,-1419877.2976517,354177.23475054,-1204202.5981518514,144612.94121763378,232.08257143526438,12.991588188745286,224.17139984173454,5.304552621474955,FIXED_LENGTH,1000,808,"['C0466664166R.IMG', 1]","['C0466664166R.IMG', 3]","['C0466664166R.IMG', 5]","['C0466664166R.IMG', 9]","['C0466664166R.IMG', 9]",GO-J/JSA-SSI-2-REDR-V1.0,GALILEO ORBITER,SOLID STATE IMAGING SYSTEM,1,04666641.66,1998-09-26 02:49:37.809000+00:00,17E0003,17,17ESREGMAP01,EUROPA,-000T05:36:22Z,-000T01:01:27Z,NOT APPLICABLE,CLEAR,0,12.5,100K,8.667,ON,NORMAL,OFF,NOT INVERTED,N,INTEGER COSINE TRANSFORM,5.261,IM8,NOT POSSIBLE,N/A,WEST,23777.48,688315.8,-8.933,217.394,-1883.127,-536.422,247.699,89.431,113.155,283.476,-13.985,97.264,UNK,UNK,229.74,242.57,22322.9,742467000.0,2.028,146.157,184.696,81.276,22.367,71.23,98.541,9.341,227.647,400.0,400.0,1565.0,1565.0,1565.0,N/A,N/A,N/A,N/A,N/A,N/A,N/A,N/A,N/A,LSB_UNSIGNED_INTEGER,"frozenset({'N/A', 'MIPS_NEAR.CK', 'S990607A.BSP', 'S980928A.BSP', 'NULL'})","VICAR programs run: SSIMERGE,CATLABEL,BADLABELS.",REDR,3.133,2.885,3.404,SKEWED,"frozenset({600, 1, 800})",1.0
C0466664178R,225.74742959673,-225.74742959673,-1235515.6821829,376772.45999694,-1027376.5520947148,163215.3915984334,225.31999623003003,13.820404477968184,217.68523713555027,5.986909788838175,FIXED_LENGTH,1000,808,"['C0466664178R.IMG', 1]","['C0466664178R.IMG', 3]","['C0466664178R.IMG', 5]","['C0466664178R.IMG', 9]","['C0466664178R.IMG', 9]",GO-J/JSA-SSI-2-REDR-V1.0,GALILEO ORBITER,SOLID STATE IMAGING SYSTEM,1,04666641.78,1998-09-26 02:49:46.475000+00:00,17E0004,17,17ESREGMAP01,EUROPA,-000T05:36:13Z,-000T01:01:18Z,NOT APPLICABLE,CLEAR,0,12.5,100K,8.667,ON,NORMAL,OFF,NOT INVERTED,N,INTEGER COSINE TRANSFORM,5.504,IM8,NOT POSSIBLE,N/A,WEST,23726.91,688274.6,-8.951,217.384,-1894.493,248.99,266.235,89.261,112.76,283.025,-13.953,97.248,UNK,UNK,225.727,241.517,22256.8,742467000.0,2.028,146.167,187.147,74.776,20.723,71.667,104.537,10.086,221.062,400.0,400.0,1565.0,1565.0,1565.0,N/A,N/A,N/A,N/A,N/A,N/A,N/A,N/A,N/A,LSB_UNSIGNED_INTEGER,"frozenset({'N/A', 'MIPS_NEAR.CK', 'S990607A.BSP', 'S980928A.BSP', 'NULL'})","VICAR programs run: SSIMERGE,CATLABEL,BADLABELS.",REDR,4.211,2.393,4.854,SKEWED,"frozenset({800, 1})",0.0
C0466664179R,225.74742959673,-225.74742959673,-1235515.6821829,376772.45999694,-1027376.5520947148,163215.3915984334,225.31999623003003,13.820404477968184,217.68523713555027,5.986909788838175,FIXED_LENGTH,1000,810,"['C0466664179R.IMG', 1]","['C0466664179R.IMG', 3]","['C0466664179R.IMG', 5]","['C0466664179R.IMG', 11]","['C0466664179R.IMG', 11]",GO-J/JSA-SSI-2-REDR-V1.0,GALILEO ORBITER,SOLID STATE IMAGING SYSTEM,1,04666641.79,1998-09-26 02:49:46.475000+00:00,17E0004,17,17ESREGMAP01,EUROPA,-000T05:36:13Z,-000T01:01:18Z,NOT APPLICABLE,CLEAR,0,12.5,100K,8.667,ON,NORMAL,OFF,NOT INVERTED,N,INTEGER COSINE TRANSFORM,5.214,IM8,NOT POSSIBLE,N/A,WEST,23726.91,688274.6,-8.951,217.384,-1894.493,248.99,266.235,89.261,112.76,283.025,-13.953,97.248,UNK,UNK,225.727,241.517,22256.8,742467000.0,2.028,146.167,187.147,74.776,20.723,71.667,104.537,10.086,221.062,400.0,400.0,1565.0,1565.0,1565.0,N/A,N/A,N/A,N/A,N/A,N/A,N/A,N/A,N/A,LSB_UNSIGNED_INTEGER,"frozenset({'N/A', 'MIPS_NEAR.CK', 'S990607A.BSP', 'S980928A.BSP', 'NULL'})","VICAR programs run: SSIMERGE,CATLABEL,BADLABELS.",REDR,3.543,3.465,3.625,SKEWED,"frozenset({16, 249, 800, 1})",1.0
C0466664200R,224.83517181096,-224.83517181096,-1247385.5332072,194707.25878829,-1044359.3730619032,-9667.912387872639,225.75539467250215,7.142064128764741,218.3081846167578,-0.35462905027359026,FIXED_LENGTH,1000,809,"['C0466664200R.IMG', 1]","['C0466664200R.IMG', 3]","['C0466664200R.IMG', 5]","['C0466664200R.IMG', 10]","['C0466664200R.IMG', 10]",GO-J/JSA-SSI-2-REDR-V1.0,GALILEO ORBITER,SOLID STATE IMAGING SYSTEM,1,04666642.00,1998-09-26 02:49:55.142000+00:00,17E0005,17,17ESREGMAP01,EUROPA,-000T05:36:04Z,-000T01:01:09Z,NOT APPLICABLE,CLEAR,0,12.5,100K,8.667,ON,NORMAL,OFF,NOT INVERTED,N,INTEGER COSINE TRANSFORM,5.442,IM8,NOT POSSIBLE,N/A,WEST,23676.34,688233.4,-8.97,217.373,-1163.031,73.582,258.204,89.512,112.832,283.14,-14.358,97.036,UNK,UNK,225.616,231.791,22156.1,742467000.0,2.028,146.177,185.129,75.349,14.195,71.563,104.538,3.604,221.619,400.0,400.0,1565.0,1565.0,1565.0,N/A,N/A,N/A,N/A,N/A,N/A,N/A,N/A,N/A,LSB_UNSIGNED_INTEGER,"frozenset({'N/A', 'MIPS_NEAR.CK', 'S990607A.BSP', 'S980928A.BSP', 'NULL'})","VICAR programs run: SSIMERGE,CATLABEL,BADLABELS.",REDR,4.106,2.555,4.429,SKEWED,"frozenset({240, 561, 800, 1})",0.0
C0466664201R,224.83517181096,-224.83517181096,-1247385.5332072,194707.25878829,-1044359.3730619032,-9667.912387872639,225.75539467250215,7.142064128764741,218.3081846167578,-0.35462905027359026,FIXED_LENGTH,1000,808,"['C0466664201R.IMG', 1]","['C0466664201R.IMG', 3]","['C0466664201R.IMG', 5]","['C0466664201R.IMG', 9]","['C0466664201R.IMG', 9]",GO-J/JSA-SSI-2-REDR-V1.0,GALILEO ORBITER,SOLID STATE IMAGING SYSTEM,1,04666642.01,1998-09-26 02:49:55.142000+00:00,17E0005,17,17ESREGMAP01,EUROPA,-000T05:36:04Z,-000T01:01:09Z,NOT APPLICABLE,CLEAR,0,12.5,100K,8.667,ON,NORMAL,OFF,NOT INVERTED,N,INTEGER COSINE TRANSFORM,5.519,IM8,NOT POSSIBLE,N/A,WEST,23676.34,688233.4,-8.97,217.373,-1163.031,73.582,258.204,89.512,112.832,283.14,-14.358,97.036,UNK,UNK,225.616,231.791,22156.1,742467000.0,2.028,146.177,185.129,75.349,14.195,71.563,104.538,3.604,221.619,400.0,400.0,1565.0,1565.0,1565.0,N/A,N/A,N/A,N/A,N/A,N/A,N/A,N/A,N/A,LSB_UNSIGNED_INTEGER,"frozenset({'N/A', 'MIPS_NEAR.CK', 'S990607A.BSP', 'S980928A.BSP', 'NULL'})","VICAR programs run: SSIMERGE,CATLABEL,BADLABELS.",REDR,3.233,2.878,3.754,SKEWED,"frozenset({560, 1, 800})",1.0
C0466664213R,224.13041921307,-224.13041921307,-1244147.9570518,33171.302043534,-1043551.2318561025,-166080.64063688525,225.63663702233788,1.2167577516313581,218.27854115943194,-6.092010094316542,FIXED_LENGTH,1000,809,"['C0466664213R.IMG', 1]","['C0466664213R.IMG', 3]","['C0466664213R.IMG', 5]","['C0466664213R.IMG', 10]","['C0466664213R.IMG', 10]",GO-J/JSA-SSI-2-REDR-V1.0,GALILEO ORBITER,SOLID STATE IMAGING SYSTEM,1,04666642.13,1998-09-26 02:50:03.809000+00:00,17E0006,17,17ESREGMAP01,EUROPA,-000T05:35:56Z,-000T01:01:01Z,NOT APPLICABLE,CLEAR,0,12.5,100K,8.667,ON,NORMAL,OFF,NOT INVERTED,N,INTEGER COSINE TRANSFORM,5.52,IM8,NOT POSSIBLE,N/A,WEST,23625.77,688192.3,-8.988,217.363,-477.84,-9.466,244.993,89.61,112.903,283.204,-14.736,96.958,UNK,UNK,224.568,226.223,22077.0,742467000.0,2.028,146.187,183.562,75.486,8.538,71.508,104.491,-2.201,221.572,400.0,400.0,1565.0,1565.0,1565.0,N/A,N/A,N/A,N/A,N/A,N/A,N/A,N/A,N/A,LSB_UNSIGNED_INTEGER,"frozenset({'N/A', 'MIPS_NEAR.CK', 'S990607A.BSP', 'S980928A.BSP', 'NULL'})","VICAR programs run: SSIMERGE,CATLABEL,BADLABELS.",REDR,4.319,3.729,6.232,SKEWED,"frozenset({200, 1, 800})",0.0
C0466664214R,224.13041921307,-224.13041921307,-1244147.9570518,33171.302043534,-1043551.2318561025,-166080.64063688525,225.63663702233788,1.2167577516313581,218.27854115943194,-6.092010094316542,FIXED_LENGTH,1000,808,"['C0466664214R.IMG', 1]","['C0466664214R.IMG', 3]","['C0466664214R.IMG', 5]","['C0466664214R.IMG', 9]","['C0466664214R.IMG', 9]",GO-J/JSA-SSI-2-REDR-V1.0,GALILEO ORBITER,SOLID STATE IMAGING SYSTEM,1,04666642.14,1998-09-26 02:50:03.809000+00:00,17E0006,17,17ESREGMAP01,EUROPA,-000T05:35:56Z,-000T01:01:01Z,NOT APPLICABLE,CLEAR,0,12.5,100K,8.667,ON,NORMAL,OFF,NOT INVERTED,N,INTEGER COSINE TRANSFORM,5.509,IM8,NOT POSSIBLE,N/A,WEST,23625.77,688192.3,-8.988,217.363,-477.84,-9.466,244.993,89.61,112.903,283.204,-14.736,96.958,UNK,UNK,224.568,226.223,22077.0,742467000.0,2.028,146.187,183.562,75.486,8.538,71.508,104.491,-2.201,221.572,400.0,400.0,1565.0,1565.0,1565.0,N/A,N/A,N/A,N/A,N/A,N/A,N/A,N/A,N/A,LSB_UNSIGNED_INTEGER,"frozenset({'N/A', 'MIPS_NEAR.CK', 'S990607A.BSP', 'S980928A.BSP', 'NULL'})","VICAR programs run: SSIMERGE,CATLABEL,BADLABELS.",REDR,3.226,1.957,3.962,SKEWED,"frozenset({600, 201, 800, 1})",1.0
C0466664226R,223.58772622193,-223.58772622193,-1258575.3109032,-137282.86390027,-1058464.2959345726,-334040.0629755684,226.16584732017847,-5.03567778550215,218.82556781199565,-12.252935849413765,FIXED_LENGTH,1000,809,"['C0466664226R.IMG', 1]","['C0466664226R.IMG', 3]","['C0466664226R.IMG', 5]","['C0466664226R.IMG', 10]","['C0466664226R.IMG', 10]",GO-J/JSA-SSI-2-REDR-V1.0,GALILEO ORBITER,SOLID STATE IMAGING SYSTEM,1,04666642.26,1998-09-26 02:50:12.475000+00:00,17E0007,17,17ESREGMAP01,EUROPA,-000T05:35:47Z,-000T01:00:52Z,NOT APPLICABLE,CLEAR,0,12.5,100K,8.667,ON,NORMAL,OFF,NOT INVERTED,N,INTEGER COSINE TRANSFORM,5.521,IM8,NOT POSSIBLE,N/A,WEST,23575.22,688151.2,-9.007,217.353,260.231,-163.127,193.939,89.748,112.977,283.312,-15.145,96.857,UNK,UNK,224.719,223.585,22016.0,742467000.0,2.028,146.198,181.879,76.39,5.091,71.413,104.341,-8.386,222.12,400.0,400.0,1565.0,1565.0,1565.0,N/A,N/A,N/A,N/A,N/A,N/A,N/A,N/A,N/A,LSB_UNSIGNED_INTEGER,"frozenset({'N/A', 'MIPS_NEAR.CK', 'S990607A.BSP', 'S980928A.BSP', 'NULL'})","VICAR programs run: SSIMERGE,CATLABEL,BADLABELS.",REDR,4.468,3.642,5.639,SKEWED,"frozenset({280, 1, 800})",0.0
C0466664227R,223.58772622193,-223.58772622193,-1258575.3109032,-137282.86390027,-1058464.2959345726,-334040.0629755684,226.16584732017847,-5.03567778550215,218.82556781199565,-12.252935849413765,FIXED_LENGTH,1000,808,"['C0466664227R.IMG', 1]","['C0466664227R.IMG', 3]","['C0466664227R.IMG', 5]","['C0466664227R.IMG', 9]","['C0466664227R.IMG', 9]",GO-J/JSA-SSI-2-REDR-V1.0,GALILEO ORBITER,SOLID STATE IMAGING SYSTEM,1,04666642.27,1998-09-26 02:50:12.475000+00:00,17E0007,17,17ESREGMAP01,EUROPA,-000T05:35:47Z,-000T01:00:52Z,NOT APPLICABLE,CLEAR,0,12.5,100K,8.667,ON,NORMAL,OFF,NOT INVERTED,N,INTEGER COSINE TRANSFORM,5.567,IM8,NOT POSSIBLE,N/A,WEST,23575.22,688151.2,-9.007,217.353,260.231,-163.127,193.939,89.748,112.977,283.312,-15.145,96.857,UNK,UNK,224.719,223.585,22016.0,742467000.0,2.028,146.198,181.879,76.39,5.091,71.413,104.341,-8.386,222.12,400.0,400.0,1565.0,1565.0,1565.0,N/A,N/A,N/A,N/A,N/A,N/A,N/A,N/A,N/A,LSB_UNSIGNED_INTEGER,"frozenset({'N/A', 'MIPS_NEAR.CK', 'S990607A.BSP', 'S980928A.BSP', 'NULL'})","VICAR programs run: SSIMERGE,CATLABEL,BADLABELS.",REDR,3.244,2.056,4.531,SKEWED,"frozenset({520, 281, 800, 1})",1.0
C0466664239R,223.06930182073,-223.06930182073,-1056010.0748193,-235115.04411905,-851232.4557478699,-434762.06924860337,218.73554443690153,-8.624263590303272,211.2240890517987,-15.947523470114858,FIXED_LENGTH,1000,809,"['C0466664239R.IMG', 1]","['C0466664239R.IMG', 3]","['C0466664239R.IMG', 5]","['C0466664239R.IMG', 10]","['C0466664239R.IMG', 10]",GO-J/JSA-SSI-2-REDR-V1.0,GALILEO ORBITER,SOLID STATE IMAGING SYSTEM,1,04666642.39,1998-09-26 02:50:21.142000+00:00,17E0008,17,17ESREGMAP01,EUROPA,-000T05:35:38Z,-000T01:00:43Z,NOT APPLICABLE,CLEAR,0,12.5,100K,8.667,ON,NORMAL,OFF,NOT INVERTED,N,INTEGER COSINE TRANSFORM,5.628,IM8,NOT POSSIBLE,N/A,WEST,23524.66,688110.1,-9.025,217.342,-1660.913,-783.07,240.142,91.784,112.575,283.665,-13.985,94.99,UNK,UNK,228.041,236.336,22059.4,742467000.0,2.028,146.208,181.815,82.198,21.258,71.047,110.81,7.381,228.6,400.0,400.0,1565.0,1565.0,1565.0,N/A,N/A,N/A,N/A,N/A,N/A,N/A,N/A,N/A,LSB_UNSIGNED_INTEGER,"frozenset({'N/A', 'MIPS_NEAR.CK', 'S990607A.BSP', 'S980928A.BSP', 'NULL'})","VICAR programs run: SSIMERGE,CATLABEL,BADLABELS.",REDR,4.992,2.973,5.467,SKEWED,"frozenset({400, 401, 800, 1})",0.0
C0466664240R,223.06930182073,-223.06930182073,-1056010.0748193,-235115.04411905,-851232.4557478699,-434762.06924860337,218.73554443690153,-8.624263590303272,211.2240890517987,-15.947523470114858,FIXED_LENGTH,1000,808,"['C0466664240R.IMG', 1]","['C0466664240R.IMG', 3]","['C0466664240R.IMG', 5]","['C0466664240R.IMG', 9]","['C0466664240R.IMG', 9]",GO-J/JSA-SSI-2-REDR-V1.0,GALILEO ORBITER,SOLID STATE IMAGING SYSTEM,1,04666642.40,1998-09-26 02:50:21.142000+00:00,17E0008,17,17ESREGMAP01,EUROPA,-000T05:35:38Z,-000T01:00:43Z,NOT APPLICABLE,CLEAR,0,12.5,100K,8.667,ON,NORMAL,OFF,NOT INVERTED,N,INTEGER COSINE TRANSFORM,5.48,IM8,NOT POSSIBLE,N/A,WEST,23524.66,688110.1,-9.025,217.342,-1660.913,-783.07,240.142,91.784,112.575,283.665,-13.985,94.99,UNK,UNK,228.041,236.336,22059.4,742467000.0,2.028,146.208,181.815,82.198,21.258,71.047,110.81,7.381,228.6,400.0,400.0,1565.0,1565.0,1565.0,N/A,N/A,N/A,N/A,N/A,N/A,N/A,N/A,N/A,LSB_UNSIGNED_INTEGER,"frozenset({'N/A', 'MIPS_NEAR.CK', 'S990607A.BSP', 'S980928A.BSP', 'NULL'})","VICAR programs run: SSIMERGE,CATLABEL,BADLABELS.",REDR,3.26,3.15,3.632,SKEWED,"frozenset({784, 1, 800})",1.0
C0466664241R,223.06930182073,-223.06930182073,-1056010.0748193,-235115.04411905,-851232.4557478699,-434762.06924860337,218.73554443690153,-8.624263590303272,211.2240890517987,-15.947523470114858,FIXED_LENGTH,1000,808,"['C0466664241R.IMG', 1]","['C0466664241R.IMG', 3]","['C0466664241R.IMG', 5]","['C0466664241R.IMG', 9]","['C0466664241R.IMG', 9]",GO-J/JSA-SSI-2-REDR-V1.0,GALILEO ORBITER,SOLID STATE IMAGING SYSTEM,1,04666642.41,1998-09-26 02:50:21.142000+00:00,17E0008,17,17ESREGMAP01,EUROPA,-000T05:35:38Z,-000T01:00:43Z,NOT APPLICABLE,CLEAR,0,12.5,100K,8.667,ON,NORMAL,OFF,NOT INVERTED,N,HUFFMAN,5.548,IM8,NOT POSSIBLE,N/A,WEST,23524.66,688110.1,-9.025,217.342,-1660.913,-783.07,240.142,91.784,112.575,283.665,-13.985,94.99,UNK,UNK,228.041,236.336,22059.4,742467000.0,2.028,146.208,181.815,82.198,21.258,71.047,110.81,7.381,228.6,400.0,400.0,1565.0,1565.0,1565.0,N/A,N/A,N/A,N/A,N/A,N/A,N/A,N/A,N/A,LSB_UNSIGNED_INTEGER,"frozenset({'N/A', 'MIPS_NEAR.CK', 'S990607A.BSP', 'S980928A.BSP', 'NULL'})","VICAR programs run: SSIMERGE,CATLABEL,BADLABELS.",REDR,1.513,1.339,1.449,UNIFORM,"frozenset({400, 401, 800, 1})",2.0
C0466664252R,222.56962328447,-222.56962328447,-1245944.7511465,-296907.87746148,-1044296.6724507702,-493659.42444495147,225.7025452926838,-10.890888785358657,218.3058846933322,-18.107939524681857,FIXED_LENGTH,1000,809,"['C0466664252R.IMG', 1]","['C0466664252R.IMG', 3]","['C0466664252R.IMG', 5]","['C0466664252R.IMG', 10]","['C0466664252R.IMG', 10]",GO-J/JSA-SSI-2-REDR-V1.0,GALILEO ORBITER,SOLID STATE IMAGING SYSTEM,1,04666642.52,1998-09-26 02:50:29.809000+00:00,17E0009,17,17ESREGMAP01,EUROPA,-000T05:35:30Z,-000T01:00:35Z,NOT APPLICABLE,CLEAR,0,12.5,100K,8.667,ON,NORMAL,OFF,NOT INVERTED,N,INTEGER COSINE TRANSFORM,5.633,IM8,NOT POSSIBLE,N/A,WEST,23474.11,688069.0,-9.044,217.331,973.777,-182.969,135.455,89.99,113.008,283.361,-15.517,96.629,UNK,UNK,223.81,223.435,21920.5,742467000.0,2.028,146.218,180.265,76.41,7.156,71.375,105.021,-14.215,221.65,400.0,400.0,1565.0,1565.0,1565.0,N/A,N/A,N/A,N/A,N/A,N/A,N/A,N/A,N/A,LSB_UNSIGNED_INTEGER,"frozenset({'N/A', 'MIPS_NEAR.CK', 'S990607A.BSP', 'S980928A.BSP', 'NULL'})","VICAR programs run: SSIMERGE,CATLABEL,BADLABELS.",REDR,4.512,2.67,5.228,SKEWED,"frozenset({400, 401, 800, 1})",0.0
C0466664253R,222.56962328447,-222.56962328447,-1245944.7511465,-296907.87746148,-1044296.6724507702,-493659.42444495147,225.7025452926838,-10.890888785358657,218.3058846933322,-18.107939524681857,FIXED_LENGTH,1000,809,"['C0466664253R.IMG', 1]","['C0466664253R.IMG', 3]","['C0466664253R.IMG', 5]","['C0466664253R.IMG', 10]","['C0466664253R.IMG', 10]",GO-J/JSA-SSI-2-REDR-V1.0,GALILEO ORBITER,SOLID STATE IMAGING SYSTEM,1,04666642.53,1998-09-26 02:50:29.809000+00:00,17E0009,17,17ESREGMAP01,EUROPA,-000T05:35:30Z,-000T01:00:35Z,NOT APPLICABLE,CLEAR,0,12.5,100K,8.667,ON,NORMAL,OFF,NOT INVERTED,N,INTEGER COSINE TRANSFORM,5.742,IM8,NOT POSSIBLE,N/A,WEST,23474.11,688069.0,-9.044,217.331,973.777,-182.969,135.455,89.99,113.008,283.361,-15.517,96.629,UNK,UNK,223.81,223.435,21920.5,742467000.0,2.028,146.218,180.265,76.41,7.156,71.375,105.021,-14.215,221.65,400.0,400.0,1565.0,1565.0,1565.0,N/A,N/A,N/A,N/A,N/A,N/A,N/A,N/A,N/A,LSB_UNSIGNED_INTEGER,"frozenset({'N/A', 'MIPS_NEAR.CK', 'S990607A.BSP', 'S980928A.BSP', 'NULL'})","VICAR programs run: SSIMERGE,CATLABEL,BADLABELS.",REDR,3.146,2.816,3.385,SKEWED,"frozenset({400, 1, 800})",1.0
C0466664254R,222.56962328447,-222.56962328447,-1245944.7511465,-296907.87746148,-1044296.6724507702,-493659.42444495147,225.7025452926838,-10.890888785358657,218.3058846933322,-18.107939524681857,FIXED_LENGTH,1000,808,"['C0466664254R.IMG', 1]","['C0466664254R.IMG', 3]","['C0466664254R.IMG', 5]","['C0466664254R.IMG', 9]","['C0466664254R.IMG', 9]",GO-J/JSA-SSI-2-REDR-V1.0,GALILEO ORBITER,SOLID STATE IMAGING SYSTEM,1,04666642.54,1998-09-26 02:50:29.809000+00:00,17E0009,17,17ESREGMAP01,EUROPA,-000T05:35:30Z,-000T01:00:35Z,NOT APPLICABLE,CLEAR,0,12.5,100K,8.667,ON,NORMAL,OFF,NOT INVERTED,N,HUFFMAN,5.569,IM8,NOT POSSIBLE,N/A,WEST,23474.11,688069.0,-9.044,217.331,973.777,-182.969,135.455,89.99,113.008,283.361,-15.517,96.629,UNK,UNK,223.81,223.435,21920.5,742467000.0,2.028,146.218,180.265,76.41,7.156,71.375,105.021,-14.215,221.65,400.0,400.0,1565.0,1565.0,1565.0,N/A,N/A,N/A,N/A,N/A,N/A,N/A,N/A,N/A,LSB_UNSIGNED_INTEGER,"frozenset({'N/A', 'MIPS_NEAR.CK', 'S990607A.BSP', 'S980928A.BSP', 'NULL'})","VICAR programs run: SSIMERGE,CATLABEL,BADLABELS.",REDR,1.386,1.331,1.449,UNIFORM,"frozenset({400, 401, 800, 1})",2.0
C0466664265R,222.18843951148,-222.18843951148,-1212926.6912932,-451042.5322083,-1005847.0656685006,-651012.127768632,224.4914086234748,-16.544707731388662,216.89551325123128,-23.879799829048732,FIXED_LENGTH,1000,809,"['C0466664265R.IMG', 1]","['C0466664265R.IMG', 3]","['C0466664265R.IMG', 5]","['C0466664265R.IMG', 10]","['C0466664265R.IMG', 10]",GO-J/JSA-SSI-2-REDR-V1.0,GALILEO ORBITER,SOLID STATE IMAGING SYSTEM,1,04666642.65,1998-09-26 02:50:38.475000+00:00,17E0010,17,17ESREGMAP01,EUROPA,-000T05:35:21Z,-000T01:00:26Z,NOT APPLICABLE,CLEAR,0,12.5,100K,8.667,ON,NORMAL,OFF,NOT INVERTED,N,INTEGER COSINE TRANSFORM,5.53,IM8,NOT POSSIBLE,N/A,WEST,23423.58,688027.9,-9.063,217.321,1677.279,-98.379,111.315,90.12,113.0,283.331,-15.904,96.479,UNK,UNK,223.086,226.591,21890.6,742467000.0,2.028,146.228,178.658,75.83,12.024,71.414,105.96,-19.897,220.366,400.0,400.0,1565.0,1565.0,1565.0,N/A,N/A,N/A,N/A,N/A,N/A,N/A,N/A,N/A,LSB_UNSIGNED_INTEGER,"frozenset({'N/A', 'MIPS_NEAR.CK', 'S990607A.BSP', 'S980928A.BSP', 'NULL'})","VICAR programs run: SSIMERGE,CATLABEL,BADLABELS.",REDR,4.689,4.303,5.308,SKEWED,"frozenset({240, 1, 800})",0.0
C0466664266R,222.18843951148,-222.18843951148,-1212926.6912932,-451042.5322083,-1005847.0656685006,-651012.127768632,224.4914086234748,-16.544707731388662,216.89551325123128,-23.879799829048732,FIXED_LENGTH,1000,808,"['C0466664266R.IMG', 1]","['C0466664266R.IMG', 3]","['C0466664266R.IMG', 5]","['C0466664266R.IMG', 9]","['C0466664266R.IMG', 9]",GO-J/JSA-SSI-2-REDR-V1.0,GALILEO ORBITER,SOLID STATE IMAGING SYSTEM,1,04666642.66,1998-09-26 02:50:38.475000+00:00,17E0010,17,17ESREGMAP01,EUROPA,-000T05:35:21Z,-000T01:00:26Z,NOT APPLICABLE,CLEAR,0,12.5,100K,8.667,ON,NORMAL,OFF,NOT INVERTED,N,INTEGER COSINE TRANSFORM,5.45,IM8,NOT POSSIBLE,N/A,WEST,23423.58,688027.9,-9.063,217.321,1677.279,-98.379,111.315,90.12,113.0,283.331,-15.904,96.479,UNK,UNK,223.086,226.591,21890.6,742467000.0,2.028,146.228,178.658,75.83,12.024,71.414,105.96,-19.897,220.366,400.0,400.0,1565.0,1565.0,1565.0,N/A,N/A,N/A,N/A,N/A,N/A,N/A,N/A,N/A,LSB_UNSIGNED_INTEGER,"frozenset({'N/A', 'MIPS_NEAR.CK', 'S990607A.BSP', 'S980928A.BSP', 'NULL'})","VICAR programs run: SSIMERGE,CATLABEL,BADLABELS.",REDR,3.346,1.933,4.094,SKEWED,"frozenset({560, 241, 800, 1})",1.0
C0466664267R,222.18843951148,-222.18843951148,-1212926.6912932,-451042.5322083,-1005847.0656685006,-651012.127768632,224.4914086234748,-16.544707731388662,216.89551325123128,-23.879799829048732,FIXED_LENGTH,1000,808,"['C0466664267R.IMG', 1]","['C0466664267R.IMG', 3]","['C0466664267R.IMG', 5]","['C0466664267R.IMG', 9]","['C0466664267R.IMG', 9]",GO-J/JSA-SSI-2-REDR-V1.0,GALILEO ORBITER,SOLID STATE IMAGING SYSTEM,1,04666642.67,1998-09-26 02:50:38.475000+00:00,17E0010,17,17ESREGMAP01,EUROPA,-000T05:35:21Z,-000T01:00:26Z,NOT APPLICABLE,CLEAR,0,12.5,100K,8.667,ON,NORMAL,OFF,NOT INVERTED,N,HUFFMAN,5.46,IM8,NOT POSSIBLE,N/A,WEST,23423.58,688027.9,-9.063,217.321,1677.279,-98.379,111.315,90.12,113.0,283.331,-15.904,96.479,UNK,UNK,223.086,226.591,21890.6,742467000.0,2.028,146.228,178.658,75.83,12.024,71.414,105.96,-19.897,220.366,400.0,400.0,1565.0,1565.0,1565.0,N/A,N/A,N/A,N/A,N/A,N/A,N/A,N/A,N/A,LSB_UNSIGNED_INTEGER,"frozenset({'N/A', 'MIPS_NEAR.CK', 'S990607A.BSP', 'S980928A.BSP', 'NULL'})","VICAR programs run: SSIMERGE,CATLABEL,BADLABELS.",REDR,1.405,1.375,1.442,UNIFORM,"frozenset({240, 1, 800})",2.0
C0466664278R,221.98080875176,-221.98080875176,-1162069.5338155,-604009.78061354,-944972.3028562788,-810007.9711351732,222.62591535746688,-22.155705002419086,214.66256383509796,-29.711932213828447,FIXED_LENGTH,1000,808,"['C0466664278R.IMG', 1]","['C0466664278R.IMG', 3]","['C0466664278R.IMG', 5]","['C0466664278R.IMG', 9]","['C0466664278R.IMG', 9]",GO-J/JSA-SSI-2-REDR-V1.0,GALILEO ORBITER,SOLID STATE IMAGING SYSTEM,1,04666642.78,1998-09-26 02:50:47.142000+00:00,17E0011,17,17ESREGMAP01,EUROPA,-000T05:35:12Z,-000T01:00:17Z,NOT APPLICABLE,CLEAR,0,12.5,100K,8.667,ON,NORMAL,OFF,NOT INVERTED,N,INTEGER COSINE TRANSFORM,5.603,IM8,NOT POSSIBLE,N/A,WEST,23373.04,687986.9,-9.082,217.31,2376.473,65.344,99.61,90.281,112.94,283.256,-16.289,96.281,UNK,UNK,222.451,232.791,21877.1,742467000.0,2.028,146.238,176.765,74.846,17.692,71.498,107.724,-25.578,218.362,400.0,400.0,1565.0,1565.0,1565.0,N/A,N/A,N/A,N/A,N/A,N/A,N/A,N/A,N/A,LSB_UNSIGNED_INTEGER,"frozenset({'N/A', 'MIPS_NEAR.CK', 'S990607A.BSP', 'S980928A.BSP', 'NULL'})","VICAR programs run: SSIMERGE,CATLABEL,BADLABELS.",REDR,4.015,2.558,4.644,SKEWED,"frozenset({800, 1})",0.0
C0466664279R,221.98080875176,-221.98080875176,-1162069.5338155,-604009.78061354,-944972.3028562788,-810007.9711351732,222.62591535746688,-22.155705002419086,214.66256383509796,-29.711932213828447,FIXED_LENGTH,1000,810,"['C0466664279R.IMG', 1]","['C0466664279R.IMG', 3]","['C0466664279R.IMG', 5]","['C0466664279R.IMG', 11]","['C0466664279R.IMG', 11]",GO-J/JSA-SSI-2-REDR-V1.0,GALILEO ORBITER,SOLID STATE IMAGING SYSTEM,1,04666642.79,1998-09-26 02:50:47.142000+00:00,17E0011,17,17ESREGMAP01,EUROPA,-000T05:35:12Z,-000T01:00:17Z,NOT APPLICABLE,CLEAR,0,12.5,100K,8.667,ON,NORMAL,OFF,NOT INVERTED,N,INTEGER COSINE TRANSFORM,5.669,IM8,NOT POSSIBLE,N/A,WEST,23373.04,687986.9,-9.082,217.31,2376.473,65.344,99.61,90.281,112.94,283.256,-16.289,96.281,UNK,UNK,222.451,232.791,21877.1,742467000.0,2.028,146.238,176.765,74.846,17.692,71.498,107.724,-25.578,218.362,400.0,400.0,1565.0,1565.0,1565.0,N/A,N/A,N/A,N/A,N/A,N/A,N/A,N/A,N/A,LSB_UNSIGNED_INTEGER,"frozenset({'N/A', 'MIPS_NEAR.CK', 'S990607A.BSP', 'S980928A.BSP', 'NULL'})","VICAR programs run: SSIMERGE,CATLABEL,BADLABELS.",REDR,2.936,2.88,2.995,SKEWED,"frozenset({16, 529, 800, 1})",1.0
C0466664300R,221.95573344355,-221.95573344355,-1121542.3210903,-761530.12144482,-888932.7124414598,-977049.138618507,221.13933517527556,-27.933714424374656,212.60697355570557,-35.83917542876632,FIXED_LENGTH,1000,809,"['C0466664300R.IMG', 1]","['C0466664300R.IMG', 3]","['C0466664300R.IMG', 5]","['C0466664300R.IMG', 10]","['C0466664300R.IMG', 10]",GO-J/JSA-SSI-2-REDR-V1.0,GALILEO ORBITER,SOLID STATE IMAGING SYSTEM,1,04666643.00,1998-09-26 02:50:55.809000+00:00,17E0012,17,17ESREGMAP01,EUROPA,-000T05:35:04Z,-000T01:00:09Z,NOT APPLICABLE,CLEAR,0,12.5,100K,8.667,ON,NORMAL,OFF,NOT INVERTED,N,INTEGER COSINE TRANSFORM,5.456,IM8,NOT POSSIBLE,N/A,WEST,23322.51,687945.8,-9.101,217.299,3075.052,184.331,94.609,90.518,112.883,283.212,-16.674,96.02,UNK,UNK,222.236,242.976,21883.5,742467000.0,2.028,146.248,174.86,74.504,23.948,71.552,109.585,-31.48,216.666,400.0,400.0,1565.0,1565.0,1565.0,N/A,N/A,N/A,N/A,N/A,N/A,N/A,N/A,N/A,LSB_UNSIGNED_INTEGER,"frozenset({'N/A', 'MIPS_NEAR.CK', 'S990607A.BSP', 'S980928A.BSP', 'NULL'})","VICAR programs run: SSIMERGE,CATLABEL,BADLABELS.",REDR,4.53,4.062,5.326,SKEWED,"frozenset({280, 1, 800})",0.0
C0466664301R,221.95573344355,-221.95573344355,-1121542.3210903,-761530.12144482,-888932.7124414598,-977049.138618507,221.13933517527556,-27.933714424374656,212.60697355570557,-35.83917542876632,FIXED_LENGTH,1000,808,"['C0466664301R.IMG', 1]","['C0466664301R.IMG', 3]","['C0466664301R.IMG', 5]","['C0466664301R.IMG', 9]","['C0466664301R.IMG', 9]",GO-J/JSA-SSI-2-REDR-V1.0,GALILEO ORBITER,SOLID STATE IMAGING SYSTEM,1,04666643.01,1998-09-26 02:50:55.809000+00:00,17E0012,17,17ESREGMAP01,EUROPA,-000T05:35:04Z,-000T01:00:09Z,NOT APPLICABLE,CLEAR,0,12.5,100K,8.667,ON,NORMAL,OFF,NOT INVERTED,N,INTEGER COSINE TRANSFORM,5.371,IM8,NOT POSSIBLE,N/A,WEST,23322.51,687945.8,-9.101,217.299,3075.052,184.331,94.609,90.518,112.883,283.212,-16.674,96.02,UNK,UNK,222.236,242.976,21883.5,742467000.0,2.028,146.248,174.86,74.504,23.948,71.552,109.585,-31.48,216.666,400.0,400.0,1565.0,1565.0,1565.0,N/A,N/A,N/A,N/A,N/A,N/A,N/A,N/A,N/A,LSB_UNSIGNED_INTEGER,"frozenset({'N/A', 'MIPS_NEAR.CK', 'S990607A.BSP', 'S980928A.BSP', 'NULL'})","VICAR programs run: SSIMERGE,CATLABEL,BADLABELS.",REDR,3.132,1.969,3.547,SKEWED,"frozenset({520, 281, 800, 1})",1.0
C0466664302R,221.95573344355,-221.95573344355,-1121542.3210903,-761530.12144482,-888932.7124414598,-977049.138618507,221.13933517527556,-27.933714424374656,212.60697355570557,-35.83917542876632,FIXED_LENGTH,1000,808,"['C0466664302R.IMG', 1]","['C0466664302R.IMG', 3]","['C0466664302R.IMG', 5]","['C0466664302R.IMG', 9]","['C0466664302R.IMG', 9]",GO-J/JSA-SSI-2-REDR-V1.0,GALILEO ORBITER,SOLID STATE IMAGING SYSTEM,1,04666643.02,1998-09-26 02:50:55.809000+00:00,17E0012,17,17ESREGMAP01,EUROPA,-000T05:35:04Z,-000T01:00:09Z,NOT APPLICABLE,CLEAR,0,12.5,100K,8.667,ON,NORMAL,OFF,NOT INVERTED,N,HUFFMAN,5.378,IM8,NOT POSSIBLE,N/A,WEST,23322.51,687945.8,-9.101,217.299,3075.052,184.331,94.609,90.518,112.883,283.212,-16.674,96.02,UNK,UNK,222.236,242.976,21883.5,742467000.0,2.028,146.248,174.86,74.504,23.948,71.552,109.585,-31.48,216.666,400.0,400.0,1565.0,1565.0,1565.0,N/A,N/A,N/A,N/A,N/A,N/A,N/A,N/A,N/A,LSB_UNSIGNED_INTEGER,"frozenset({'N/A', 'MIPS_NEAR.CK', 'S990607A.BSP', 'S980928A.BSP', 'NULL'})","VICAR programs run: SSIMERGE,CATLABEL,BADLABELS.",REDR,1.418,1.364,1.478,UNIFORM,"frozenset({280, 1, 800})",2.0
C0466664313R,222.18325987598,-222.18325987598,-1068701.4800035,-935613.70733775,-808747.0659486032,-1166462.1143488933,219.20107833776268,-34.319280848297865,209.66568090425315,-42.787039765747764,FIXED_LENGTH,1000,810,"['C0466664313R.IMG', 1]","['C0466664313R.IMG', 3]","['C0466664313R.IMG', 5]","['C0466664313R.IMG', 11]","['C0466664313R.IMG', 11]",GO-J/JSA-SSI-2-REDR-V1.0,GALILEO ORBITER,SOLID STATE IMAGING SYSTEM,1,04666643.13,1998-09-26 02:51:04.475000+00:00,17E0013,17,17ESREGMAP01,EUROPA,-000T05:34:55Z,-000T01:00:00Z,NOT APPLICABLE,CLEAR,0,12.5,100K,8.667,ON,NORMAL,OFF,NOT INVERTED,N,INTEGER COSINE TRANSFORM,5.614,IM8,NOT POSSIBLE,N/A,WEST,23271.99,687904.8,-9.12,217.288,3819.531,332.921,91.124,90.642,112.824,283.15,-17.086,95.865,UNK,UNK,222.594,259.699,21917.3,742467000.0,2.028,146.259,172.914,74.233,31.068,71.625,111.729,-38.078,214.348,400.0,400.0,1565.0,1565.0,1565.0,N/A,N/A,N/A,N/A,N/A,N/A,N/A,N/A,N/A,LSB_UNSIGNED_INTEGER,"frozenset({'N/A', 'MIPS_NEAR.CK', 'S990607A.BSP', 'S980928A.BSP', 'NULL'})","VICAR programs run: SSIMERGE,CATLABEL,BADLABELS.",REDR,4.008,2.698,4.481,SKEWED,"frozenset({200, 601, 800, 1})",0.0
C0466664314R,222.18325987598,-222.18325987598,-1068701.4800035,-935613.70733775,-808747.0659486032,-1166462.1143488933,219.20107833776268,-34.319280848297865,209.66568090425315,-42.787039765747764,FIXED_LENGTH,1000,808,"['C0466664314R.IMG', 1]","['C0466664314R.IMG', 3]","['C0466664314R.IMG', 5]","['C0466664314R.IMG', 9]","['C0466664314R.IMG', 9]",GO-J/JSA-SSI-2-REDR-V1.0,GALILEO ORBITER,SOLID STATE IMAGING SYSTEM,1,04666643.14,1998-09-26 02:51:04.475000+00:00,17E0013,17,17ESREGMAP01,EUROPA,-000T05:34:55Z,-000T01:00:00Z,NOT APPLICABLE,CLEAR,0,12.5,100K,8.667,ON,NORMAL,OFF,NOT INVERTED,N,INTEGER COSINE TRANSFORM,5.644,IM8,NOT POSSIBLE,N/A,WEST,23271.99,687904.8,-9.12,217.288,3819.531,332.921,91.124,90.642,112.824,283.15,-17.086,95.865,UNK,UNK,222.594,259.699,21917.3,742467000.0,2.028,146.259,172.914,74.233,31.068,71.625,111.729,-38.078,214.348,400.0,400.0,1565.0,1565.0,1565.0,N/A,N/A,N/A,N/A,N/A,N/A,N/A,N/A,N/A,LSB_UNSIGNED_INTEGER,"frozenset({'N/A', 'MIPS_NEAR.CK', 'S990607A.BSP', 'S980928A.BSP', 'NULL'})","VICAR programs run: SSIMERGE,CATLABEL,BADLABELS.",REDR,3.066,2.463,3.722,SKEWED,"frozenset({600, 1, 800})",1.0
C0466664326R,222.6117722014,-222.6117722014,-1039374.3644083,-1112613.6374626,-739516.3072530143,-1366168.4459999944,218.1253293307862,-40.811821802372364,207.12622489545296,-50.11247507025992,FIXED_LENGTH,1000,808,"['C0466664326R.IMG', 1]","['C0466664326R.IMG', 3]","['C0466664326R.IMG', 5]","['C0466664326R.IMG', 9]","['C0466664326R.IMG', 9]",GO-J/JSA-SSI-2-REDR-V1.0,GALILEO ORBITER,SOLID STATE IMAGING SYSTEM,1,04666643.26,1998-09-26 02:51:13.142000+00:00,17E0014,17,17ESREGMAP01,EUROPA,-000T05:34:46Z,-000T00:59:51Z,NOT APPLICABLE,CLEAR,0,12.5,100K,8.667,ON,NORMAL,OFF,NOT INVERTED,N,INTEGER COSINE TRANSFORM,5.549,IM8,NOT POSSIBLE,N/A,WEST,23221.46,687863.8,-9.139,217.277,4521.259,383.378,90.231,90.829,112.807,283.152,-17.472,95.673,UNK,UNK,223.074,284.392,21973.5,742467000.0,2.028,146.269,171.676,75.065,38.34,71.637,113.548,-44.869,212.746,400.0,400.0,1565.0,1565.0,1565.0,N/A,N/A,N/A,N/A,N/A,N/A,N/A,N/A,N/A,LSB_UNSIGNED_INTEGER,"frozenset({'N/A', 'MIPS_NEAR.CK', 'S990607A.BSP', 'S980928A.BSP', 'NULL'})","VICAR programs run: SSIMERGE,CATLABEL,BADLABELS.",REDR,3.963,2.289,6.02,SKEWED,"frozenset({800, 1})",0.0
C0466664327R,222.6117722014,-222.6117722014,-1039374.3644083,-1112613.6374626,-739516.3072530143,-1366168.4459999944,218.1253293307862,-40.811821802372364,207.12622489545296,-50.11247507025992,FIXED_LENGTH,1000,810,"['C0466664327R.IMG', 1]","['C0466664327R.IMG', 3]","['C0466664327R.IMG', 5]","['C0466664327R.IMG', 11]","['C0466664327R.IMG', 11]",GO-J/JSA-SSI-2-REDR-V1.0,GALILEO ORBITER,SOLID STATE IMAGING SYSTEM,1,04666643.27,1998-09-26 02:51:13.142000+00:00,17E0014,17,17ESREGMAP01,EUROPA,-000T05:34:46Z,-000T00:59:51Z,NOT APPLICABLE,CLEAR,0,12.5,100K,8.667,ON,NORMAL,OFF,NOT INVERTED,N,INTEGER COSINE TRANSFORM,5.439,IM8,NOT POSSIBLE,N/A,WEST,23221.46,687863.8,-9.139,217.277,4521.259,383.378,90.231,90.829,112.807,283.152,-17.472,95.673,UNK,UNK,223.074,284.392,21973.5,742467000.0,2.028,146.269,171.676,75.065,38.34,71.637,113.548,-44.869,212.746,400.0,400.0,1565.0,1565.0,1565.0,N/A,N/A,N/A,N/A,N/A,N/A,N/A,N/A,N/A,LSB_UNSIGNED_INTEGER,"frozenset({'N/A', 'MIPS_NEAR.CK', 'S990607A.BSP', 'S980928A.BSP', 'NULL'})","VICAR programs run: SSIMERGE,CATLABEL,BADLABELS.",REDR,3.389,3.269,3.517,SKEWED,"frozenset({16, 193, 800, 1})",1.0
C0466664339R,223.38040243968,-223.38040243968,-986447.85717363,-1309679.2995038,-605137.5102090962,-1601860.8658949016,216.18393017014907,-48.04039460769387,202.19707129323686,-58.75791740265648,FIXED_LENGTH,1000,809,"['C0466664339R.IMG', 1]","['C0466664339R.IMG', 3]","['C0466664339R.IMG', 5]","['C0466664339R.IMG', 10]","['C0466664339R.IMG', 10]",GO-J/JSA-SSI-2-REDR-V1.0,GALILEO ORBITER,SOLID STATE IMAGING SYSTEM,1,04666643.39,1998-09-26 02:51:21.809000+00:00,17E0015,17,17ESREGMAP01,EUROPA,-000T05:34:38Z,-000T00:59:43Z,NOT APPLICABLE,CLEAR,0,12.5,100K,8.667,ON,NORMAL,OFF,NOT INVERTED,N,INTEGER COSINE TRANSFORM,5.673,IM8,NOT POSSIBLE,N/A,WEST,23170.95,687822.8,-9.158,217.266,5244.674,479.148,89.064,90.935,112.789,283.126,-17.871,95.55,UNK,UNK,223.948,326.513,22068.9,742467000.0,2.028,146.279,170.691,75.97,46.675,71.677,116.065,-52.597,209.812,400.0,400.0,1565.0,1565.0,1565.0,N/A,N/A,N/A,N/A,N/A,N/A,N/A,N/A,N/A,LSB_UNSIGNED_INTEGER,"frozenset({'N/A', 'MIPS_NEAR.CK', 'S990607A.BSP', 'S980928A.BSP', 'NULL'})","VICAR programs run: SSIMERGE,CATLABEL,BADLABELS.",REDR,4.166,3.714,5.318,SKEWED,"frozenset({400, 1, 800})",0.0
C0466664340R,223.38040243968,-223.38040243968,-986447.85717363,-1309679.2995038,-605137.5102090962,-1601860.8658949016,216.18393017014907,-48.04039460769387,202.19707129323686,-58.75791740265648,FIXED_LENGTH,1000,809,"['C0466664340R.IMG', 1]","['C0466664340R.IMG', 3]","['C0466664340R.IMG', 5]","['C0466664340R.IMG', 10]","['C0466664340R.IMG', 10]",GO-J/JSA-SSI-2-REDR-V1.0,GALILEO ORBITER,SOLID STATE IMAGING SYSTEM,1,04666643.40,1998-09-26 02:51:21.809000+00:00,17E0015,17,17ESREGMAP01,EUROPA,-000T05:34:38Z,-000T00:59:43Z,NOT APPLICABLE,CLEAR,0,12.5,100K,8.667,ON,NORMAL,OFF,NOT INVERTED,N,INTEGER COSINE TRANSFORM,5.56,IM8,NOT POSSIBLE,N/A,WEST,23170.95,687822.8,-9.158,217.266,5244.674,479.148,89.064,90.935,112.789,283.126,-17.871,95.55,UNK,UNK,223.948,326.513,22068.9,742467000.0,2.028,146.279,170.691,75.97,46.675,71.677,116.065,-52.597,209.812,400.0,400.0,1565.0,1565.0,1565.0,N/A,N/A,N/A,N/A,N/A,N/A,N/A,N/A,N/A,LSB_UNSIGNED_INTEGER,"frozenset({'N/A', 'MIPS_NEAR.CK', 'S990607A.BSP', 'S980928A.BSP', 'NULL'})","VICAR programs run: SSIMERGE,CATLABEL,BADLABELS.",REDR,3.209,2.055,3.529,SKEWED,"frozenset({400, 401, 800, 1})",1.0
C0466664352R,224.58105153096,-224.58105153096,-987482.88358163,-1539727.6892963,-416148.6884868677,-1911409.3295800388,216.22189601193074,-56.478808064089975,195.26476536504606,-70.11247599671346,FIXED_LENGTH,1000,807,"['C0466664352R.IMG', 1]","['C0466664352R.IMG', 3]","['C0466664352R.IMG', 5]","['C0466664352R.IMG', 8]","['C0466664352R.IMG', 8]",GO-J/JSA-SSI-2-REDR-V1.0,GALILEO ORBITER,SOLID STATE IMAGING SYSTEM,1,04666643.52,1998-09-26 02:51:30.475000+00:00,17E0016,17,17ESREGMAP01,EUROPA,-000T05:34:29Z,-000T00:59:34Z,NOT APPLICABLE,CLEAR,0,12.5,100K,8.667,ON,NORMAL,OFF,NOT INVERTED,N,INTEGER COSINE TRANSFORM,5.555,IM8,NOT POSSIBLE,N/A,WEST,23120.45,687781.8,-9.177,217.254,5963.449,392.615,90.076,91.078,112.854,283.213,-18.266,95.438,UNK,UNK,225.518,407.781,22217.8,742466000.0,2.028,146.289,171.731,78.969,56.425,71.61,117.947,-61.938,208.033,400.0,400.0,1565.0,1565.0,1565.0,N/A,N/A,N/A,N/A,N/A,N/A,N/A,N/A,N/A,LSB_UNSIGNED_INTEGER,"frozenset({'N/A', 'MIPS_NEAR.CK', 'S990607A.BSP', 'S980928A.BSP', 'NULL'})","VICAR programs run: SSIMERGE,CATLABEL,BADLABELS.",REDR,3.749,2.365,4.723,SKEWED,"frozenset({800, 1})",0.0
C0466664365R,224.59533644257,-224.59533644257,-634481.82545026,-1559814.6115936,226616.69447055343,-1945893.9949383778,203.27345120106023,-57.21561720048082,171.68746468606378,-71.3774092764534,FIXED_LENGTH,1000,809,"['C0466664365R.IMG', 1]","['C0466664365R.IMG', 3]","['C0466664365R.IMG', 5]","['C0466664365R.IMG', 10]","['C0466664365R.IMG', 10]",GO-J/JSA-SSI-2-REDR-V1.0,GALILEO ORBITER,SOLID STATE IMAGING SYSTEM,1,04666643.65,1998-09-26 02:51:39.142000+00:00,17E0017,17,17ESREGMAP01,EUROPA,-000T05:34:20Z,-000T00:59:25Z,NOT APPLICABLE,CLEAR,0,12.5,100K,8.667,ON,NORMAL,OFF,NOT INVERTED,N,INTEGER COSINE TRANSFORM,5.451,IM8,NOT POSSIBLE,N/A,WEST,23069.95,687740.8,-9.197,217.243,6111.472,1216.152,81.868,91.842,112.451,282.785,-18.344,94.497,UNK,UNK,232.329,442.047,22236.8,742466000.0,2.028,146.299,165.887,73.835,59.544,72.019,132.175,-62.748,193.679,400.0,400.0,1565.0,1565.0,1565.0,N/A,N/A,N/A,N/A,N/A,N/A,N/A,N/A,N/A,LSB_UNSIGNED_INTEGER,"frozenset({'N/A', 'MIPS_NEAR.CK', 'S990607A.BSP', 'S980928A.BSP', 'NULL'})","VICAR programs run: SSIMERGE,CATLABEL,BADLABELS.",REDR,3.861,2.335,5.495,SKEWED,"frozenset({400, 401, 800, 1})",0.0
C0466664366R,224.59533644257,-224.59533644257,-634481.82545026,-1559814.6115936,226616.69447055343,-1945893.9949383778,203.27345120106023,-57.21561720048082,171.68746468606378,-71.3774092764534,FIXED_LENGTH,1000,809,"['C0466664366R.IMG', 1]","['C0466664366R.IMG', 3]","['C0466664366R.IMG', 5]","['C0466664366R.IMG', 10]","['C0466664366R.IMG', 10]",GO-J/JSA-SSI-2-REDR-V1.0,GALILEO ORBITER,SOLID STATE IMAGING SYSTEM,1,04666643.66,1998-09-26 02:51:39.142000+00:00,17E0017,17,17ESREGMAP01,EUROPA,-000T05:34:20Z,-000T00:59:25Z,NOT APPLICABLE,CLEAR,0,12.5,100K,8.667,ON,NORMAL,OFF,NOT INVERTED,N,INTEGER COSINE TRANSFORM,5.418,IM8,NOT POSSIBLE,N/A,WEST,23069.95,687740.8,-9.197,217.243,6111.472,1216.152,81.868,91.842,112.451,282.785,-18.344,94.497,UNK,UNK,232.329,442.047,22236.8,742466000.0,2.028,146.299,165.887,73.835,59.544,72.019,132.175,-62.748,193.679,400.0,400.0,1565.0,1565.0,1565.0,N/A,N/A,N/A,N/A,N/A,N/A,N/A,N/A,N/A,LSB_UNSIGNED_INTEGER,"frozenset({'N/A', 'MIPS_NEAR.CK', 'S990607A.BSP', 'S980928A.BSP', 'NULL'})","VICAR programs run: SSIMERGE,CATLABEL,BADLABELS.",REDR,3.171,2.836,3.522,SKEWED,"frozenset({400, 1, 800})",1.0
C0466664378R,223.34285098903,-223.34285098903,-436635.27368355,-1409516.7325918,268234.7640378287,-1734703.9236318276,196.0162345509648,-51.702535166824575,170.16087074388278,-63.63073849480665,FIXED_LENGTH,1000,808,"['C0466664378R.IMG', 1]","['C0466664378R.IMG', 3]","['C0466664378R.IMG', 5]","['C0466664378R.IMG', 9]","['C0466664378R.IMG', 9]",GO-J/JSA-SSI-2-REDR-V1.0,GALILEO ORBITER,SOLID STATE IMAGING SYSTEM,1,04666643.78,1998-09-26 02:51:47.809000+00:00,17E0018,17,17ESREGMAP01,EUROPA,-000T05:34:12Z,-000T00:59:17Z,NOT APPLICABLE,CLEAR,0,12.5,100K,8.667,ON,NORMAL,OFF,NOT INVERTED,N,INTEGER COSINE TRANSFORM,5.565,IM8,NOT POSSIBLE,N/A,WEST,23019.45,687699.9,-9.216,217.231,5775.152,1877.258,74.633,91.487,112.059,282.381,-18.136,94.688,UNK,UNK,241.588,393.823,22112.1,742466000.0,2.028,146.309,160.96,67.306,56.217,72.395,139.261,-56.724,187.06,400.0,400.0,1565.0,1565.0,1565.0,N/A,N/A,N/A,N/A,N/A,N/A,N/A,N/A,N/A,LSB_UNSIGNED_INTEGER,"frozenset({'N/A', 'MIPS_NEAR.CK', 'S990607A.BSP', 'S980928A.BSP', 'NULL'})","VICAR programs run: SSIMERGE,CATLABEL,BADLABELS.",REDR,3.808,2.49,5.45,SKEWED,"frozenset({800, 1})",0.0
C0466664379R,223.34285098903,-223.34285098903,-436635.27368355,-1409516.7325918,268234.7640378287,-1734703.9236318276,196.0162345509648,-51.702535166824575,170.16087074388278,-63.63073849480665,FIXED_LENGTH,1000,810,"['C0466664379R.IMG', 1]","['C0466664379R.IMG', 3]","['C0466664379R.IMG', 5]","['C0466664379R.IMG', 11]","['C0466664379R.IMG', 11]",GO-J/JSA-SSI-2-REDR-V1.0,GALILEO ORBITER,SOLID STATE IMAGING SYSTEM,1,04666643.79,1998-09-26 02:51:47.809000+00:00,17E0018,17,17ESREGMAP01,EUROPA,-000T05:34:12Z,-000T00:59:17Z,NOT APPLICABLE,CLEAR,0,12.5,100K,8.667,ON,NORMAL,OFF,NOT INVERTED,N,INTEGER COSINE TRANSFORM,5.082,IM8,NOT POSSIBLE,N/A,WEST,23019.45,687699.9,-9.216,217.231,5775.152,1877.258,74.633,91.487,112.059,282.381,-18.136,94.688,UNK,UNK,241.588,393.823,22112.1,742466000.0,2.028,146.309,160.96,67.306,56.217,72.395,139.261,-56.724,187.06,400.0,400.0,1565.0,1565.0,1565.0,N/A,N/A,N/A,N/A,N/A,N/A,N/A,N/A,N/A,LSB_UNSIGNED_INTEGER,"frozenset({'N/A', 'MIPS_NEAR.CK', 'S990607A.BSP', 'S980928A.BSP', 'NULL'})","VICAR programs run: SSIMERGE,CATLABEL,BADLABELS.",REDR,4.237,4.056,4.5,SKEWED,"frozenset({24, 465, 800, 1})",1.0
C0466664400R,221.61368718204,-221.61368718204,-337739.25926543,-1168790.5861981,169977.69806862366,-1438937.6708730066,192.38862620472716,-42.87245052738321,173.7650417985396,-52.781725687201025,FIXED_LENGTH,1000,808,"['C0466664400R.IMG', 1]","['C0466664400R.IMG', 3]","['C0466664400R.IMG', 5]","['C0466664400R.IMG', 9]","['C0466664400R.IMG', 9]",GO-J/JSA-SSI-2-REDR-V1.0,GALILEO ORBITER,SOLID STATE IMAGING SYSTEM,1,04666644.00,1998-09-26 02:51:56.472000+00:00,17E0019,17,17ESREGMAP01,EUROPA,-000T05:34:03Z,-000T00:59:08Z,NOT APPLICABLE,CLEAR,0,6.25,100K,8.667,ON,NORMAL,OFF,NOT INVERTED,N,INTEGER COSINE TRANSFORM,4.643,IM8,NOT POSSIBLE,N/A,WEST,22968.98,687658.9,-9.236,217.22,5071.266,2521.45,65.575,90.932,111.72,281.974,-17.706,95.079,UNK,UNK,247.733,326.962,21926.9,742466000.0,2.028,146.32,157.176,59.808,49.77,72.767,140.523,-47.282,185.048,400.0,400.0,1565.0,1565.0,1565.0,N/A,N/A,N/A,N/A,N/A,N/A,N/A,N/A,N/A,LSB_UNSIGNED_INTEGER,"frozenset({'N/A', 'MIPS_NEAR.CK', 'S990607A.BSP', 'S980928A.BSP', 'NULL'})","VICAR programs run: SSIMERGE,CATLABEL,BADLABELS.",REDR,4.231,3.634,5.045,SKEWED,"frozenset({400, 1, 800})",0.0
C0466664401R,221.61368718204,-221.61368718204,-337739.25926543,-1168790.5861981,169977.69806862366,-1438937.6708730066,192.38862620472716,-42.87245052738321,173.7650417985396,-52.781725687201025,FIXED_LENGTH,1000,809,"['C0466664401R.IMG', 1]","['C0466664401R.IMG', 3]","['C0466664401R.IMG', 5]","['C0466664401R.IMG', 10]","['C0466664401R.IMG', 10]",GO-J/JSA-SSI-2-REDR-V1.0,GALILEO ORBITER,SOLID STATE IMAGING SYSTEM,1,04666644.01,1998-09-26 02:51:56.472000+00:00,17E0019,17,17ESREGMAP01,EUROPA,-000T05:34:03Z,-000T00:59:08Z,NOT APPLICABLE,CLEAR,0,6.25,100K,8.667,ON,NORMAL,OFF,NOT INVERTED,N,INTEGER COSINE TRANSFORM,4.561,IM8,NOT POSSIBLE,N/A,WEST,22968.98,687658.9,-9.236,217.22,5071.266,2521.45,65.575,90.932,111.72,281.974,-17.706,95.079,UNK,UNK,247.733,326.962,21926.9,742466000.0,2.028,146.32,157.176,59.808,49.77,72.767,140.523,-47.282,185.048,400.0,400.0,1565.0,1565.0,1565.0,N/A,N/A,N/A,N/A,N/A,N/A,N/A,N/A,N/A,LSB_UNSIGNED_INTEGER,"frozenset({'N/A', 'MIPS_NEAR.CK', 'S990607A.BSP', 'S980928A.BSP', 'NULL'})","VICAR programs run: SSIMERGE,CATLABEL,BADLABELS.",REDR,3.032,1.902,3.286,SKEWED,"frozenset({400, 401, 800, 1})",1.0
C0466664413R,221.9850750673,-221.9850750673,-93011.746453199,-1157652.166476,538091.8219631349,-1428251.9729830388,183.41176729635671,-42.46388174343853,160.26223406594588,-52.38976320945007,FIXED_LENGTH,1000,808,"['C0466664413R.IMG', 1]","['C0466664413R.IMG', 3]","['C0466664413R.IMG', 5]","['C0466664413R.IMG', 9]","['C0466664413R.IMG', 9]",GO-J/JSA-SSI-2-REDR-V1.0,GALILEO ORBITER,SOLID STATE IMAGING SYSTEM,1,04666644.13,1998-09-26 02:52:05.139000+00:00,17E0020,17,17ESREGMAP01,EUROPA,-000T05:33:54Z,-000T00:58:59Z,NOT APPLICABLE,CLEAR,0,6.25,100K,8.667,ON,NORMAL,OFF,NOT INVERTED,N,INTEGER COSINE TRANSFORM,4.523,IM8,NOT POSSIBLE,N/A,WEST,22918.5,687618.0,-9.255,217.208,5178.525,3203.62,59.599,90.786,111.318,281.578,-17.752,95.061,UNK,UNK,276.495,356.727,21991.8,742466000.0,2.028,146.33,151.369,54.976,55.331,73.145,150.974,-46.982,174.72,400.0,400.0,1565.0,1565.0,1565.0,N/A,N/A,N/A,N/A,N/A,N/A,N/A,N/A,N/A,LSB_UNSIGNED_INTEGER,"frozenset({'N/A', 'MIPS_NEAR.CK', 'S990607A.BSP', 'S980928A.BSP', 'NULL'})","VICAR programs run: SSIMERGE,CATLABEL,BADLABELS.",REDR,5.179,2.74,6.2,SKEWED,"frozenset({800, 1})",0.0
C0466664414R,221.9850750673,-221.9850750673,-93011.746453199,-1157652.166476,538091.8219631349,-1428251.9729830388,183.41176729635671,-42.46388174343853,160.26223406594588,-52.38976320945007,FIXED_LENGTH,1000,810,"['C0466664414R.IMG', 1]","['C0466664414R.IMG', 3]","['C0466664414R.IMG', 5]","['C0466664414R.IMG', 11]","['C0466664414R.IMG', 11]",GO-J/JSA-SSI-2-REDR-V1.0,GALILEO ORBITER,SOLID STATE IMAGING SYSTEM,1,04666644.14,1998-09-26 02:52:05.139000+00:00,17E0020,17,17ESREGMAP01,EUROPA,-000T05:33:54Z,-000T00:58:59Z,NOT APPLICABLE,CLEAR,0,6.25,100K,8.667,ON,NORMAL,OFF,NOT INVERTED,N,INTEGER COSINE TRANSFORM,4.542,IM8,NOT POSSIBLE,N/A,WEST,22918.5,687618.0,-9.255,217.208,5178.525,3203.62,59.599,90.786,111.318,281.578,-17.752,95.061,UNK,UNK,276.495,356.727,21991.8,742466000.0,2.028,146.33,151.369,54.976,55.331,73.145,150.974,-46.982,174.72,400.0,400.0,1565.0,1565.0,1565.0,N/A,N/A,N/A,N/A,N/A,N/A,N/A,N/A,N/A,LSB_UNSIGNED_INTEGER,"frozenset({'N/A', 'MIPS_NEAR.CK', 'S990607A.BSP', 'S980928A.BSP', 'NULL'})","VICAR programs run: SSIMERGE,CATLABEL,BADLABELS.",REDR,3.286,3.218,3.339,SKEWED,"frozenset({24, 417, 800, 1})",1.0
C0466664415R,221.9850750673,-221.9850750673,-93011.746453199,-1157652.166476,538091.8219631349,-1428251.9729830388,183.41176729635671,-42.46388174343853,160.26223406594588,-52.38976320945007,FIXED_LENGTH,1000,806,"['C0466664415R.IMG', 1]","['C0466664415R.IMG', 3]","['C0466664415R.IMG', 5]","['C0466664415R.IMG', 7]","['C0466664415R.IMG', 7]",GO-J/JSA-SSI-2-REDR-V1.0,GALILEO ORBITER,SOLID STATE IMAGING SYSTEM,1,04666644.15,1998-09-26 02:52:05.139000+00:00,17E0020,17,17ESREGMAP01,EUROPA,-000T05:33:54Z,-000T00:58:59Z,NOT APPLICABLE,CLEAR,0,6.25,100K,8.667,ON,NORMAL,OFF,NOT INVERTED,N,HUFFMAN,4.423,IM8,NOT POSSIBLE,N/A,WEST,22918.5,687618.0,-9.255,217.208,5178.525,3203.62,59.599,90.786,111.318,281.578,-17.752,95.061,UNK,UNK,276.495,356.727,21991.8,742466000.0,2.028,146.33,151.369,54.976,55.331,73.145,150.974,-46.982,174.72,400.0,400.0,1565.0,1565.0,1565.0,N/A,N/A,N/A,N/A,N/A,N/A,N/A,N/A,N/A,LSB_UNSIGNED_INTEGER,"frozenset({'N/A', 'MIPS_NEAR.CK', 'S990607A.BSP', 'S980928A.BSP', 'NULL'})","VICAR programs run: SSIMERGE,CATLABEL,BADLABELS.",REDR,1.662,1.515,1.615,UNIFORM,"frozenset({800, 1})",2.0
C0466664552R,212.13574354521,-212.13574354521,-1398398.82145,175436.25991189,-1201748.9871835902,-15485.909278798994,231.294718658869,6.435183909418344,224.0813988474654,-0.568039208449208,FIXED_LENGTH,1000,814,"['C0466664552R.IMG', 1]","['C0466664552R.IMG', 3]","['C0466664552R.IMG', 5]","['C0466664552R.IMG', 15]","['C0466664552R.IMG', 15]",GO-J/JSA-SSI-2-REDR-V1.0,GALILEO ORBITER,SOLID STATE IMAGING SYSTEM,1,04666645.52,1998-09-26 02:53:31.805000+00:00,17E0021,17,17ESNERTRM01,EUROPA,-000T05:32:28Z,-000T00:57:33Z,NOT APPLICABLE,CLEAR,0,6.25,100K,8.667,ON,NORMAL,OFF,NOT INVERTED,N,BARC RATE CONTROL,3.431,IM4,NOT POSSIBLE,N/A,WEST,22414.04,687209.5,-9.456,217.085,-1344.035,-683.407,238.151,89.424,113.762,284.09,-13.714,97.532,UNK,UNK,215.356,219.743,20915.6,742465000.0,2.028,146.431,184.015,80.726,17.367,70.63,99.096,3.151,227.251,400.0,400.0,1565.0,1565.0,1565.0,N/A,N/A,N/A,N/A,N/A,N/A,N/A,N/A,N/A,LSB_UNSIGNED_INTEGER,"frozenset({'N/A', 'MIPS_NEAR.CK', 'S990607A.BSP', 'S980928A.BSP', 'NULL'})","VICAR programs run: SSIMERGE,CATLABEL,BADLABELS.",REDR,,,,,"frozenset({800, 1})",
C0466664565R,211.43444161462,-211.43444161462,-1402656.0856714,9937.4187558871,-1210039.309360481,-176124.8898649785,231.4508795245273,0.36451482328199497,224.3854964604869,-6.460443570083045,FIXED_LENGTH,1000,813,"['C0466664565R.IMG', 1]","['C0466664565R.IMG', 3]","['C0466664565R.IMG', 5]","['C0466664565R.IMG', 14]","['C0466664565R.IMG', 14]",GO-J/JSA-SSI-2-REDR-V1.0,GALILEO ORBITER,SOLID STATE IMAGING SYSTEM,1,04666645.65,1998-09-26 02:53:40.472000+00:00,17E0022,17,17ESNERTRM01,EUROPA,-000T05:32:19Z,-000T00:57:24Z,NOT APPLICABLE,CLEAR,0,6.25,100K,8.667,ON,NORMAL,OFF,NOT INVERTED,N,BARC RATE CONTROL,3.448,IM4,NOT POSSIBLE,N/A,WEST,22363.62,687168.8,-9.477,217.072,-601.888,-819.892,219.396,89.58,113.842,284.187,-14.122,97.407,UNK,UNK,215.339,213.915,20837.4,742465000.0,2.028,146.442,182.928,81.171,13.238,70.544,99.01,-2.806,227.496,400.0,400.0,1565.0,1565.0,1565.0,N/A,N/A,N/A,N/A,N/A,N/A,N/A,N/A,N/A,LSB_UNSIGNED_INTEGER,"frozenset({'N/A', 'MIPS_NEAR.CK', 'S990607A.BSP', 'S980928A.BSP', 'NULL'})","VICAR programs run: SSIMERGE,CATLABEL,BADLABELS.",REDR,,,,,"frozenset({800, 1})",
C0466664578R,210.89720443157,-210.89720443157,-1403309.9982877,-141722.92137802,-1212869.822685992,-325625.28364234907,231.47486571728297,-5.198543697327103,224.4893226239999,-11.944273018858466,FIXED_LENGTH,1000,813,"['C0466664578R.IMG', 1]","['C0466664578R.IMG', 3]","['C0466664578R.IMG', 5]","['C0466664578R.IMG', 14]","['C0466664578R.IMG', 14]",GO-J/JSA-SSI-2-REDR-V1.0,GALILEO ORBITER,SOLID STATE IMAGING SYSTEM,1,04666645.78,1998-09-26 02:53:49.139000+00:00,17E0023,17,17ESNERTRM01,EUROPA,-000T05:32:10Z,-000T00:57:15Z,NOT APPLICABLE,CLEAR,0,6.25,100K,8.667,ON,NORMAL,OFF,NOT INVERTED,N,BARC RATE CONTROL,3.481,IM4,NOT POSSIBLE,N/A,WEST,22313.22,687128.0,-9.497,217.059,102.431,-912.495,192.774,89.777,113.923,284.26,-14.506,97.232,UNK,UNK,214.933,211.162,20776.1,742465000.0,2.028,146.452,181.944,81.514,11.233,70.482,98.813,-8.313,227.569,400.0,400.0,1565.0,1565.0,1565.0,N/A,N/A,N/A,N/A,N/A,N/A,N/A,N/A,N/A,LSB_UNSIGNED_INTEGER,"frozenset({'N/A', 'MIPS_NEAR.CK', 'S990607A.BSP', 'S980928A.BSP', 'NULL'})","VICAR programs run: SSIMERGE,CATLABEL,BADLABELS.",REDR,,,,,"frozenset({800, 1})",
C0466664600R,210.3872691335,-210.3872691335,-1388345.589012,-299381.08397697,-1198155.497715316,-483469.9444687825,230.92595566964914,-10.981608564617193,223.9495859279668,-17.734178834497772,FIXED_LENGTH,1000,813,"['C0466664600R.IMG', 1]","['C0466664600R.IMG', 3]","['C0466664600R.IMG', 5]","['C0466664600R.IMG', 14]","['C0466664600R.IMG', 14]",GO-J/JSA-SSI-2-REDR-V1.0,GALILEO ORBITER,SOLID STATE IMAGING SYSTEM,1,04666646.00,1998-09-26 02:53:57.805000+00:00,17E0024,17,17ESNERTRM01,EUROPA,-000T05:32:02Z,-000T00:57:07Z,NOT APPLICABLE,CLEAR,0,6.25,100K,8.667,ON,NORMAL,OFF,NOT INVERTED,N,BARC RATE CONTROL,3.432,IM4,NOT POSSIBLE,N/A,WEST,22262.82,687087.3,-9.518,217.046,852.887,-916.239,161.013,89.947,113.94,284.282,-14.917,97.062,UNK,UNK,214.359,210.894,20727.5,742465000.0,2.028,146.462,180.971,81.367,11.597,70.471,99.343,-14.073,227.039,400.0,400.0,1565.0,1565.0,1565.0,N/A,N/A,N/A,N/A,N/A,N/A,N/A,N/A,N/A,LSB_UNSIGNED_INTEGER,"frozenset({'N/A', 'MIPS_NEAR.CK', 'S990607A.BSP', 'S980928A.BSP', 'NULL'})","VICAR programs run: SSIMERGE,CATLABEL,BADLABELS.",REDR,,,,,"frozenset({800, 1})",
C0466664613R,209.9593452388,-209.9593452388,-1365365.6220879,-447633.32404912,-1173042.8618491592,-634287.1819664133,230.0830266567803,-16.41965444137421,223.02842840710917,-23.266311476262448,FIXED_LENGTH,1000,813,"['C0466664613R.IMG', 1]","['C0466664613R.IMG', 3]","['C0466664613R.IMG', 5]","['C0466664613R.IMG', 14]","['C0466664613R.IMG', 14]",GO-J/JSA-SSI-2-REDR-V1.0,GALILEO ORBITER,SOLID STATE IMAGING SYSTEM,1,04666646.13,1998-09-26 02:54:06.472000+00:00,17E0025,17,17ESNERTRM01,EUROPA,-000T05:31:53Z,-000T00:56:58Z,NOT APPLICABLE,CLEAR,0,6.25,100K,8.667,ON,NORMAL,OFF,NOT INVERTED,N,BARC RATE CONTROL,3.384,IM4,NOT POSSIBLE,N/A,WEST,22212.43,687046.6,-9.539,217.033,1567.121,-861.858,137.234,90.13,113.93,284.272,-15.307,96.869,UNK,UNK,213.835,213.215,20692.8,742465000.0,2.028,146.472,179.952,80.995,14.339,70.491,100.171,-19.532,226.175,400.0,400.0,1565.0,1565.0,1565.0,N/A,N/A,N/A,N/A,N/A,N/A,N/A,N/A,N/A,LSB_UNSIGNED_INTEGER,"frozenset({'N/A', 'MIPS_NEAR.CK', 'S990607A.BSP', 'S980928A.BSP', 'NULL'})","VICAR programs run: SSIMERGE,CATLABEL,BADLABELS.",REDR,,,,,"frozenset({800, 1})",
C0466664626R,209.69041174064,-209.69041174064,-1331953.4953765,-601601.7912839,-1133796.0562815953,-793468.5180265857,228.85743520663974,-22.067377457156024,221.5888148870119,-29.10524792536712,FIXED_LENGTH,1000,814,"['C0466664626R.IMG', 1]","['C0466664626R.IMG', 3]","['C0466664626R.IMG', 5]","['C0466664626R.IMG', 15]","['C0466664626R.IMG', 15]",GO-J/JSA-SSI-2-REDR-V1.0,GALILEO ORBITER,SOLID STATE IMAGING SYSTEM,1,04666646.26,1998-09-26 02:54:15.139000+00:00,17E0026,17,17ESNERTRM01,EUROPA,-000T05:31:44Z,-000T00:56:49Z,NOT APPLICABLE,CLEAR,0,6.25,100K,8.667,ON,NORMAL,OFF,NOT INVERTED,N,BARC RATE CONTROL,3.329,IM4,NOT POSSIBLE,N/A,WEST,22162.04,687005.8,-9.56,217.02,2307.444,-746.961,121.019,90.342,113.874,284.229,-15.711,96.631,UNK,UNK,213.252,218.513,20673.6,742465000.0,2.028,146.482,178.727,80.399,18.658,70.545,101.613,-25.237,224.875,400.0,400.0,1565.0,1565.0,1565.0,N/A,N/A,N/A,N/A,N/A,N/A,N/A,N/A,N/A,LSB_UNSIGNED_INTEGER,"frozenset({'N/A', 'MIPS_NEAR.CK', 'S990607A.BSP', 'S980928A.BSP', 'NULL'})","VICAR programs run: SSIMERGE,CATLABEL,BADLABELS.",REDR,,,,,"frozenset({800, 1})",
C0466664639R,209.58312982578,-209.58312982578,-1294175.8266742,-753870.51798333,-1086478.9450168519,-953603.2407072983,227.47171114999105,-27.652752227775952,219.85317418648646,-34.97915558420367,FIXED_LENGTH,1000,813,"['C0466664639R.IMG', 1]","['C0466664639R.IMG', 3]","['C0466664639R.IMG', 5]","['C0466664639R.IMG', 14]","['C0466664639R.IMG', 14]",GO-J/JSA-SSI-2-REDR-V1.0,GALILEO ORBITER,SOLID STATE IMAGING SYSTEM,1,04666646.39,1998-09-26 02:54:23.805000+00:00,17E0027,17,17ESNERTRM01,EUROPA,-000T05:31:36Z,-000T00:56:41Z,NOT APPLICABLE,CLEAR,0,6.25,100K,8.667,ON,NORMAL,OFF,NOT INVERTED,N,BARC RATE CONTROL,3.277,IM4,NOT POSSIBLE,N/A,WEST,22111.67,686965.1,-9.581,217.006,3024.928,-606.435,110.978,90.481,113.817,284.172,-16.104,96.462,UNK,UNK,212.451,226.952,20670.4,742465000.0,2.028,146.492,177.481,79.822,23.773,70.612,103.076,-30.916,223.354,400.0,400.0,1565.0,1565.0,1565.0,N/A,N/A,N/A,N/A,N/A,N/A,N/A,N/A,N/A,LSB_UNSIGNED_INTEGER,"frozenset({'N/A', 'MIPS_NEAR.CK', 'S990607A.BSP', 'S980928A.BSP', 'NULL'})","VICAR programs run: SSIMERGE,CATLABEL,BADLABELS.",REDR,,,,,"frozenset({800, 1})",
C0466664652R,209.67476755365,-209.67476755365,-1242322.9977554,-914181.98653391,-1017341.9721703334,-1126792.200833311,225.56969562319134,-33.533143108372926,217.31715833986925,-41.33190620743032,FIXED_LENGTH,1000,814,"['C0466664652R.IMG', 1]","['C0466664652R.IMG', 3]","['C0466664652R.IMG', 5]","['C0466664652R.IMG', 15]","['C0466664652R.IMG', 15]",GO-J/JSA-SSI-2-REDR-V1.0,GALILEO ORBITER,SOLID STATE IMAGING SYSTEM,1,04666646.52,1998-09-26 02:54:32.472000+00:00,17E0028,17,17ESNERTRM01,EUROPA,-000T05:31:27Z,-000T00:56:32Z,NOT APPLICABLE,CLEAR,0,6.25,100K,8.667,ON,NORMAL,OFF,NOT INVERTED,N,BARC RATE CONTROL,3.345,IM4,NOT POSSIBLE,N/A,WEST,22061.3,686924.4,-9.602,216.993,3762.872,-404.206,103.449,90.695,113.753,284.083,-16.508,96.205,UNK,UNK,211.768,240.023,20687.4,742465000.0,2.028,146.503,175.927,79.089,29.642,70.712,104.741,-36.968,221.213,400.0,400.0,1565.0,1565.0,1565.0,N/A,N/A,N/A,N/A,N/A,N/A,N/A,N/A,N/A,LSB_UNSIGNED_INTEGER,"frozenset({'N/A', 'MIPS_NEAR.CK', 'S990607A.BSP', 'S980928A.BSP', 'NULL'})","VICAR programs run: SSIMERGE,CATLABEL,BADLABELS.",REDR,,,,,"frozenset({800, 1})",
C0466664665R,210.00239351553,-210.00239351553,-1248044.2246628,-1085082.3672947,-994991.3404765865,-1315874.9977682673,225.77955615803813,-39.80194626763799,216.4973139957572,-48.26765924385937,FIXED_LENGTH,1000,813,"['C0466664665R.IMG', 1]","['C0466664665R.IMG', 3]","['C0466664665R.IMG', 5]","['C0466664665R.IMG', 14]","['C0466664665R.IMG', 14]",GO-J/JSA-SSI-2-REDR-V1.0,GALILEO ORBITER,SOLID STATE IMAGING SYSTEM,1,04666646.65,1998-09-26 02:54:41.139000+00:00,17E0029,17,17ESNERTRM01,EUROPA,-000T05:31:18Z,-000T00:56:23Z,NOT APPLICABLE,CLEAR,0,6.25,100K,8.667,ON,NORMAL,OFF,NOT INVERTED,N,BARC RATE CONTROL,3.437,IM4,NOT POSSIBLE,N/A,WEST,22010.93,686883.8,-9.623,216.979,4486.22,-398.965,101.063,90.899,113.741,284.116,-16.902,96.008,UNK,UNK,212.891,259.93,20732.2,742465000.0,2.028,146.513,175.356,80.163,36.443,70.696,105.635,-43.473,220.899,400.0,400.0,1565.0,1565.0,1565.0,N/A,N/A,N/A,N/A,N/A,N/A,N/A,N/A,N/A,LSB_UNSIGNED_INTEGER,"frozenset({'N/A', 'MIPS_NEAR.CK', 'S990607A.BSP', 'S980928A.BSP', 'NULL'})","VICAR programs run: SSIMERGE,CATLABEL,BADLABELS.",REDR,,,,,"frozenset({800, 1})",
C0466664813R,204.63012967106,-204.63012967106,-837141.86048431,-999208.92318379,-560891.185428379,-1220414.0933582059,210.70723140811816,-36.652019302332164,200.57407022479885,-44.7660542943086,FIXED_LENGTH,1000,809,"['C0466664813R.IMG', 1]","['C0466664813R.IMG', 3]","['C0466664813R.IMG', 5]","['C0466664813R.IMG', 10]","['C0466664813R.IMG', 10]",GO-J/JSA-SSI-2-REDR-V1.0,GALILEO ORBITER,SOLID STATE IMAGING SYSTEM,1,04666648.13,1998-09-26 02:56:07.817000+00:00,17E0030,17,17ESAGENOR01,EUROPA,-000T05:29:52Z,-000T00:54:57Z,NOT APPLICABLE,GREEN,1,29.17,100K,8.667,ON,NORMAL,OFF,NOT INVERTED,N,BARC RATE CONTROL,3.921,IM4,NOT POSSIBLE,N/A,WEST,21507.61,686477.9,-9.841,216.836,4359.402,1060.036,80.536,90.477,113.105,283.442,-16.595,96.157,UNK,UNK,206.362,246.383,20192.6,742464000.0,2.028,146.614,168.953,68.572,34.029,71.329,120.564,-40.071,206.117,400.0,400.0,1565.0,1565.0,1565.0,N/A,N/A,N/A,N/A,N/A,N/A,N/A,N/A,N/A,LSB_UNSIGNED_INTEGER,"frozenset({'N/A', 'MIPS_NEAR.CK', 'S990607A.BSP', 'S980928A.BSP', 'NULL'})","VICAR programs run: SSIMERGE,CATLABEL,BADLABELS.",REDR,,,,,"frozenset({400, 1, 800})",
C0466664952R,199.66101282199,-199.66101282199,-693622.35854359,-992514.89473811,-405711.17805428035,-1209147.0936499692,205.44278727302026,-36.40647539844101,194.88190666055758,-44.35276906315809,FIXED_LENGTH,1000,809,"['C0466664952R.IMG', 1]","['C0466664952R.IMG', 3]","['C0466664952R.IMG', 5]","['C0466664952R.IMG', 10]","['C0466664952R.IMG', 10]",GO-J/JSA-SSI-2-REDR-V1.0,GALILEO ORBITER,SOLID STATE IMAGING SYSTEM,1,04666649.52,1998-09-26 02:57:34.479000+00:00,17E0031,17,17ESAGENOR01,EUROPA,-000T05:28:25Z,-000T00:53:30Z,NOT APPLICABLE,GREEN,1,20.83,100K,8.667,ON,NORMAL,OFF,NOT INVERTED,N,BARC RATE CONTROL,3.306,IM4,NOT POSSIBLE,N/A,WEST,21005.13,686073.4,-10.069,216.681,4473.331,1630.8,73.187,90.689,112.986,283.341,-16.41,95.907,UNK,UNK,204.283,241.921,19709.8,742463000.0,2.028,146.716,165.937,64.616,35.403,71.42,126.517,-39.784,200.724,400.0,400.0,1565.0,1565.0,1565.0,N/A,N/A,N/A,N/A,N/A,N/A,N/A,N/A,N/A,LSB_UNSIGNED_INTEGER,"frozenset({'N/A', 'MIPS_NEAR.CK', 'S990607A.BSP', 'S980928A.BSP', 'NULL'})","VICAR programs run: SSIMERGE,CATLABEL,BADLABELS.",REDR,,,,,"frozenset({400, 1, 800})",
C0466665100R,194.74535854481,-194.74535854481,-539249.89781058,-967300.19589207,-240705.26316138625,-1178014.6738375544,199.78024535685478,-35.48157410166029,188.82931862082793,-43.21079962571838,FIXED_LENGTH,1000,809,"['C0466665100R.IMG', 1]","['C0466665100R.IMG', 3]","['C0466665100R.IMG', 5]","['C0466665100R.IMG', 10]","['C0466665100R.IMG', 10]",GO-J/JSA-SSI-2-REDR-V1.0,GALILEO ORBITER,SOLID STATE IMAGING SYSTEM,1,04666651.00,1998-09-26 02:59:01.146000+00:00,17E0032,17,17ESAGENOR01,EUROPA,-000T05:26:58Z,-000T00:52:03Z,NOT APPLICABLE,GREEN,1,20.83,100K,8.667,ON,NORMAL,OFF,NOT INVERTED,N,BARC RATE CONTROL,3.48,IM4,NOT POSSIBLE,N/A,WEST,20503.4,685670.5,-10.307,216.513,4520.174,2299.045,65.254,91.035,112.874,283.2,-16.181,95.505,UNK,UNK,204.924,236.743,19232.9,742463000.0,2.028,146.818,162.351,60.152,37.072,71.549,132.104,-38.837,194.915,400.0,400.0,1565.0,1565.0,1565.0,N/A,N/A,N/A,N/A,N/A,N/A,N/A,N/A,N/A,LSB_UNSIGNED_INTEGER,"frozenset({'N/A', 'MIPS_NEAR.CK', 'S990607A.BSP', 'S980928A.BSP', 'NULL'})","VICAR programs run: SSIMERGE,CATLABEL,BADLABELS.",REDR,,,,,"frozenset({400, 1, 800})",
C0466665239R,190.1132606179,-190.1132606179,-387260.71187866,-977752.49935786,-65969.30143440899,-1186116.6329950783,194.20512443142061,-35.86497542994437,182.41982237491547,-43.507987887890906,FIXED_LENGTH,1000,809,"['C0466665239R.IMG', 1]","['C0466665239R.IMG', 3]","['C0466665239R.IMG', 5]","['C0466665239R.IMG', 10]","['C0466665239R.IMG', 10]",GO-J/JSA-SSI-2-REDR-V1.0,GALILEO ORBITER,SOLID STATE IMAGING SYSTEM,1,04666652.39,1998-09-26 03:00:27.812000+00:00,17E0033,17,17ESAGENOR01,EUROPA,-000T05:25:32Z,-000T00:50:37Z,NOT APPLICABLE,GREEN,1,20.83,100K,8.667,ON,NORMAL,OFF,NOT INVERTED,N,BARC RATE CONTROL,3.723,IM4,NOT POSSIBLE,N/A,WEST,20002.52,685268.9,-10.557,216.33,4744.085,2899.107,60.089,91.128,112.778,283.103,-16.038,95.375,UNK,UNK,207.373,237.327,18786.6,742462000.0,2.028,146.919,158.563,56.54,40.504,71.638,138.141,-39.272,189.051,400.0,400.0,1565.0,1565.0,1565.0,N/A,N/A,N/A,N/A,N/A,N/A,N/A,N/A,N/A,LSB_UNSIGNED_INTEGER,"frozenset({'N/A', 'MIPS_NEAR.CK', 'S990607A.BSP', 'S980928A.BSP', 'NULL'})","VICAR programs run: SSIMERGE,CATLABEL,BADLABELS.",REDR,,,,,"frozenset({400, 1, 800})",
C0466665378R,185.65436777629,-185.65436777629,-230025.76167482,-998077.88116534,123645.80893901244,-1205082.5012359032,188.4375834335783,-36.61053150840826,175.46454352965023,-44.203675599158814,FIXED_LENGTH,1000,809,"['C0466665378R.IMG', 1]","['C0466665378R.IMG', 3]","['C0466665378R.IMG', 5]","['C0466665378R.IMG', 10]","['C0466665378R.IMG', 10]",GO-J/JSA-SSI-2-REDR-V1.0,GALILEO ORBITER,SOLID STATE IMAGING SYSTEM,1,04666653.78,1998-09-26 03:01:54.479000+00:00,17E0034,17,17ESAGENOR01,EUROPA,-000T05:24:05Z,-000T00:49:10Z,NOT APPLICABLE,GREEN,1,20.83,100K,8.667,ON,NORMAL,OFF,NOT INVERTED,N,BARC RATE CONTROL,3.608,IM4,NOT POSSIBLE,N/A,WEST,19502.54,684868.9,-10.82,216.132,5048.315,3467.517,56.578,90.935,112.695,283.027,-15.92,95.538,UNK,UNK,212.168,241.807,18359.1,742461000.0,2.028,147.021,154.639,53.354,44.71,71.708,144.609,-40.091,182.877,400.0,400.0,1565.0,1565.0,1565.0,N/A,N/A,N/A,N/A,N/A,N/A,N/A,N/A,N/A,LSB_UNSIGNED_INTEGER,"frozenset({'N/A', 'MIPS_NEAR.CK', 'S990607A.BSP', 'S980928A.BSP', 'NULL'})","VICAR programs run: SSIMERGE,CATLABEL,BADLABELS.",REDR,,,,,"frozenset({400, 1, 800})",
C0466665526R,179.77993092795,-179.77993092795,-373582.69646828,-946900.89619751,-80181.84919386561,-1141243.001530624,193.70340064452583,-34.73330663845876,182.94115336258832,-41.861976559889186,FIXED_LENGTH,1000,809,"['C0466665526R.IMG', 1]","['C0466665526R.IMG', 3]","['C0466665526R.IMG', 5]","['C0466665526R.IMG', 10]","['C0466665526R.IMG', 10]",GO-J/JSA-SSI-2-REDR-V1.0,GALILEO ORBITER,SOLID STATE IMAGING SYSTEM,1,04666655.26,1998-09-26 03:03:21.158000+00:00,17E0035,17,17ESAGENOR02,EUROPA,-000T05:22:38Z,-000T00:47:43Z,NOT APPLICABLE,VIOLET,3,45.83,100K,8.667,ON,NORMAL,OFF,NOT INVERTED,N,BARC RATE CONTROL,3.068,HCA,NOT POSSIBLE,CONTIGUOUS READOUT,WEST,19003.46,684470.3,-11.097,215.917,4830.791,3004.694,59.55,90.117,113.217,283.544,-15.453,96.579,UNK,UNK,195.482,220.659,17765.7,742461000.0,2.028,147.123,159.546,55.542,39.256,71.197,138.325,-38.075,188.798,400.0,400.0,1565.0,1565.0,1565.0,N/A,N/A,N/A,N/A,N/A,N/A,N/A,N/A,N/A,LSB_UNSIGNED_INTEGER,"frozenset({'N/A', 'CKE17AFC.PLT', 'NULL', 'S990607A.BSP'})","VICAR programs run: SSIMERGE,CATLABEL,BADLABELS.",REDR,,,,,"frozenset({200, 1, 800})",
C0466665539R,179.2577447057,-179.2577447057,-376799.77937138,-947197.92302492,-84788.91324579471,-1140975.5450517817,193.82140658094792,-34.74420189045156,183.11014524870993,-41.85216597894098,FIXED_LENGTH,1000,809,"['C0466665539R.IMG', 1]","['C0466665539R.IMG', 3]","['C0466665539R.IMG', 5]","['C0466665539R.IMG', 10]","['C0466665539R.IMG', 10]",GO-J/JSA-SSI-2-REDR-V1.0,GALILEO ORBITER,SOLID STATE IMAGING SYSTEM,1,04666655.39,1998-09-26 03:03:29.850000+00:00,17E0036,17,17ESAGENOR02,EUROPA,-000T05:22:30Z,-000T00:47:35Z,NOT APPLICABLE,IR-7560,4,95.83,100K,8.667,ON,NORMAL,OFF,NOT INVERTED,N,BARC RATE CONTROL,3.3,HCA,NOT POSSIBLE,CONTIGUOUS READOUT,WEST,18953.47,684430.4,-11.125,215.895,4843.806,3011.65,59.557,90.111,113.241,283.569,-15.428,96.595,UNK,UNK,194.785,219.943,17715.8,742461000.0,2.028,147.133,159.528,55.523,39.266,71.173,138.375,-38.096,188.758,400.0,400.0,1565.0,1565.0,1565.0,N/A,N/A,N/A,N/A,N/A,N/A,N/A,N/A,N/A,LSB_UNSIGNED_INTEGER,"frozenset({'N/A', 'CKE17AFC.PLT', 'NULL', 'S990607A.BSP'})","VICAR programs run: SSIMERGE,CATLABEL,BADLABELS.",REDR,,,,,"frozenset({200, 1, 800})",
C0466665552R,178.72803009672,-178.72803009672,-381405.6162264,-947794.74360291,-91330.02337942342,-1140821.0161073676,193.99035345221455,-34.766093888047834,183.35007995036625,-41.846497697041144,FIXED_LENGTH,1000,808,"['C0466665552R.IMG', 1]","['C0466665552R.IMG', 3]","['C0466665552R.IMG', 5]","['C0466665552R.IMG', 9]","['C0466665552R.IMG', 9]",GO-J/JSA-SSI-2-REDR-V1.0,GALILEO ORBITER,SOLID STATE IMAGING SYSTEM,1,04666655.52,1998-09-26 03:03:38.600000+00:00,17E0037,17,17ESAGENOR02,EUROPA,-000T05:22:21Z,-000T00:47:26Z,NOT APPLICABLE,IR-9680,5,262.5,100K,8.667,ON,NORMAL,OFF,NOT INVERTED,N,BARC RATE CONTROL,2.704,HCA,NOT POSSIBLE,CONTIGUOUS READOUT,WEST,18903.15,684390.2,-11.154,215.872,4857.078,3018.781,59.563,90.105,113.266,283.594,-15.403,96.611,UNK,UNK,194.087,219.458,17665.6,742461000.0,2.028,147.143,159.51,55.504,39.278,71.148,138.427,-38.119,188.716,400.0,400.0,1565.0,1565.0,1565.0,N/A,N/A,N/A,N/A,N/A,N/A,N/A,N/A,N/A,LSB_UNSIGNED_INTEGER,"frozenset({'N/A', 'CKE17AFC.PLT', 'NULL', 'S990607A.BSP'})","VICAR programs run: SSIMERGE,CATLABEL,BADLABELS.",REDR,,,,,"frozenset({200, 1, 800})",
C0466665565R,178.23580487243,-178.23580487243,-373582.24701261,-945897.41645799,-83414.35668029397,-1138570.3215250869,193.70338415802584,-34.69649796118515,183.0597250887194,-41.76393988619759,FIXED_LENGTH,1000,808,"['C0466665565R.IMG', 1]","['C0466665565R.IMG', 3]","['C0466665565R.IMG', 5]","['C0466665565R.IMG', 9]","['C0466665565R.IMG', 9]",GO-J/JSA-SSI-2-REDR-V1.0,GALILEO ORBITER,SOLID STATE IMAGING SYSTEM,1,04666655.65,1998-09-26 03:03:47.267000+00:00,17E0038,17,17ESAGENOR02,EUROPA,-000T05:22:12Z,-000T00:47:17Z,NOT APPLICABLE,IR-8890,7,262.5,100K,8.667,ON,NORMAL,OFF,NOT INVERTED,N,BARC RATE CONTROL,2.533,HCA,NOT POSSIBLE,CONTIGUOUS READOUT,WEST,18853.33,684350.4,-11.183,215.849,4861.265,3017.083,59.603,90.1,113.295,283.624,-15.372,96.63,UNK,UNK,193.502,218.537,17614.1,742460000.0,2.028,147.153,159.572,55.525,39.18,71.118,138.364,-38.088,188.789,400.0,400.0,1565.0,1565.0,1565.0,N/A,N/A,N/A,N/A,N/A,N/A,N/A,N/A,N/A,LSB_UNSIGNED_INTEGER,"frozenset({'N/A', 'CKE17AFC.PLT', 'NULL', 'S990607A.BSP'})","VICAR programs run: SSIMERGE,CATLABEL,BADLABELS.",REDR,,,,,"frozenset({200, 1, 800})",
C0466665713R,171.17607450866,-171.17607450866,-558889.88327077,-307432.22981755,-378299.12466413365,-470220.6766752857,200.50066038666733,-11.276932941639947,193.87640412083755,-17.24818195472442,FIXED_LENGTH,1000,809,"['C0466665713R.IMG', 1]","['C0466665713R.IMG', 3]","['C0466665713R.IMG', 5]","['C0466665713R.IMG', 10]","['C0466665713R.IMG', 10]",GO-J/JSA-SSI-2-REDR-V1.0,GALILEO ORBITER,SOLID STATE IMAGING SYSTEM,1,04666657.13,1998-09-26 03:05:13.808000+00:00,17E0039,17,17ESWEDGES01,EUROPA,-000T05:20:46Z,-000T00:45:51Z,NOT APPLICABLE,GREEN,1,12.5,100K,8.667,ON,NORMAL,OFF,NOT INVERTED,N,BARC RATE CONTROL,3.016,HCA,NOT POSSIBLE,CONTIGUOUS READOUT,WEST,18356.42,683954.4,-11.477,215.611,1317.056,3150.228,18.441,89.102,113.497,283.831,-12.949,97.763,UNK,UNK,181.296,172.537,16879.6,742460000.0,2.028,147.255,176.865,51.705,20.188,70.869,130.425,-14.155,196.83,400.0,400.0,1565.0,1565.0,1565.0,N/A,N/A,N/A,N/A,N/A,N/A,N/A,N/A,N/A,LSB_UNSIGNED_INTEGER,"frozenset({'N/A', 'CKE17AFC.PLT', 'NULL', 'S990607A.BSP'})","VICAR programs run: SSIMERGE,CATLABEL,BADLABELS.",REDR,,,,,"frozenset({200, 1, 800})",
C0466665726R,170.67705488573,-170.67705488573,-555724.49070794,-307730.72995897,-375489.5207486091,-470385.9632650707,200.3845505055199,-11.287882236318195,193.77334493616215,-17.2542448382102,FIXED_LENGTH,1000,809,"['C0466665726R.IMG', 1]","['C0466665726R.IMG', 3]","['C0466665726R.IMG', 5]","['C0466665726R.IMG', 10]","['C0466665726R.IMG', 10]",GO-J/JSA-SSI-2-REDR-V1.0,GALILEO ORBITER,SOLID STATE IMAGING SYSTEM,1,04666657.26,1998-09-26 03:05:22.500000+00:00,17E0040,17,17ESWEDGES01,EUROPA,-000T05:20:37Z,-000T00:45:42Z,NOT APPLICABLE,VIOLET,3,62.5,100K,8.667,ON,NORMAL,OFF,NOT INVERTED,N,BARC RATE CONTROL,3.038,HCA,NOT POSSIBLE,CONTIGUOUS READOUT,WEST,18306.58,683914.6,-11.508,215.586,1315.425,3155.321,18.378,89.095,113.524,283.859,-12.913,97.784,UNK,UNK,180.9,172.005,16829.5,742460000.0,2.028,147.265,176.889,51.694,20.162,70.842,130.436,-14.154,196.829,400.0,400.0,1565.0,1565.0,1565.0,N/A,N/A,N/A,N/A,N/A,N/A,N/A,N/A,N/A,LSB_UNSIGNED_INTEGER,"frozenset({'N/A', 'CKE17AFC.PLT', 'NULL', 'S990607A.BSP'})","VICAR programs run: SSIMERGE,CATLABEL,BADLABELS.",REDR,,,,,"frozenset({200, 1, 800})",
C0466665739R,170.1628640515,-170.1628640515,-557964.03122487,-306463.31815675,-378612.372514589,-468458.364733778,200.46669917368166,-11.241392257334665,193.88789437677394,-17.183538525509377,FIXED_LENGTH,1000,809,"['C0466665739R.IMG', 1]","['C0466665739R.IMG', 3]","['C0466665739R.IMG', 5]","['C0466665739R.IMG', 10]","['C0466665739R.IMG', 10]",GO-J/JSA-SSI-2-REDR-V1.0,GALILEO ORBITER,SOLID STATE IMAGING SYSTEM,1,04666657.39,1998-09-26 03:05:31.183000+00:00,17E0041,17,17ESWEDGES01,EUROPA,-000T05:20:28Z,-000T00:45:33Z,NOT APPLICABLE,IR-7560,4,95.83,100K,8.667,ON,NORMAL,OFF,NOT INVERTED,N,BARC RATE CONTROL,3.132,HCA,NOT POSSIBLE,CONTIGUOUS READOUT,WEST,18256.79,683875.0,-11.538,215.561,1314.215,3162.746,18.31,89.086,113.55,283.886,-12.877,97.804,UNK,UNK,180.5,171.498,16779.6,742460000.0,2.028,147.275,176.909,51.668,20.153,70.815,130.464,-14.153,196.812,400.0,400.0,1565.0,1565.0,1565.0,N/A,N/A,N/A,N/A,N/A,N/A,N/A,N/A,N/A,LSB_UNSIGNED_INTEGER,"frozenset({'N/A', 'CKE17AFC.PLT', 'NULL', 'S990607A.BSP'})","VICAR programs run: SSIMERGE,CATLABEL,BADLABELS.",REDR,,,,,"frozenset({200, 1, 800})",
C0466665752R,169.6491789375,-169.6491789375,-557467.20198862,-307743.61059263,-378317.66903061996,-469249.62894113,200.44847496217344,-11.288354711315746,193.87708434742743,-17.212562917033726,FIXED_LENGTH,1000,808,"['C0466665752R.IMG', 1]","['C0466665752R.IMG', 3]","['C0466665752R.IMG', 5]","['C0466665752R.IMG', 9]","['C0466665752R.IMG', 9]",GO-J/JSA-SSI-2-REDR-V1.0,GALILEO ORBITER,SOLID STATE IMAGING SYSTEM,1,04666657.52,1998-09-26 03:05:40+00:00,17E0042,17,17ESWEDGES01,EUROPA,-000T05:20:20Z,-000T00:45:25Z,NOT APPLICABLE,IR-9680,5,395.83,100K,8.667,ON,NORMAL,OFF,NOT INVERTED,N,BARC RATE CONTROL,2.673,HCA,NOT POSSIBLE,CONTIGUOUS READOUT,WEST,18206.26,683834.8,-11.57,215.535,1313.349,3164.656,18.282,89.075,113.579,283.916,-12.841,97.829,UNK,UNK,180.093,170.991,16728.7,742460000.0,2.028,147.286,176.937,51.678,20.106,70.785,130.455,-14.161,196.831,400.0,400.0,1565.0,1565.0,1565.0,N/A,N/A,N/A,N/A,N/A,N/A,N/A,N/A,N/A,LSB_UNSIGNED_INTEGER,"frozenset({'N/A', 'CKE17AFC.PLT', 'NULL', 'S990607A.BSP'})","VICAR programs run: SSIMERGE,CATLABEL,BADLABELS.",REDR,,,,,"frozenset({200, 1, 800})",
C0466665765R,169.14500372023,-169.14500372023,-558009.36727304,-306152.45673362,-379561.38834819733,-467347.64527899923,200.46836214693386,-11.229989538026869,193.92270526150944,-17.142796184291775,FIXED_LENGTH,1000,808,"['C0466665765R.IMG', 1]","['C0466665765R.IMG', 3]","['C0466665765R.IMG', 5]","['C0466665765R.IMG', 9]","['C0466665765R.IMG', 9]",GO-J/JSA-SSI-2-REDR-V1.0,GALILEO ORBITER,SOLID STATE IMAGING SYSTEM,1,04666657.65,1998-09-26 03:05:48.600000+00:00,17E0043,17,17ESWEDGES01,EUROPA,-000T05:20:11Z,-000T00:45:16Z,NOT APPLICABLE,IR-8890,7,262.5,100K,8.667,ON,NORMAL,OFF,NOT INVERTED,N,BARC RATE CONTROL,2.783,HCA,NOT POSSIBLE,CONTIGUOUS READOUT,WEST,18156.97,683795.5,-11.6,215.51,1312.59,3167.099,18.253,89.069,113.608,283.946,-12.805,97.848,UNK,UNK,179.283,170.51,16679.0,742460000.0,2.028,147.296,176.956,51.685,20.064,70.756,130.45,-14.17,196.846,400.0,400.0,1565.0,1565.0,1565.0,N/A,N/A,N/A,N/A,N/A,N/A,N/A,N/A,N/A,LSB_UNSIGNED_INTEGER,"frozenset({'N/A', 'CKE17AFC.PLT', 'NULL', 'S990607A.BSP'})","VICAR programs run: SSIMERGE,CATLABEL,BADLABELS.",REDR,,,,,"frozenset({800, 1, 203})",
C0466669339R,54.887352748342,-54.887352748342,-1067833.447719,-772978.5887549,-987588.138000924,-832696.0285450962,219.16923801357385,-28.353656075310045,216.22575685316036,-30.54415368305963,FIXED_LENGTH,1000,813,"['C0466669339R.IMG', 1]","['C0466669339R.IMG', 3]","['C0466669339R.IMG', 5]","['C0466669339R.IMG', 14]","['C0466669339R.IMG', 14]",GO-J/JSA-SSI-2-REDR-V1.0,GALILEO ORBITER,SOLID STATE IMAGING SYSTEM,1,04666693.39,1998-09-26 03:41:55.137000+00:00,17E0044,17,17ESDISSTR01,EUROPA,-000T04:44:04Z,-000T00:09:09Z,NOT APPLICABLE,CLEAR,0,6.25,100K,8.667,ON,NORMAL,OFF,NOT INVERTED,N,BARC RATE CONTROL,3.526,IM4,NOT POSSIBLE,N/A,WEST,6810.991,674360.9,-31.31,189.415,-7132.869,-8677.619,219.687,63.651,138.148,313.977,14.456,137.176,UNK,UNK,60.7884,59.0699,5423.57,742443000.0,2.028,149.837,191.808,71.916,31.167,44.456,112.478,-29.629,217.661,400.0,400.0,1565.0,1565.0,1565.0,N/A,N/A,N/A,N/A,N/A,N/A,N/A,N/A,N/A,LSB_UNSIGNED_INTEGER,"frozenset({'N/A', 'MIPS_NEAR.CK', 'S990607A.BSP', 'S980928A.BSP', 'NULL'})","VICAR programs run: SSIMERGE,CATLABEL,BADLABELS.",REDR,,,,,"frozenset({800, 1})",
C0466669352R,54.708869251454,-54.708869251454,-1086463.4344646,-731731.1262382,-1006150.8144034655,-791637.3380685421,219.8526052433482,-26.840656383997,216.9066550697626,-29.03807834590179,FIXED_LENGTH,1000,813,"['C0466669352R.IMG', 1]","['C0466669352R.IMG', 3]","['C0466669352R.IMG', 5]","['C0466669352R.IMG', 14]","['C0466669352R.IMG', 14]",GO-J/JSA-SSI-2-REDR-V1.0,GALILEO ORBITER,SOLID STATE IMAGING SYSTEM,1,04666693.52,1998-09-26 03:42:03.804000+00:00,17E0045,17,17ESDISSTR01,EUROPA,-000T04:43:56Z,-000T00:09:01Z,NOT APPLICABLE,CLEAR,0,6.25,100K,8.667,ON,NORMAL,OFF,NOT INVERTED,N,BARC RATE CONTROL,3.497,IM4,NOT POSSIBLE,N/A,WEST,6777.131,674324.9,-31.479,189.086,-8234.026,-8473.276,224.217,62.517,138.293,314.432,15.205,138.6,UNK,UNK,60.5869,60.2806,5407.12,742443000.0,2.028,149.848,192.874,72.148,32.69,44.317,111.515,-28.12,218.333,400.0,400.0,1565.0,1565.0,1565.0,N/A,N/A,N/A,N/A,N/A,N/A,N/A,N/A,N/A,LSB_UNSIGNED_INTEGER,"frozenset({'N/A', 'MIPS_NEAR.CK', 'S990607A.BSP', 'S980928A.BSP', 'NULL'})","VICAR programs run: SSIMERGE,CATLABEL,BADLABELS.",REDR,,,,,"frozenset({800, 1, 799})",
C0466669500R,52.373666474657,-52.373666474657,-1239632.3117887,-1175841.1860225,-1140960.3241504463,-1232090.5038162817,225.47099847217532,-43.13107383914621,221.85160766049867,-45.19435713624853,FIXED_LENGTH,1000,813,"['C0466669500R.IMG', 1]","['C0466669500R.IMG', 3]","['C0466669500R.IMG', 5]","['C0466669500R.IMG', 14]","['C0466669500R.IMG', 14]",GO-J/JSA-SSI-2-REDR-V1.0,GALILEO ORBITER,SOLID STATE IMAGING SYSTEM,1,04666695.00,1998-09-26 03:43:30.470000+00:00,17E0046,17,17ESAGENOR03,EUROPA,-000T04:42:29Z,-000T00:07:34Z,NOT APPLICABLE,CLEAR,0,6.25,100K,8.667,ON,NORMAL,OFF,NOT INVERTED,N,BARC RATE CONTROL,3.539,IM4,NOT POSSIBLE,N/A,WEST,6451.7,673965.1,-33.2,185.533,-3661.443,-14716.248,195.039,60.712,142.823,318.909,13.625,141.259,UNK,UNK,68.2514,53.9291,5178.48,742442000.0,2.028,149.949,187.609,79.742,40.317,39.706,106.628,-44.165,223.521,400.0,400.0,1565.0,1565.0,1565.0,N/A,N/A,N/A,N/A,N/A,N/A,N/A,N/A,N/A,LSB_UNSIGNED_INTEGER,"frozenset({'N/A', 'MIPS_NEAR.CK', 'S990607A.BSP', 'S980928A.BSP', 'NULL'})","VICAR programs run: SSIMERGE,CATLABEL,BADLABELS.",REDR,,,,,"frozenset({800, 1})",
C0466669513R,51.824642237466,-51.824642237466,-1180461.700885,-1159213.5975676,-1084689.7620301628,-1215495.159037488,223.30055911494566,-42.52115665480163,219.78754509947373,-44.585622683374424,FIXED_LENGTH,1000,813,"['C0466669513R.IMG', 1]","['C0466669513R.IMG', 3]","['C0466669513R.IMG', 5]","['C0466669513R.IMG', 14]","['C0466669513R.IMG', 14]",GO-J/JSA-SSI-2-REDR-V1.0,GALILEO ORBITER,SOLID STATE IMAGING SYSTEM,1,04666695.13,1998-09-26 03:43:39.137000+00:00,17E0047,17,17ESAGENOR03,EUROPA,-000T04:42:20Z,-000T00:07:25Z,NOT APPLICABLE,CLEAR,0,6.25,100K,8.667,ON,NORMAL,OFF,NOT INVERTED,N,BARC RATE CONTROL,3.536,IM4,NOT POSSIBLE,N/A,WEST,6420.552,673929.2,-33.376,185.149,-4007.06,-14108.883,196.896,60.1,142.636,318.948,14.152,141.987,UNK,UNK,65.5983,53.364,5123.19,742442000.0,2.028,149.959,188.046,78.105,38.627,39.879,108.614,-43.565,221.399,400.0,400.0,1565.0,1565.0,1565.0,N/A,N/A,N/A,N/A,N/A,N/A,N/A,N/A,N/A,LSB_UNSIGNED_INTEGER,"frozenset({'N/A', 'MIPS_NEAR.CK', 'S990607A.BSP', 'S980928A.BSP', 'NULL'})","VICAR programs run: SSIMERGE,CATLABEL,BADLABELS.",REDR,,,,,"frozenset({800, 1})",
C0466669526R,51.333292732687,-51.333292732687,-1132258.4378049,-1146426.4265991,-1038626.511860479,-1202585.0488486595,221.53241344705287,-42.052109965680465,218.09789732394353,-44.112066456185744,FIXED_LENGTH,1000,814,"['C0466669526R.IMG', 1]","['C0466669526R.IMG', 3]","['C0466669526R.IMG', 5]","['C0466669526R.IMG', 15]","['C0466669526R.IMG', 15]",GO-J/JSA-SSI-2-REDR-V1.0,GALILEO ORBITER,SOLID STATE IMAGING SYSTEM,1,04666695.26,1998-09-26 03:43:47.804000+00:00,17E0048,17,17ESAGENOR03,EUROPA,-000T04:42:12Z,-000T00:07:17Z,NOT APPLICABLE,CLEAR,0,6.25,100K,8.667,ON,NORMAL,OFF,NOT INVERTED,N,BARC RATE CONTROL,3.594,IM4,NOT POSSIBLE,N/A,WEST,6389.672,673893.3,-33.551,184.76,-4311.909,-13607.956,198.592,59.486,142.443,319.038,14.635,142.724,UNK,UNK,63.5914,53.159,5073.88,742442000.0,2.028,149.97,188.472,76.761,37.291,39.995,110.502,-43.102,219.666,400.0,400.0,1565.0,1565.0,1565.0,N/A,N/A,N/A,N/A,N/A,N/A,N/A,N/A,N/A,LSB_UNSIGNED_INTEGER,"frozenset({'N/A', 'MIPS_NEAR.CK', 'S990607A.BSP', 'S980928A.BSP', 'NULL'})","VICAR programs run: SSIMERGE,CATLABEL,BADLABELS.",REDR,,,,,"frozenset({800, 1})",
C0466669539R,50.903541978831,-50.903541978831,-1088368.6310494,-1171545.0186428,-995215.1492281392,-1227793.4325294083,219.92248982942488,-42.97348596530588,216.50552353281356,-45.036736106155885,FIXED_LENGTH,1000,811,"['C0466669539R.IMG', 1]","['C0466669539R.IMG', 3]","['C0466669539R.IMG', 5]","['C0466669539R.IMG', 12]","['C0466669539R.IMG', 12]",GO-J/JSA-SSI-2-REDR-V1.0,GALILEO ORBITER,SOLID STATE IMAGING SYSTEM,1,04666695.39,1998-09-26 03:43:56.470000+00:00,17E0049,17,17ESAGENOR03,EUROPA,-000T04:42:03Z,-000T00:07:08Z,NOT APPLICABLE,CLEAR,0,6.25,100K,8.667,ON,NORMAL,OFF,NOT INVERTED,N,BARC RATE CONTROL,3.66,IM4,NOT POSSIBLE,N/A,WEST,6359.07,673857.4,-33.728,184.366,-3839.917,-13484.642,196.981,59.345,142.599,319.106,14.691,142.893,UNK,UNK,62.5431,52.231,5030.41,742442000.0,2.028,149.98,188.277,75.908,36.336,39.959,111.479,-44.029,218.073,400.0,400.0,1565.0,1565.0,1565.0,N/A,N/A,N/A,N/A,N/A,N/A,N/A,N/A,N/A,LSB_UNSIGNED_INTEGER,"frozenset({'N/A', 'MIPS_NEAR.CK', 'S990607A.BSP', 'S980928A.BSP', 'NULL'})","VICAR programs run: SSIMERGE,CATLABEL,BADLABELS.",REDR,,,,,"frozenset({800, 1})",
C0466669552R,50.5106464902,-50.5106464902,-1060319.4911223,-1165482.6571149,-968188.0719241753,-1221549.474719022,218.89361829498523,-42.751112258883886,215.51414231508568,-44.80770125980961,FIXED_LENGTH,1000,812,"['C0466669552R.IMG', 1]","['C0466669552R.IMG', 3]","['C0466669552R.IMG', 5]","['C0466669552R.IMG', 13]","['C0466669552R.IMG', 13]",GO-J/JSA-SSI-2-REDR-V1.0,GALILEO ORBITER,SOLID STATE IMAGING SYSTEM,1,04666695.52,1998-09-26 03:44:05.137000+00:00,17E0050,17,17ESAGENOR03,EUROPA,-000T04:41:54Z,-000T00:06:59Z,NOT APPLICABLE,CLEAR,0,6.25,100K,8.667,ON,NORMAL,OFF,NOT INVERTED,N,BARC RATE CONTROL,3.545,IM4,NOT POSSIBLE,N/A,WEST,6328.741,673821.6,-33.904,183.965,-4143.046,-13217.24,198.45,58.587,142.402,319.319,15.099,143.789,UNK,UNK,61.3952,51.9536,4991.32,742442000.0,2.028,149.99,188.74,75.138,35.678,39.941,113.263,-43.808,217.059,400.0,400.0,1565.0,1565.0,1565.0,N/A,N/A,N/A,N/A,N/A,N/A,N/A,N/A,N/A,LSB_UNSIGNED_INTEGER,"frozenset({'N/A', 'MIPS_NEAR.CK', 'S990607A.BSP', 'S980928A.BSP', 'NULL'})","VICAR programs run: SSIMERGE,CATLABEL,BADLABELS.",REDR,,,,,"frozenset({800, 1})",
C0466669565R,49.986617829711,-49.986617829711,-993833.93569031,-1165937.860878,-903957.9968324896,-1221872.8862294466,216.45485918817596,-42.767809604878835,213.15811656568624,-44.81956432933156,FIXED_LENGTH,1000,812,"['C0466669565R.IMG', 1]","['C0466669565R.IMG', 3]","['C0466669565R.IMG', 5]","['C0466669565R.IMG', 13]","['C0466669565R.IMG', 13]",GO-J/JSA-SSI-2-REDR-V1.0,GALILEO ORBITER,SOLID STATE IMAGING SYSTEM,1,04666695.65,1998-09-26 03:44:13.804000+00:00,17E0051,17,17ESAGENOR03,EUROPA,-000T04:41:46Z,-000T00:06:51Z,NOT APPLICABLE,CLEAR,0,6.25,100K,8.667,ON,NORMAL,OFF,NOT INVERTED,N,BARC RATE CONTROL,3.541,IM4,NOT POSSIBLE,N/A,WEST,6298.692,673785.7,-34.081,183.56,-4022.621,-12630.056,198.748,58.159,142.193,319.255,15.434,144.274,UNK,UNK,59.1835,51.2242,4938.23,742442000.0,2.028,150.0,188.987,73.5,33.84,40.139,115.643,-43.827,214.664,400.0,400.0,1565.0,1565.0,1565.0,N/A,N/A,N/A,N/A,N/A,N/A,N/A,N/A,N/A,LSB_UNSIGNED_INTEGER,"frozenset({'N/A', 'MIPS_NEAR.CK', 'S990607A.BSP', 'S980928A.BSP', 'NULL'})","VICAR programs run: SSIMERGE,CATLABEL,BADLABELS.",REDR,,,,,"frozenset({800, 1})",
C0466669578R,49.474278648914,-49.474278648914,-928582.73596147,-1160567.6285462,-841013.2627528922,-1216325.140583526,214.0613775283631,-42.57082391498329,210.84923845727764,-44.6160672670247,FIXED_LENGTH,1000,813,"['C0466669578R.IMG', 1]","['C0466669578R.IMG', 3]","['C0466669578R.IMG', 5]","['C0466669578R.IMG', 14]","['C0466669578R.IMG', 14]",GO-J/JSA-SSI-2-REDR-V1.0,GALILEO ORBITER,SOLID STATE IMAGING SYSTEM,1,04666695.78,1998-09-26 03:44:22.470000+00:00,17E0052,17,17ESAGENOR03,EUROPA,-000T04:41:37Z,-000T00:06:42Z,NOT APPLICABLE,CLEAR,0,6.25,100K,8.667,ON,NORMAL,OFF,NOT INVERTED,N,BARC RATE CONTROL,3.587,IM4,NOT POSSIBLE,N/A,WEST,6268.933,673749.8,-34.258,183.148,-3938.333,-12000.764,199.282,57.907,141.983,319.19,15.83,144.597,UNK,UNK,57.6482,50.7539,4886.42,742442000.0,2.028,150.01,189.072,71.832,31.98,40.366,117.701,-43.634,212.311,400.0,400.0,1565.0,1565.0,1565.0,N/A,N/A,N/A,N/A,N/A,N/A,N/A,N/A,N/A,LSB_UNSIGNED_INTEGER,"frozenset({'N/A', 'MIPS_NEAR.CK', 'S990607A.BSP', 'S980928A.BSP', 'NULL'})","VICAR programs run: SSIMERGE,CATLABEL,BADLABELS.",REDR,,,,,"frozenset({720, 1, 800})",
C0466669626R,47.109233217728,-47.109233217728,-314548.35019477,-1077717.928322,-243601.84496887168,-1131469.5634234275,191.53795961521342,-39.5318110105206,188.9355682447609,-41.5034767168196,FIXED_LENGTH,1000,812,"['C0466669626R.IMG', 1]","['C0466669626R.IMG', 3]","['C0466669626R.IMG', 5]","['C0466669626R.IMG', 13]","['C0466669626R.IMG', 13]",GO-J/JSA-SSI-2-REDR-V1.0,GALILEO ORBITER,SOLID STATE IMAGING SYSTEM,1,04666696.26,1998-09-26 03:44:48.470000+00:00,17E0053,17,17ESAGENOR03,EUROPA,-000T04:41:11Z,-000T00:06:16Z,NOT APPLICABLE,CLEAR,0,6.25,100K,8.667,ON,NORMAL,OFF,NOT INVERTED,N,BARC RATE CONTROL,3.558,IM4,NOT POSSIBLE,N/A,WEST,6181.398,673642.3,-34.79,181.879,-106.092,-4544.779,185.844,60.282,137.913,315.058,17.103,141.444,UNK,UNK,47.9888,47.0255,4639.87,742441000.0,2.028,150.041,185.831,55.98,11.483,44.497,140.092,-40.524,189.976,400.0,400.0,1565.0,1565.0,1565.0,N/A,N/A,N/A,N/A,N/A,N/A,N/A,N/A,N/A,LSB_UNSIGNED_INTEGER,"frozenset({'N/A', 'MIPS_NEAR.CK', 'S990607A.BSP', 'S980928A.BSP', 'NULL'})","VICAR programs run: SSIMERGE,CATLABEL,BADLABELS.",REDR,,,,,"frozenset({800, 1})",
C0466669639R,46.778058934909,-46.778058934909,-265138.03804306,-1077392.2533888,-194970.9496406965,-1130719.2405745962,189.72553813588118,-39.519864916304485,187.151736582631,-41.47595409677462,FIXED_LENGTH,1000,813,"['C0466669639R.IMG', 1]","['C0466669639R.IMG', 3]","['C0466669639R.IMG', 5]","['C0466669639R.IMG', 14]","['C0466669639R.IMG', 14]",GO-J/JSA-SSI-2-REDR-V1.0,GALILEO ORBITER,SOLID STATE IMAGING SYSTEM,1,04666696.39,1998-09-26 03:44:57.137000+00:00,17E0054,17,17ESAGENOR03,EUROPA,-000T04:41:02Z,-000T00:06:07Z,NOT APPLICABLE,CLEAR,0,6.25,100K,8.667,ON,NORMAL,OFF,NOT INVERTED,N,BARC RATE CONTROL,3.545,IM4,NOT POSSIBLE,N/A,WEST,6152.816,673606.5,-34.968,181.443,215.741,-4077.592,182.357,60.078,137.74,315.003,17.36,141.694,UNK,UNK,47.7002,46.7551,4606.65,742441000.0,2.028,150.051,185.389,54.927,10.294,44.65,141.929,-40.516,188.183,400.0,400.0,1565.0,1565.0,1565.0,N/A,N/A,N/A,N/A,N/A,N/A,N/A,N/A,N/A,LSB_UNSIGNED_INTEGER,"frozenset({'N/A', 'MIPS_NEAR.CK', 'S990607A.BSP', 'S980928A.BSP', 'NULL'})","VICAR programs run: SSIMERGE,CATLABEL,BADLABELS.",REDR,,,,,"frozenset({800, 1})",
C0466669652R,46.454261989325,-46.454261989325,-213968.33072283,-1077042.0642225,-144612.11757276778,-1129907.0143663518,187.84858021759126,-39.50701961460141,185.3045224093273,-41.44616079732371,FIXED_LENGTH,1000,814,"['C0466669652R.IMG', 1]","['C0466669652R.IMG', 3]","['C0466669652R.IMG', 5]","['C0466669652R.IMG', 15]","['C0466669652R.IMG', 15]",GO-J/JSA-SSI-2-REDR-V1.0,GALILEO ORBITER,SOLID STATE IMAGING SYSTEM,1,04666696.52,1998-09-26 03:45:05.804000+00:00,17E0055,17,17ESAGENOR03,EUROPA,-000T04:40:54Z,-000T00:05:59Z,NOT APPLICABLE,CLEAR,0,6.25,100K,8.667,ON,NORMAL,OFF,NOT INVERTED,N,BARC RATE CONTROL,3.618,IM4,NOT POSSIBLE,N/A,WEST,6124.541,673570.7,-35.145,181.002,566.428,-3595.935,177.615,59.781,137.569,314.932,17.609,142.031,UNK,UNK,47.1449,46.5164,4574.35,742441000.0,2.028,150.061,184.974,53.866,9.136,44.814,143.735,-40.506,186.327,400.0,400.0,1565.0,1565.0,1565.0,N/A,N/A,N/A,N/A,N/A,N/A,N/A,N/A,N/A,LSB_UNSIGNED_INTEGER,"frozenset({'N/A', 'MIPS_NEAR.CK', 'S990607A.BSP', 'S980928A.BSP', 'NULL'})","VICAR programs run: SSIMERGE,CATLABEL,BADLABELS.",REDR,,,,,"frozenset({800, 1})",
C0466669765R,44.483743531603,-44.483743531603,137187.86505146,-1257644.3971255,209696.36700797288,-1308667.2509562487,174.96780687076892,-46.13170043762228,172.30811984072778,-48.00327161765736,FIXED_LENGTH,1000,811,"['C0466669765R.IMG', 1]","['C0466669765R.IMG', 3]","['C0466669765R.IMG', 5]","['C0466669765R.IMG', 12]","['C0466669765R.IMG', 12]",GO-J/JSA-SSI-2-REDR-V1.0,GALILEO ORBITER,SOLID STATE IMAGING SYSTEM,1,04666697.65,1998-09-26 03:46:15.137000+00:00,17E0056,17,17ESTHRACE01,EUROPA,-000T04:39:44Z,-000T00:04:49Z,NOT APPLICABLE,CLEAR,0,6.25,100K,8.667,ON,NORMAL,OFF,NOT INVERTED,N,BARC RATE CONTROL,3.636,IM4,NOT POSSIBLE,N/A,WEST,5909.879,673284.8,-36.558,177.245,5494.096,-3878.125,130.024,58.923,138.508,316.004,17.52,143.161,UNK,UNK,45.4153,45.5185,4382.96,742441000.0,2.028,150.143,176.889,53.191,14.742,43.847,156.57,-47.069,173.467,400.0,400.0,1565.0,1565.0,1565.0,N/A,N/A,N/A,N/A,N/A,N/A,N/A,N/A,N/A,LSB_UNSIGNED_INTEGER,"frozenset({'N/A', 'MIPS_NEAR.CK', 'S990607A.BSP', 'S980928A.BSP', 'NULL'})","VICAR programs run: SSIMERGE,CATLABEL,BADLABELS.",REDR,,,,,"frozenset({800, 1})",
C0466669778R,44.270752042517,-44.270752042517,173541.34800667,-1276015.8861215,246366.73511661048,-1326794.438714267,173.634323423948,-46.80558570192562,170.9630127179262,-48.6681956592551,FIXED_LENGTH,1000,812,"['C0466669778R.IMG', 1]","['C0466669778R.IMG', 3]","['C0466669778R.IMG', 5]","['C0466669778R.IMG', 13]","['C0466669778R.IMG', 13]",GO-J/JSA-SSI-2-REDR-V1.0,GALILEO ORBITER,SOLID STATE IMAGING SYSTEM,1,04666697.78,1998-09-26 03:46:23.804000+00:00,17E0057,17,17ESTHRACE01,EUROPA,-000T04:39:36Z,-000T00:04:41Z,NOT APPLICABLE,CLEAR,0,6.25,100K,8.667,ON,NORMAL,OFF,NOT INVERTED,N,BARC RATE CONTROL,3.474,IM4,NOT POSSIBLE,N/A,WEST,5884.554,673249.0,-36.732,176.746,5937.476,-4002.284,128.485,58.732,138.655,316.245,17.581,143.431,UNK,UNK,44.9067,45.7047,4362.27,742441000.0,2.028,150.153,176.172,53.343,15.627,43.665,158.049,-47.74,172.138,400.0,400.0,1565.0,1565.0,1565.0,N/A,N/A,N/A,N/A,N/A,N/A,N/A,N/A,N/A,LSB_UNSIGNED_INTEGER,"frozenset({'N/A', 'MIPS_NEAR.CK', 'S990607A.BSP', 'S980928A.BSP', 'NULL'})","VICAR programs run: SSIMERGE,CATLABEL,BADLABELS.",REDR,,,,,"frozenset({800, 1})",
C0466669800R,44.065130929156,-44.065130929156,216007.27181472,-1292782.8111996,289111.3240261898,-1343281.451244413,172.076629309143,-47.4206138980762,169.39509687827152,-49.27295637292774,FIXED_LENGTH,1000,813,"['C0466669800R.IMG', 1]","['C0466669800R.IMG', 3]","['C0466669800R.IMG', 5]","['C0466669800R.IMG', 14]","['C0466669800R.IMG', 14]",GO-J/JSA-SSI-2-REDR-V1.0,GALILEO ORBITER,SOLID STATE IMAGING SYSTEM,1,04666698.00,1998-09-26 03:46:32.470000+00:00,17E0058,17,17ESTHRACE01,EUROPA,-000T04:39:27Z,-000T00:04:32Z,NOT APPLICABLE,CLEAR,0,6.25,100K,8.667,ON,NORMAL,OFF,NOT INVERTED,N,BARC RATE CONTROL,3.623,IM4,NOT POSSIBLE,N/A,WEST,5859.581,673213.4,-36.906,176.241,6428.046,-4070.669,126.562,58.485,138.792,316.438,17.638,143.743,UNK,UNK,44.557,44.8717,4342.29,742441000.0,2.028,150.163,175.452,53.419,16.527,43.522,159.58,-48.351,170.585,400.0,400.0,1565.0,1565.0,1565.0,N/A,N/A,N/A,N/A,N/A,N/A,N/A,N/A,N/A,LSB_UNSIGNED_INTEGER,"frozenset({'N/A', 'MIPS_NEAR.CK', 'S990607A.BSP', 'S980928A.BSP', 'NULL'})","VICAR programs run: SSIMERGE,CATLABEL,BADLABELS.",REDR,,,,,"frozenset({800, 1})",
C0466669926R,42.189879759132,-42.189879759132,19449.53456896,-1411588.996981,96319.49549009849,-1460149.548583761,179.2865709063411,-51.77854797318593,176.46690103942893,-53.559799354533844,FIXED_LENGTH,1000,813,"['C0466669926R.IMG', 1]","['C0466669926R.IMG', 3]","['C0466669926R.IMG', 5]","['C0466669926R.IMG', 14]","['C0466669926R.IMG', 14]",GO-J/JSA-SSI-2-REDR-V1.0,GALILEO ORBITER,SOLID STATE IMAGING SYSTEM,1,04666699.26,1998-09-26 03:47:50.470000+00:00,17E0059,17,17ESLIBLIN01,EUROPA,-000T04:38:09Z,-000T00:03:14Z,NOT APPLICABLE,CLEAR,0,6.25,100K,8.667,ON,NORMAL,OFF,NOT INVERTED,N,BARC RATE CONTROL,3.698,IM4,NOT POSSIBLE,N/A,WEST,5651.3,672892.6,-38.424,171.382,2101.656,-9052.404,169.795,48.876,142.104,323.082,20.662,155.678,UNK,UNK,45.133,42.2828,4158.88,742440000.0,2.028,150.254,183.328,59.404,20.515,39.558,152.399,-52.702,177.759,400.0,400.0,1565.0,1565.0,1565.0,N/A,N/A,N/A,N/A,N/A,N/A,N/A,N/A,N/A,LSB_UNSIGNED_INTEGER,"frozenset({'N/A', 'MIPS_NEAR.CK', 'S990607A.BSP', 'S980928A.BSP', 'NULL'})","VICAR programs run: SSIMERGE,CATLABEL,BADLABELS.",REDR,,,,,"frozenset({800, 1})",
C0466669939R,41.886536024768,-41.886536024768,35184.690260805,-1386402.4558838,109365.74556066912,-1433859.9011998621,178.70938908103767,-50.85467953182718,175.98835106022537,-52.59546783085615,FIXED_LENGTH,1000,814,"['C0466669939R.IMG', 1]","['C0466669939R.IMG', 3]","['C0466669939R.IMG', 5]","['C0466669939R.IMG', 15]","['C0466669939R.IMG', 15]",GO-J/JSA-SSI-2-REDR-V1.0,GALILEO ORBITER,SOLID STATE IMAGING SYSTEM,1,04666699.39,1998-09-26 03:47:59.137000+00:00,17E0060,17,17ESLIBLIN01,EUROPA,-000T04:38:00Z,-000T00:03:05Z,NOT APPLICABLE,CLEAR,0,6.25,100K,8.667,ON,NORMAL,OFF,NOT INVERTED,N,BARC RATE CONTROL,3.499,IM4,NOT POSSIBLE,N/A,WEST,5630.073,672857.1,-38.585,170.807,1564.24,-8544.395,172.584,47.854,141.857,323.38,21.368,156.952,UNK,UNK,44.5877,42.388,4128.23,742440000.0,2.028,150.265,184.047,58.432,19.152,39.729,153.049,-51.765,177.218,400.0,400.0,1565.0,1565.0,1565.0,N/A,N/A,N/A,N/A,N/A,N/A,N/A,N/A,N/A,LSB_UNSIGNED_INTEGER,"frozenset({'N/A', 'MIPS_NEAR.CK', 'S990607A.BSP', 'S980928A.BSP', 'NULL'})","VICAR programs run: SSIMERGE,CATLABEL,BADLABELS.",REDR,,,,,"frozenset({800, 1})",
C0466670100R,42.743315385916,-42.743315385916,-604176.76297992,-1868695.0053569,-426364.57097450946,-1925329.8982432387,202.1618300887486,-68.54567029713645,195.63949452672563,-70.62309688840578,FIXED_LENGTH,1000,812,"['C0466670100R.IMG', 1]","['C0466670100R.IMG', 3]","['C0466670100R.IMG', 5]","['C0466670100R.IMG', 13]","['C0466670100R.IMG', 13]",GO-J/JSA-SSI-2-REDR-V1.0,GALILEO ORBITER,SOLID STATE IMAGING SYSTEM,1,04666701.00,1998-09-26 03:49:34.470000+00:00,17E0061,17,17ESSTRSLP01,EUROPA,-000T04:36:25Z,-000T00:01:30Z,NOT APPLICABLE,CLEAR,0,6.25,100K,8.667,ON,NORMAL,OFF,NOT INVERTED,N,BARC RATE CONTROL,3.664,IM4,NOT POSSIBLE,N/A,WEST,5423.949,672466.3,-40.225,164.023,-3031.512,-20344.82,189.393,34.54,148.722,333.723,20.744,171.667,UNK,UNK,61.6948,43.5322,4224.21,742439000.0,2.028,150.376,188.749,78.357,46.351,32.008,132.054,-69.495,198.217,400.0,400.0,1565.0,1565.0,1565.0,N/A,N/A,N/A,N/A,N/A,N/A,N/A,N/A,N/A,LSB_UNSIGNED_INTEGER,"frozenset({'N/A', 'MIPS_NEAR.CK', 'S990607A.BSP', 'S980928A.BSP', 'NULL'})","VICAR programs run: SSIMERGE,CATLABEL,BADLABELS.",REDR,,,,,"frozenset({800, 1})",
C0466670113R,42.337635056671,-42.337635056671,-554496.00633722,-1831822.455997,-391411.4360989233,-1886268.6546798788,200.33948842508454,-67.19314695641297,194.3573772993744,-69.19028997501712,FIXED_LENGTH,1000,813,"['C0466670113R.IMG', 1]","['C0466670113R.IMG', 3]","['C0466670113R.IMG', 5]","['C0466670113R.IMG', 14]","['C0466670113R.IMG', 14]",GO-J/JSA-SSI-2-REDR-V1.0,GALILEO ORBITER,SOLID STATE IMAGING SYSTEM,1,04666701.13,1998-09-26 03:49:43.137000+00:00,17E0062,17,17ESSTRSLP01,EUROPA,-000T04:36:16Z,-000T00:01:21Z,NOT APPLICABLE,CLEAR,0,6.25,100K,8.667,ON,NORMAL,OFF,NOT INVERTED,N,BARC RATE CONTROL,3.636,IM4,NOT POSSIBLE,N/A,WEST,5407.81,672430.9,-40.358,163.365,-4066.323,-19625.766,192.573,33.053,148.371,334.264,21.56,173.412,UNK,UNK,59.2438,43.4691,4183.8,742439000.0,2.028,150.387,189.35,77.018,44.806,32.271,133.369,-68.11,196.672,400.0,400.0,1565.0,1565.0,1565.0,N/A,N/A,N/A,N/A,N/A,N/A,N/A,N/A,N/A,LSB_UNSIGNED_INTEGER,"frozenset({'N/A', 'MIPS_NEAR.CK', 'S990607A.BSP', 'S980928A.BSP', 'NULL'})","VICAR programs run: SSIMERGE,CATLABEL,BADLABELS.",REDR,,,,,"frozenset({800, 1, 799})",
C0466670126R,42.005227855333,-42.005227855333,-525317.37955879,-1800638.1024746,-372586.37107679923,-1853186.6425216217,199.2691861418634,-66.04927253664509,193.66685439615605,-67.97680746895529,FIXED_LENGTH,1000,814,"['C0466670126R.IMG', 1]","['C0466670126R.IMG', 3]","['C0466670126R.IMG', 5]","['C0466670126R.IMG', 15]","['C0466670126R.IMG', 15]",GO-J/JSA-SSI-2-REDR-V1.0,GALILEO ORBITER,SOLID STATE IMAGING SYSTEM,1,04666701.26,1998-09-26 03:49:51.803000+00:00,17E0063,17,17ESSTRSLP01,EUROPA,-000T04:36:08Z,-000T00:01:13Z,NOT APPLICABLE,CLEAR,0,6.25,100K,8.667,ON,NORMAL,OFF,NOT INVERTED,N,BARC RATE CONTROL,3.647,IM4,NOT POSSIBLE,N/A,WEST,5392.124,672395.4,-40.489,162.701,-5118.259,-18978.465,195.895,31.462,148.008,334.862,22.327,175.255,UNK,UNK,57.1912,43.4988,4150.77,742439000.0,2.028,150.397,190.11,75.974,43.673,32.493,134.38,-66.938,195.788,400.0,400.0,1565.0,1565.0,1565.0,N/A,N/A,N/A,N/A,N/A,N/A,N/A,N/A,N/A,LSB_UNSIGNED_INTEGER,"frozenset({'N/A', 'MIPS_NEAR.CK', 'S990607A.BSP', 'S980928A.BSP', 'NULL'})","VICAR programs run: SSIMERGE,CATLABEL,BADLABELS.",REDR,,,,,"frozenset({800, 1})",
C0466670139R,41.688763531867,-41.688763531867,-497638.7702799,-1769646.3231642,-354229.4237302775,-1820423.2371460139,198.25390605577374,-64.91246193863817,192.99350253463265,-66.77501179001895,FIXED_LENGTH,1000,812,"['C0466670139R.IMG', 1]","['C0466670139R.IMG', 3]","['C0466670139R.IMG', 5]","['C0466670139R.IMG', 13]","['C0466670139R.IMG', 13]",GO-J/JSA-SSI-2-REDR-V1.0,GALILEO ORBITER,SOLID STATE IMAGING SYSTEM,1,04666701.39,1998-09-26 03:50:00.470000+00:00,17E0064,17,17ESSTRSLP01,EUROPA,-000T04:35:59Z,-000T00:01:04Z,NOT APPLICABLE,CLEAR,0,6.25,100K,8.667,ON,NORMAL,OFF,NOT INVERTED,N,BARC RATE CONTROL,3.647,IM4,NOT POSSIBLE,N/A,WEST,5376.892,672360.0,-40.616,162.03,-6187.528,-18256.664,199.448,29.721,147.632,335.463,23.103,177.252,UNK,UNK,55.3778,43.7296,4119.28,742439000.0,2.028,150.407,191.093,74.928,42.583,32.749,135.144,-65.775,194.941,400.0,400.0,1565.0,1565.0,1565.0,N/A,N/A,N/A,N/A,N/A,N/A,N/A,N/A,N/A,LSB_UNSIGNED_INTEGER,"frozenset({'N/A', 'MIPS_NEAR.CK', 'S990607A.BSP', 'S980928A.BSP', 'NULL'})","VICAR programs run: SSIMERGE,CATLABEL,BADLABELS.",REDR,,,,,"frozenset({800, 1})",
C0466670152R,41.413198475028,-41.413198475028,-478777.9875698,-1741259.343081,-342901.28337323316,-1790416.8096708583,197.56207299072761,-63.871198076993316,192.57797460109202,-65.67434491896145,FIXED_LENGTH,1000,813,"['C0466670152R.IMG', 1]","['C0466670152R.IMG', 3]","['C0466670152R.IMG', 5]","['C0466670152R.IMG', 14]","['C0466670152R.IMG', 14]",GO-J/JSA-SSI-2-REDR-V1.0,GALILEO ORBITER,SOLID STATE IMAGING SYSTEM,1,04666701.52,1998-09-26 03:50:09.137000+00:00,17E0065,17,17ESSTRSLP01,EUROPA,-000T04:35:50Z,-000T00:00:55Z,NOT APPLICABLE,CLEAR,0,6.25,100K,8.667,ON,NORMAL,OFF,NOT INVERTED,N,BARC RATE CONTROL,3.638,IM4,NOT POSSIBLE,N/A,WEST,5362.119,672324.6,-40.74,161.353,-7181.978,-17568.193,202.878,28.16,147.239,336.1,23.861,179.067,UNK,UNK,53.8456,43.9853,4091.91,742439000.0,2.028,150.417,191.927,74.021,41.721,32.998,135.75,-64.71,194.384,400.0,400.0,1565.0,1565.0,1565.0,N/A,N/A,N/A,N/A,N/A,N/A,N/A,N/A,N/A,LSB_UNSIGNED_INTEGER,"frozenset({'N/A', 'MIPS_NEAR.CK', 'S990607A.BSP', 'S980928A.BSP', 'NULL'})","VICAR programs run: SSIMERGE,CATLABEL,BADLABELS.",REDR,,,,,"frozenset({800, 1})",
C0466670165R,41.149738304116,-41.149738304116,-463140.30461283,-1710430.0223489,-334547.3724124675,-1758040.2695667623,196.9884665664011,-62.74034662807878,192.27154448554788,-64.48673985929386,FIXED_LENGTH,1000,813,"['C0466670165R.IMG', 1]","['C0466670165R.IMG', 3]","['C0466670165R.IMG', 5]","['C0466670165R.IMG', 14]","['C0466670165R.IMG', 14]",GO-J/JSA-SSI-2-REDR-V1.0,GALILEO ORBITER,SOLID STATE IMAGING SYSTEM,1,04666701.65,1998-09-26 03:50:17.803000+00:00,17E0066,17,17ESSTRSLP01,EUROPA,-000T04:35:42Z,-000T00:00:47Z,NOT APPLICABLE,CLEAR,0,6.25,100K,8.667,ON,NORMAL,OFF,NOT INVERTED,N,BARC RATE CONTROL,3.598,IM4,NOT POSSIBLE,N/A,WEST,5347.811,672289.2,-40.86,160.67,-8246.202,-16769.203,206.729,26.444,146.828,336.764,24.66,181.05,UNK,UNK,52.0926,44.3049,4065.67,742439000.0,2.028,150.427,192.974,73.076,40.888,33.296,136.163,-63.556,193.934,400.0,400.0,1565.0,1565.0,1565.0,N/A,N/A,N/A,N/A,N/A,N/A,N/A,N/A,N/A,LSB_UNSIGNED_INTEGER,"frozenset({'N/A', 'MIPS_NEAR.CK', 'S990607A.BSP', 'S980928A.BSP', 'NULL'})","VICAR programs run: SSIMERGE,CATLABEL,BADLABELS.",REDR,,,,,"frozenset({800, 1})",
C0466670178R,40.871864675324,-40.871864675324,-418936.61292207,-1691032.5290769,-296811.4812722019,-1737340.351754042,195.36702932390554,-62.02882646314984,190.88735287319042,-63.7274454118313,FIXED_LENGTH,1000,813,"['C0466670178R.IMG', 1]","['C0466670178R.IMG', 3]","['C0466670178R.IMG', 5]","['C0466670178R.IMG', 14]","['C0466670178R.IMG', 14]",GO-J/JSA-SSI-2-REDR-V1.0,GALILEO ORBITER,SOLID STATE IMAGING SYSTEM,1,04666701.78,1998-09-26 03:50:26.470000+00:00,17E0067,17,17ESSTRSLP01,EUROPA,-000T04:35:33Z,-000T00:00:38Z,NOT APPLICABLE,CLEAR,0,6.25,100K,8.667,ON,NORMAL,OFF,NOT INVERTED,N,BARC RATE CONTROL,3.604,IM4,NOT POSSIBLE,N/A,WEST,5333.968,672253.8,-40.977,159.98,-8737.829,-16105.777,208.97,25.27,146.41,337.233,25.303,182.436,UNK,UNK,50.8235,44.1971,4037.8,742439000.0,2.028,150.437,193.569,72.081,39.881,33.591,137.739,-62.828,192.436,400.0,400.0,1565.0,1565.0,1565.0,N/A,N/A,N/A,N/A,N/A,N/A,N/A,N/A,N/A,LSB_UNSIGNED_INTEGER,"frozenset({'N/A', 'MIPS_NEAR.CK', 'S990607A.BSP', 'S980928A.BSP', 'NULL'})","VICAR programs run: SSIMERGE,CATLABEL,BADLABELS.",REDR,,,,,"frozenset({800, 1})",
C0466670200R,40.603506379891,-40.603506379891,-378546.48997972,-1669494.371822,-262745.2897842708,-1714483.0568909193,193.8854777370866,-61.23878452384455,189.63776964889917,-62.889016137347944,FIXED_LENGTH,1000,812,"['C0466670200R.IMG', 1]","['C0466670200R.IMG', 3]","['C0466670200R.IMG', 5]","['C0466670200R.IMG', 13]","['C0466670200R.IMG', 13]",GO-J/JSA-SSI-2-REDR-V1.0,GALILEO ORBITER,SOLID STATE IMAGING SYSTEM,1,04666702.00,1998-09-26 03:50:35.137000+00:00,17E0068,17,17ESSTRSLP01,EUROPA,-000T04:35:24Z,-000T00:00:29Z,NOT APPLICABLE,CLEAR,0,6.25,100K,8.667,ON,NORMAL,OFF,NOT INVERTED,N,BARC RATE CONTROL,3.555,IM4,NOT POSSIBLE,N/A,WEST,5320.596,672218.4,-41.09,159.285,-9265.476,-15377.873,211.492,24.035,145.978,337.724,25.981,183.894,UNK,UNK,49.3771,44.2106,4010.86,742439000.0,2.028,150.448,194.262,71.06,38.881,33.921,139.167,-62.022,191.073,400.0,400.0,1565.0,1565.0,1565.0,N/A,N/A,N/A,N/A,N/A,N/A,N/A,N/A,N/A,LSB_UNSIGNED_INTEGER,"frozenset({'N/A', 'MIPS_NEAR.CK', 'S990607A.BSP', 'S980928A.BSP', 'NULL'})","VICAR programs run: SSIMERGE,CATLABEL,BADLABELS.",REDR,,,,,"frozenset({800, 1})",
C0466670213R,40.355491524955,-40.355491524955,-342779.54501297,-1648360.4068283,-232649.4086413678,-1692105.7596413514,192.57350911181678,-60.46356877575478,188.53382152456132,-62.06819367300099,FIXED_LENGTH,1000,813,"['C0466670213R.IMG', 1]","['C0466670213R.IMG', 3]","['C0466670213R.IMG', 5]","['C0466670213R.IMG', 14]","['C0466670213R.IMG', 14]",GO-J/JSA-SSI-2-REDR-V1.0,GALILEO ORBITER,SOLID STATE IMAGING SYSTEM,1,04666702.13,1998-09-26 03:50:43.803000+00:00,17E0069,17,17ESSTRSLP01,EUROPA,-000T04:35:16Z,-000T00:00:21Z,NOT APPLICABLE,CLEAR,0,6.25,100K,8.667,ON,NORMAL,OFF,NOT INVERTED,N,BARC RATE CONTROL,3.597,IM4,NOT POSSIBLE,N/A,WEST,5307.699,672183.0,-41.199,158.583,-9990.963,-14564.591,214.775,22.317,145.529,338.287,26.677,185.845,UNK,UNK,48.1255,44.2707,3987.42,742439000.0,2.028,150.458,195.432,70.145,38.088,34.253,140.329,-61.194,190.132,400.0,400.0,1565.0,1565.0,1565.0,N/A,N/A,N/A,N/A,N/A,N/A,N/A,N/A,N/A,LSB_UNSIGNED_INTEGER,"frozenset({'N/A', 'MIPS_NEAR.CK', 'S990607A.BSP', 'S980928A.BSP', 'NULL'})","VICAR programs run: SSIMERGE,CATLABEL,BADLABELS.",REDR,,,,,"frozenset({800, 1})",
C0466670352R,42.170915508347,-42.170915508347,-735882.47562066,-2194743.1267164,-227174.72184347012,-2251716.033568177,206.99293218354833,-80.50545344186668,188.33300433654884,-82.59527873584798,FIXED_LENGTH,1000,814,"['C0466670352R.IMG', 1]","['C0466670352R.IMG', 3]","['C0466670352R.IMG', 5]","['C0466670352R.IMG', 15]","['C0466670352R.IMG', 15]",GO-J/JSA-SSI-2-REDR-V1.0,GALILEO ORBITER,SOLID STATE IMAGING SYSTEM,1,04666703.52,1998-09-26 03:52:10.470000+00:00,17E0070,17,17ESRHIANN01,EUROPA,-000T04:33:49Z,000T00:01:05Z,NOT APPLICABLE,CLEAR,0,6.25,100K,8.667,ON,NORMAL,OFF,NOT INVERTED,N,BARC RATE CONTROL,3.47,IM4,NOT POSSIBLE,N/A,WEST,5205.511,671829.8,-42.06,151.28,-8649.89,-23532.129,200.714,14.577,149.574,343.424,23.989,193.026,UNK,UNK,73.9065,48.2407,4180.28,742438000.0,2.028,150.559,190.443,86.012,56.752,29.735,133.95,-81.331,196.61,400.0,400.0,1565.0,1565.0,1565.0,N/A,N/A,N/A,N/A,N/A,N/A,N/A,N/A,N/A,LSB_UNSIGNED_INTEGER,"frozenset({'N/A', 'CKE17AFC.PLT', 'NULL', 'S990607A.BSP'})","VICAR programs run: SSIMERGE,CATLABEL,BADLABELS.",REDR,,,,,"frozenset({800, 1})",
C0466670513R,38.330051241677,-38.330051241677,540262.07225144,-1764102.2783469,626964.6481601134,-1808680.1279409702,160.18262703521162,-64.7091006265622,157.00228665590328,-66.34426236888564,FIXED_LENGTH,1000,813,"['C0466670513R.IMG', 1]","['C0466670513R.IMG', 3]","['C0466670513R.IMG', 5]","['C0466670513R.IMG', 14]","['C0466670513R.IMG', 14]",GO-J/JSA-SSI-2-REDR-V1.0,GALILEO ORBITER,SOLID STATE IMAGING SYSTEM,1,04666705.13,1998-09-26 03:53:45.803000+00:00,17E0071,17,17ESTHYLIN01,EUROPA,-000T04:32:14Z,000T00:02:40Z,NOT APPLICABLE,CLEAR,0,6.25,100K,8.667,ON,NORMAL,OFF,NOT INVERTED,N,BARC RATE CONTROL,3.712,IM4,NOT POSSIBLE,N/A,WEST,5151.524,671442.4,-42.446,142.828,-10585.659,-12521.77,220.37,3.681,142.027,348.396,32.499,206.216,UNK,UNK,42.9295,41.9221,3778.76,742437000.0,2.028,150.671,196.03,67.24,33.959,36.566,172.098,-64.97,158.44,400.0,400.0,1565.0,1565.0,1565.0,N/A,N/A,N/A,N/A,N/A,N/A,N/A,N/A,N/A,LSB_UNSIGNED_INTEGER,"frozenset({'N/A', 'MIPS_NEAR.CK', 'S990607A.BSP', 'S980928A.BSP', 'NULL'})","VICAR programs run: SSIMERGE,CATLABEL,BADLABELS.",REDR,,,,,"frozenset({800, 1})",
C0466670526R,38.444061152141,-38.444061152141,463481.60125021,-1767927.0402035,550634.2878821137,-1812368.374895375,162.9990143190766,-64.84939685705248,159.80216341175628,-66.47955109122198,FIXED_LENGTH,1000,813,"['C0466670526R.IMG', 1]","['C0466670526R.IMG', 3]","['C0466670526R.IMG', 5]","['C0466670526R.IMG', 14]","['C0466670526R.IMG', 14]",GO-J/JSA-SSI-2-REDR-V1.0,GALILEO ORBITER,SOLID STATE IMAGING SYSTEM,1,04666705.26,1998-09-26 03:53:54.470000+00:00,17E0072,17,17ESTHYLIN01,EUROPA,-000T04:32:05Z,000T00:02:49Z,NOT APPLICABLE,CLEAR,0,6.25,100K,8.667,ON,NORMAL,OFF,NOT INVERTED,N,BARC RATE CONTROL,3.571,IM4,NOT POSSIBLE,N/A,WEST,5149.73,671407.3,-42.449,142.049,-12075.439,-11884.433,225.442,1.123,141.694,349.75,32.965,208.832,UNK,UNK,42.9275,42.4626,3790.86,742437000.0,2.028,150.681,197.527,67.569,35.163,36.829,169.491,-65.103,161.181,400.0,400.0,1565.0,1565.0,1565.0,N/A,N/A,N/A,N/A,N/A,N/A,N/A,N/A,N/A,LSB_UNSIGNED_INTEGER,"frozenset({'N/A', 'MIPS_NEAR.CK', 'S990607A.BSP', 'S980928A.BSP', 'NULL'})","VICAR programs run: SSIMERGE,CATLABEL,BADLABELS.",REDR,,,,,"frozenset({800, 1})",
C0466670539R,38.553587362452,-38.553587362452,467577.90753182,-1789040.6679672,558564.3737072067,-1834495.347467531,162.8487575575342,-65.62386661445981,159.51127964161907,-67.2911913868598,FIXED_LENGTH,1000,813,"['C0466670539R.IMG', 1]","['C0466670539R.IMG', 3]","['C0466670539R.IMG', 5]","['C0466670539R.IMG', 14]","['C0466670539R.IMG', 14]",GO-J/JSA-SSI-2-REDR-V1.0,GALILEO ORBITER,SOLID STATE IMAGING SYSTEM,1,04666705.39,1998-09-26 03:54:03.137000+00:00,17E0073,17,17ESTHYLIN01,EUROPA,-000T04:31:56Z,000T00:02:58Z,NOT APPLICABLE,CLEAR,0,6.25,100K,8.667,ON,NORMAL,OFF,NOT INVERTED,N,BARC RATE CONTROL,3.442,IM4,NOT POSSIBLE,N/A,WEST,5148.459,671372.1,-42.447,141.27,-12518.687,-12100.236,225.943,0.013,141.702,350.578,33.037,209.9,UNK,UNK,43.5378,43.5731,3801.99,742437000.0,2.028,150.692,197.397,68.318,36.204,36.802,169.951,-65.886,160.963,400.0,400.0,1565.0,1565.0,1565.0,N/A,N/A,N/A,N/A,N/A,N/A,N/A,N/A,N/A,LSB_UNSIGNED_INTEGER,"frozenset({'N/A', 'MIPS_NEAR.CK', 'S990607A.BSP', 'S980928A.BSP', 'NULL'})","VICAR programs run: SSIMERGE,CATLABEL,BADLABELS.",REDR,,,,,"frozenset({800, 1})",
C0466670552R,38.818082919199,-38.818082919199,392373.18214726,-1818588.3666816,487710.39379681274,-1864626.61302377,165.6073448584149,-66.70770683895356,162.11027708756674,-68.39643744816607,FIXED_LENGTH,1000,810,"['C0466670552R.IMG', 1]","['C0466670552R.IMG', 3]","['C0466670552R.IMG', 5]","['C0466670552R.IMG', 11]","['C0466670552R.IMG', 11]",GO-J/JSA-SSI-2-REDR-V1.0,GALILEO ORBITER,SOLID STATE IMAGING SYSTEM,1,04666705.52,1998-09-26 03:54:11.803000+00:00,17E0074,17,17ESTHYLIN01,EUROPA,-000T04:31:48Z,000T00:03:06Z,NOT APPLICABLE,CLEAR,0,6.25,100K,8.667,ON,NORMAL,OFF,NOT INVERTED,N,BARC RATE CONTROL,3.529,IM4,NOT POSSIBLE,N/A,WEST,5147.711,671337.1,-42.44,140.491,-13797.57,-12160.552,228.501,358.115,141.341,351.896,33.111,211.708,UNK,UNK,44.0143,45.5758,3829.11,742437000.0,2.028,150.702,197.745,69.595,38.437,36.756,167.135,-66.965,163.57,400.0,400.0,1565.0,1565.0,1565.0,N/A,N/A,N/A,N/A,N/A,N/A,N/A,N/A,N/A,LSB_UNSIGNED_INTEGER,"frozenset({'N/A', 'MIPS_NEAR.CK', 'S990607A.BSP', 'S980928A.BSP', 'NULL'})","VICAR programs run: SSIMERGE,CATLABEL,BADLABELS.",REDR,,,,,"frozenset({240, 1, 800})",
C0466670700R,40.597914362657,-40.597914362657,1480890.1222066,-2100576.6870382,1713881.5527338884,-2171014.0684574097,125.67941490073567,-77.0513308008077,117.1330476587836,-79.63504698216106,FIXED_LENGTH,1000,812,"['C0466670700R.IMG', 1]","['C0466670700R.IMG', 3]","['C0466670700R.IMG', 5]","['C0466670700R.IMG', 13]","['C0466670700R.IMG', 13]",GO-J/JSA-SSI-2-REDR-V1.0,GALILEO ORBITER,SOLID STATE IMAGING SYSTEM,1,04666707.00,1998-09-26 03:55:38.470000+00:00,17E0075,17,17ESSOUTHP01,EUROPA,-000T04:30:21Z,000T00:04:33Z,NOT APPLICABLE,CLEAR,0,6.25,100K,8.667,ON,NORMAL,OFF,NOT INVERTED,N,BARC RATE CONTROL,3.522,IM4,NOT POSSIBLE,N/A,WEST,5168.988,670986.4,-42.07,132.75,-12524.643,-18823.307,213.915,351.387,142.775,355.966,31.363,217.525,UNK,UNK,56.4624,48.5083,4007.61,742437000.0,2.028,150.803,191.332,81.307,49.126,34.901,209.351,-77.636,121.013,400.0,400.0,1565.0,1565.0,1565.0,N/A,N/A,N/A,N/A,N/A,N/A,N/A,N/A,N/A,LSB_UNSIGNED_INTEGER,"frozenset({'N/A', 'MIPS_NEAR.CK', 'S990607A.BSP', 'S980928A.BSP', 'NULL'})","VICAR programs run: SSIMERGE,CATLABEL,BADLABELS.",REDR,,,,,"frozenset({800, 1})",
C0466670713R,40.851389023099,-40.851389023099,1375833.930909,-2130685.8972778,1632625.7623082004,-2204381.8030754705,129.5329849219082,-78.15576785023227,120.11359429923905,-80.85901008429131,FIXED_LENGTH,1000,813,"['C0466670713R.IMG', 1]","['C0466670713R.IMG', 3]","['C0466670713R.IMG', 5]","['C0466670713R.IMG', 14]","['C0466670713R.IMG', 14]",GO-J/JSA-SSI-2-REDR-V1.0,GALILEO ORBITER,SOLID STATE IMAGING SYSTEM,1,04666707.13,1998-09-26 03:55:47.137000+00:00,17E0076,17,17ESSOUTHP01,EUROPA,-000T04:30:12Z,000T00:04:42Z,NOT APPLICABLE,CLEAR,0,6.25,100K,8.667,ON,NORMAL,OFF,NOT INVERTED,N,BARC RATE CONTROL,3.513,IM4,NOT POSSIBLE,N/A,WEST,5173.977,670951.5,-42.004,131.988,-13922.613,-18346.08,217.381,349.326,142.364,357.246,31.598,219.504,UNK,UNK,56.629,50.724,4033.32,742436000.0,2.028,150.814,191.456,81.991,50.362,35.19,206.331,-78.77,124.23,400.0,400.0,1565.0,1565.0,1565.0,N/A,N/A,N/A,N/A,N/A,N/A,N/A,N/A,N/A,LSB_UNSIGNED_INTEGER,"frozenset({'N/A', 'MIPS_NEAR.CK', 'S990607A.BSP', 'S980928A.BSP', 'NULL'})","VICAR programs run: SSIMERGE,CATLABEL,BADLABELS.",REDR,,,,,"frozenset({800, 1})",
C0466670726R,41.098405505771,-41.098405505771,1245774.8676909,-2156227.8448603,1527792.1262715007,-2232876.371128563,134.3036862086062,-79.09267296996443,123.95900076269197,-81.9042203842212,FIXED_LENGTH,1000,812,"['C0466670726R.IMG', 1]","['C0466670726R.IMG', 3]","['C0466670726R.IMG', 5]","['C0466670726R.IMG', 13]","['C0466670726R.IMG', 13]",GO-J/JSA-SSI-2-REDR-V1.0,GALILEO ORBITER,SOLID STATE IMAGING SYSTEM,1,04666707.26,1998-09-26 03:55:55.803000+00:00,17E0077,17,17ESSOUTHP01,EUROPA,-000T04:30:04Z,000T00:04:50Z,NOT APPLICABLE,CLEAR,0,6.25,100K,8.667,ON,NORMAL,OFF,NOT INVERTED,N,BARC RATE CONTROL,3.609,IM4,NOT POSSIBLE,N/A,WEST,5179.481,670916.5,-41.934,131.229,-15176.594,-17817.023,220.532,347.472,141.945,358.496,31.855,221.271,UNK,UNK,57.0007,53.1116,4058.3,742436000.0,2.028,150.824,191.395,82.554,51.495,35.537,202.684,-79.734,128.217,400.0,400.0,1565.0,1565.0,1565.0,N/A,N/A,N/A,N/A,N/A,N/A,N/A,N/A,N/A,LSB_UNSIGNED_INTEGER,"frozenset({'N/A', 'MIPS_NEAR.CK', 'S990607A.BSP', 'S980928A.BSP', 'NULL'})","VICAR programs run: SSIMERGE,CATLABEL,BADLABELS.",REDR,,,,,"frozenset({800, 1})",
C0466670739R,41.402772609461,-41.402772609461,1084131.6007787,-2185031.3244643,1402808.7415537215,-2264731.661737513,140.23292883394276,-80.14921446586733,128.54352089943245,-83.07270547196484,FIXED_LENGTH,1000,812,"['C0466670739R.IMG', 1]","['C0466670739R.IMG', 3]","['C0466670739R.IMG', 5]","['C0466670739R.IMG', 13]","['C0466670739R.IMG', 13]",GO-J/JSA-SSI-2-REDR-V1.0,GALILEO ORBITER,SOLID STATE IMAGING SYSTEM,1,04666707.39,1998-09-26 03:56:04.470000+00:00,17E0078,17,17ESSOUTHP01,EUROPA,-000T04:29:55Z,000T00:04:59Z,NOT APPLICABLE,CLEAR,0,6.25,100K,8.667,ON,NORMAL,OFF,NOT INVERTED,N,BARC RATE CONTROL,3.51,IM4,NOT POSSIBLE,N/A,WEST,5185.499,670881.5,-41.858,130.473,-16454.66,-17280.703,223.63,345.539,141.516,359.753,32.064,223.092,UNK,UNK,57.5099,56.1669,4089.06,742436000.0,2.028,150.834,191.239,83.29,52.901,35.876,198.12,-80.819,132.989,400.0,400.0,1565.0,1565.0,1565.0,N/A,N/A,N/A,N/A,N/A,N/A,N/A,N/A,N/A,LSB_UNSIGNED_INTEGER,"frozenset({'N/A', 'MIPS_NEAR.CK', 'S990607A.BSP', 'S980928A.BSP', 'NULL'})","VICAR programs run: SSIMERGE,CATLABEL,BADLABELS.",REDR,,,,,"frozenset({800, 1})",
C0466670752R,41.793153423923,-41.793153423923,872724.62979836,-2220177.6893391,1251830.3245067657,-2302969.926271891,147.9875557205101,-81.43841956993448,134.08156577418058,-84.4753246612892,FIXED_LENGTH,1000,810,"['C0466670752R.IMG', 1]","['C0466670752R.IMG', 3]","['C0466670752R.IMG', 5]","['C0466670752R.IMG', 11]","['C0466670752R.IMG', 11]",GO-J/JSA-SSI-2-REDR-V1.0,GALILEO ORBITER,SOLID STATE IMAGING SYSTEM,1,04666707.52,1998-09-26 03:56:13.137000+00:00,17E0079,17,17ESSOUTHP01,EUROPA,-000T04:29:46Z,000T00:05:08Z,NOT APPLICABLE,CLEAR,0,6.25,100K,8.667,ON,NORMAL,OFF,NOT INVERTED,N,BARC RATE CONTROL,3.474,IM4,NOT POSSIBLE,N/A,WEST,5192.029,670846.6,-41.777,129.721,-17742.004,-16809.238,226.511,343.579,141.077,0.999,32.193,224.909,UNK,UNK,58.4446,59.9932,4128.61,742436000.0,2.028,150.844,190.807,84.344,54.724,36.171,192.045,-82.143,138.807,400.0,400.0,1565.0,1565.0,1565.0,N/A,N/A,N/A,N/A,N/A,N/A,N/A,N/A,N/A,LSB_UNSIGNED_INTEGER,"frozenset({'N/A', 'MIPS_NEAR.CK', 'S990607A.BSP', 'S980928A.BSP', 'NULL'})","VICAR programs run: SSIMERGE,CATLABEL,BADLABELS.",REDR,,,,,"frozenset({800, 1})",
C0466676678R,215.25683181502,-215.25683181502,2691140.9113514,17220.546545202,2874109.218394167,-164025.70584304485,81.28616114249344,0.6316675018877499,74.57469393493628,-6.016632955480665,FIXED_LENGTH,1000,807,"['C0466676678R.IMG', 1]","['C0466676678R.IMG', 3]","['C0466676678R.IMG', 5]","['C0466676678R.IMG', 8]","['C0466676678R.IMG', 8]",GO-J/JSA-SSI-2-REDR-V1.0,GALILEO ORBITER,SOLID STATE IMAGING SYSTEM,1,04666766.78,1998-09-26 04:56:09.804000+00:00,17E0080,17,17ESREGMAP02,EUROPA,-000T03:29:50Z,000T01:05:04Z,NOT APPLICABLE,CLEAR,0,12.5,100K,8.667,ON,NORMAL,OFF,NOT INVERTED,N,INTEGER COSINE TRANSFORM,6.081,IM8,NOT POSSIBLE,N/A,WEST,22727.82,657765.4,-7.151,64.187,908.522,2124.09,16.433,271.973,83.375,85.282,32.507,269.085,UNK,UNK,222.58,216.056,21215.0,742412000.0,2.028,155.064,179.905,77.334,15.367,92.129,257.051,-2.689,77.849,400.0,400.0,1565.0,1565.0,1565.0,N/A,N/A,N/A,N/A,N/A,N/A,N/A,N/A,N/A,LSB_UNSIGNED_INTEGER,"frozenset({'N/A', 'MIPS_NEAR.CK', 'S990607A.BSP', 'S981116A.BSP', 'NULL'})","VICAR programs run: SSIMERGE,CATLABEL,BADLABELS.",REDR,3.163,2.709,3.559,SKEWED,"frozenset({800, 1})",0.0
C0466676679R,215.25683181502,-215.25683181502,2691140.9113514,17220.546545202,2874109.218394167,-164025.70584304485,81.28616114249344,0.6316675018877499,74.57469393493628,-6.016632955480665,FIXED_LENGTH,1000,807,"['C0466676679R.IMG', 1]","['C0466676679R.IMG', 3]","['C0466676679R.IMG', 5]","['C0466676679R.IMG', 8]","['C0466676679R.IMG', 8]",GO-J/JSA-SSI-2-REDR-V1.0,GALILEO ORBITER,SOLID STATE IMAGING SYSTEM,1,04666766.79,1998-09-26 04:56:09.804000+00:00,17E0080,17,17ESREGMAP02,EUROPA,-000T03:29:50Z,000T01:05:04Z,NOT APPLICABLE,CLEAR,0,12.5,100K,8.667,ON,NORMAL,OFF,NOT INVERTED,N,HUFFMAN,6.051,IM8,NOT POSSIBLE,N/A,WEST,22727.82,657765.4,-7.151,64.187,908.522,2124.09,16.433,271.973,83.375,85.282,32.507,269.085,UNK,UNK,222.58,216.056,21215.0,742412000.0,2.028,155.064,179.905,77.334,15.367,92.129,257.051,-2.689,77.849,400.0,400.0,1565.0,1565.0,1565.0,N/A,N/A,N/A,N/A,N/A,N/A,N/A,N/A,N/A,LSB_UNSIGNED_INTEGER,"frozenset({'N/A', 'MIPS_NEAR.CK', 'S990607A.BSP', 'S981116A.BSP', 'NULL'})","VICAR programs run: SSIMERGE,CATLABEL,BADLABELS.",REDR,1.299,1.229,1.34,UNIFORM,"frozenset({400, 1, 800})",1.0
C0466676700R,215.5439117822,-215.5439117822,2858543.3580555,4957.5099709906,3037013.7170111616,-173728.3928964532,75.1456658311563,0.18184660578219242,68.59918802299735,-6.372537576541179,FIXED_LENGTH,1000,808,"['C0466676700R.IMG', 1]","['C0466676700R.IMG', 3]","['C0466676700R.IMG', 5]","['C0466676700R.IMG', 9]","['C0466676700R.IMG', 9]",GO-J/JSA-SSI-2-REDR-V1.0,GALILEO ORBITER,SOLID STATE IMAGING SYSTEM,1,04666767.00,1998-09-26 04:56:18.471000+00:00,17E0081,17,17ESREGMAP02,EUROPA,-000T03:29:41Z,000T01:05:13Z,NOT APPLICABLE,CLEAR,0,12.5,100K,8.667,ON,NORMAL,OFF,NOT INVERTED,N,INTEGER COSINE TRANSFORM,5.905,IM8,NOT POSSIBLE,N/A,WEST,22778.04,657737.6,-7.131,64.174,881.99,1374.952,26.306,272.296,83.776,84.793,32.457,268.971,UNK,UNK,217.385,216.136,21232.0,742412000.0,2.028,155.074,180.327,83.371,9.248,91.715,262.902,-3.114,71.828,400.0,400.0,1565.0,1565.0,1565.0,N/A,N/A,N/A,N/A,N/A,N/A,N/A,N/A,N/A,LSB_UNSIGNED_INTEGER,"frozenset({'N/A', 'MIPS_NEAR.CK', 'S990607A.BSP', 'S981116A.BSP', 'NULL'})","VICAR programs run: SSIMERGE,CATLABEL,BADLABELS.",REDR,3.12,2.751,3.397,SKEWED,"frozenset({800, 1})",0.0
C0466676701R,215.5439117822,-215.5439117822,2858543.3580555,4957.5099709906,3037013.7170111616,-173728.3928964532,75.1456658311563,0.18184660578219242,68.59918802299735,-6.372537576541179,FIXED_LENGTH,1000,807,"['C0466676701R.IMG', 1]","['C0466676701R.IMG', 3]","['C0466676701R.IMG', 5]","['C0466676701R.IMG', 8]","['C0466676701R.IMG', 8]",GO-J/JSA-SSI-2-REDR-V1.0,GALILEO ORBITER,SOLID STATE IMAGING SYSTEM,1,04666767.01,1998-09-26 04:56:18.471000+00:00,17E0081,17,17ESREGMAP02,EUROPA,-000T03:29:41Z,000T01:05:13Z,NOT APPLICABLE,CLEAR,0,12.5,100K,8.667,ON,NORMAL,OFF,NOT INVERTED,N,HUFFMAN,5.876,IM8,NOT POSSIBLE,N/A,WEST,22778.04,657737.6,-7.131,64.174,881.99,1374.952,26.306,272.296,83.776,84.793,32.457,268.971,UNK,UNK,217.385,216.136,21232.0,742412000.0,2.028,155.074,180.327,83.371,9.248,91.715,262.902,-3.114,71.828,400.0,400.0,1565.0,1565.0,1565.0,N/A,N/A,N/A,N/A,N/A,N/A,N/A,N/A,N/A,LSB_UNSIGNED_INTEGER,"frozenset({'N/A', 'MIPS_NEAR.CK', 'S990607A.BSP', 'S981116A.BSP', 'NULL'})","VICAR programs run: SSIMERGE,CATLABEL,BADLABELS.",REDR,1.386,1.295,1.352,UNIFORM,"frozenset({400, 1, 800})",1.0
C0466676713R,216.31478476652,-216.31478476652,2659590.2787044,-140388.29531347,2851245.178007537,-321876.3997325803,82.44347106031722,-5.149588229512206,75.41337064221574,-11.80676007012975,FIXED_LENGTH,1000,807,"['C0466676713R.IMG', 1]","['C0466676713R.IMG', 3]","['C0466676713R.IMG', 5]","['C0466676713R.IMG', 8]","['C0466676713R.IMG', 8]",GO-J/JSA-SSI-2-REDR-V1.0,GALILEO ORBITER,SOLID STATE IMAGING SYSTEM,1,04666767.13,1998-09-26 04:56:27.138000+00:00,17E0082,17,17ESREGMAP02,EUROPA,-000T03:29:32Z,000T01:05:22Z,NOT APPLICABLE,CLEAR,0,12.5,100K,8.667,ON,NORMAL,OFF,NOT INVERTED,N,INTEGER COSINE TRANSFORM,6.033,IM8,NOT POSSIBLE,N/A,WEST,22828.27,657709.7,-7.111,64.162,175.293,2207.8,352.915,271.758,83.337,85.41,32.041,269.244,UNK,UNK,224.511,216.541,21317.4,742412000.0,2.028,155.084,181.551,76.724,15.649,92.214,256.806,-8.441,78.827,400.0,400.0,1565.0,1565.0,1565.0,N/A,N/A,N/A,N/A,N/A,N/A,N/A,N/A,N/A,LSB_UNSIGNED_INTEGER,"frozenset({'N/A', 'MIPS_NEAR.CK', 'S990607A.BSP', 'S981116A.BSP', 'NULL'})","VICAR programs run: SSIMERGE,CATLABEL,BADLABELS.",REDR,3.224,2.424,3.5,SKEWED,"frozenset({800, 1})",0.0
C0466676726R,216.56497076074,-216.56497076074,2848479.060416,-148996.69988339,3032342.7205918683,-328095.930702522,75.51483470343979,-5.465353434504234,68.77052501464027,-12.034898914642277,FIXED_LENGTH,1000,808,"['C0466676726R.IMG', 1]","['C0466676726R.IMG', 3]","['C0466676726R.IMG', 5]","['C0466676726R.IMG', 9]","['C0466676726R.IMG', 9]",GO-J/JSA-SSI-2-REDR-V1.0,GALILEO ORBITER,SOLID STATE IMAGING SYSTEM,1,04666767.26,1998-09-26 04:56:35.804000+00:00,17E0083,17,17ESREGMAP02,EUROPA,-000T03:29:24Z,000T01:05:30Z,NOT APPLICABLE,CLEAR,0,12.5,100K,8.667,ON,NORMAL,OFF,NOT INVERTED,N,INTEGER COSINE TRANSFORM,5.707,IM8,NOT POSSIBLE,N/A,WEST,22878.5,657681.8,-7.091,64.15,168.332,1383.091,346.74,271.994,83.734,84.871,32.001,269.238,UNK,UNK,219.256,216.702,21330.0,742411000.0,2.028,155.094,181.316,83.404,8.621,91.756,262.704,-8.748,72.087,400.0,400.0,1565.0,1565.0,1565.0,N/A,N/A,N/A,N/A,N/A,N/A,N/A,N/A,N/A,LSB_UNSIGNED_INTEGER,"frozenset({'N/A', 'MIPS_NEAR.CK', 'S990607A.BSP', 'S981116A.BSP', 'NULL'})","VICAR programs run: SSIMERGE,CATLABEL,BADLABELS.",REDR,3.421,2.636,3.788,SKEWED,"frozenset({800, 1})",0.0
C0466676739R,217.37851563528,-217.37851563528,2647670.3204377,-298895.45899851,2849614.961462875,-482797.68322595686,82.88070748839277,-10.963795336901516,75.47316867531534,-17.70951959509692,FIXED_LENGTH,1000,807,"['C0466676739R.IMG', 1]","['C0466676739R.IMG', 3]","['C0466676739R.IMG', 5]","['C0466676739R.IMG', 8]","['C0466676739R.IMG', 8]",GO-J/JSA-SSI-2-REDR-V1.0,GALILEO ORBITER,SOLID STATE IMAGING SYSTEM,1,04666767.39,1998-09-26 04:56:44.471000+00:00,17E0084,17,17ESREGMAP02,EUROPA,-000T03:29:15Z,000T01:05:39Z,NOT APPLICABLE,CLEAR,0,12.5,100K,8.667,ON,NORMAL,OFF,NOT INVERTED,N,INTEGER COSINE TRANSFORM,6.086,IM8,NOT POSSIBLE,N/A,WEST,22928.74,657654.0,-7.071,64.138,-556.929,2178.349,331.715,271.741,83.293,85.458,31.576,269.24,UNK,UNK,225.621,219.989,21431.2,742411000.0,2.028,155.104,183.037,77.025,17.478,92.233,256.366,-14.262,79.039,400.0,400.0,1565.0,1565.0,1565.0,N/A,N/A,N/A,N/A,N/A,N/A,N/A,N/A,N/A,LSB_UNSIGNED_INTEGER,"frozenset({'N/A', 'MIPS_NEAR.CK', 'S990607A.BSP', 'S981116A.BSP', 'NULL'})","VICAR programs run: SSIMERGE,CATLABEL,BADLABELS.",REDR,3.212,2.448,3.496,SKEWED,"frozenset({800, 1})",0.0
C0466676752R,217.64164790093,-217.64164790093,2835653.0305012,-309704.06496302,3027830.605597721,-491434.8409602965,75.985306779001,-11.360266210260255,68.93603407087737,-18.026339495971722,FIXED_LENGTH,1000,808,"['C0466676752R.IMG', 1]","['C0466676752R.IMG', 3]","['C0466676752R.IMG', 5]","['C0466676752R.IMG', 9]","['C0466676752R.IMG', 9]",GO-J/JSA-SSI-2-REDR-V1.0,GALILEO ORBITER,SOLID STATE IMAGING SYSTEM,1,04666767.52,1998-09-26 04:56:53.138000+00:00,17E0085,17,17ESREGMAP02,EUROPA,-000T03:29:06Z,000T01:05:48Z,NOT APPLICABLE,CLEAR,0,12.5,100K,8.667,ON,NORMAL,OFF,NOT INVERTED,N,INTEGER COSINE TRANSFORM,5.681,IM8,NOT POSSIBLE,N/A,WEST,22978.98,657626.2,-7.052,64.125,-578.009,1382.266,315.124,272.065,83.697,84.942,31.53,269.136,UNK,UNK,220.263,220.16,21445.5,742411000.0,2.028,155.114,181.952,83.497,11.924,91.792,262.449,-14.671,72.377,400.0,400.0,1565.0,1565.0,1565.0,N/A,N/A,N/A,N/A,N/A,N/A,N/A,N/A,N/A,LSB_UNSIGNED_INTEGER,"frozenset({'N/A', 'MIPS_NEAR.CK', 'S990607A.BSP', 'S981116A.BSP', 'NULL'})","VICAR programs run: SSIMERGE,CATLABEL,BADLABELS.",REDR,3.563,2.601,3.964,SKEWED,"frozenset({800, 1})",0.0
C0466676753R,217.64164790093,-217.64164790093,2835653.0305012,-309704.06496302,3027830.605597721,-491434.8409602965,75.985306779001,-11.360266210260255,68.93603407087737,-18.026339495971722,FIXED_LENGTH,1000,810,"['C0466676753R.IMG', 1]","['C0466676753R.IMG', 3]","['C0466676753R.IMG', 5]","['C0466676753R.IMG', 11]","['C0466676753R.IMG', 11]",GO-J/JSA-SSI-2-REDR-V1.0,GALILEO ORBITER,SOLID STATE IMAGING SYSTEM,1,04666767.53,1998-09-26 04:56:53.138000+00:00,17E0085,17,17ESREGMAP02,EUROPA,-000T03:29:06Z,000T01:05:48Z,NOT APPLICABLE,CLEAR,0,12.5,100K,8.667,ON,NORMAL,OFF,NOT INVERTED,N,INTEGER COSINE TRANSFORM,5.867,IM8,NOT POSSIBLE,N/A,WEST,22978.98,657626.2,-7.052,64.125,-578.009,1382.266,315.124,272.065,83.697,84.942,31.53,269.136,UNK,UNK,220.263,220.16,21445.5,742411000.0,2.028,155.114,181.952,83.497,11.924,91.792,262.449,-14.671,72.377,400.0,400.0,1565.0,1565.0,1565.0,N/A,N/A,N/A,N/A,N/A,N/A,N/A,N/A,N/A,LSB_UNSIGNED_INTEGER,"frozenset({'N/A', 'MIPS_NEAR.CK', 'S990607A.BSP', 'S981116A.BSP', 'NULL'})","VICAR programs run: SSIMERGE,CATLABEL,BADLABELS.",REDR,3.035,3.011,3.059,SKEWED,"frozenset({16, 137, 800, 1})",1.0
C0466676765R,218.6376877589,-218.6376877589,2618186.3109128,-457827.31816714,2835512.1725451467,-646948.9180785886,83.96221152738144,-16.793580714961745,75.99047359487338,-23.730757084800235,FIXED_LENGTH,1000,808,"['C0466676765R.IMG', 1]","['C0466676765R.IMG', 3]","['C0466676765R.IMG', 5]","['C0466676765R.IMG', 9]","['C0466676765R.IMG', 9]",GO-J/JSA-SSI-2-REDR-V1.0,GALILEO ORBITER,SOLID STATE IMAGING SYSTEM,1,04666767.65,1998-09-26 04:57:01.804000+00:00,17E0086,17,17ESREGMAP02,EUROPA,-000T03:28:58Z,000T01:05:56Z,NOT APPLICABLE,CLEAR,0,12.5,100K,8.667,ON,NORMAL,OFF,NOT INVERTED,N,INTEGER COSINE TRANSFORM,5.962,IM8,NOT POSSIBLE,N/A,WEST,23029.22,657598.4,-7.032,64.113,-1286.323,2184.177,316.615,271.856,83.258,85.532,31.116,269.093,UNK,UNK,227.183,226.879,21566.1,742411000.0,2.028,155.125,184.404,76.973,21.51,92.274,255.708,-20.157,79.795,400.0,400.0,1565.0,1565.0,1565.0,N/A,N/A,N/A,N/A,N/A,N/A,N/A,N/A,N/A,LSB_UNSIGNED_INTEGER,"frozenset({'N/A', 'MIPS_NEAR.CK', 'S990607A.BSP', 'S981116A.BSP', 'NULL'})","VICAR programs run: SSIMERGE,CATLABEL,BADLABELS.",REDR,3.434,2.413,3.75,SKEWED,"frozenset({800, 1})",0.0
C0466676778R,218.88760755672,-218.88760755672,2823212.3622666,-467981.70495627,3026777.83729435,-655130.6094172656,76.44164338858167,-17.166054150659917,68.9746507037764,-24.030870006045397,FIXED_LENGTH,1000,809,"['C0466676778R.IMG', 1]","['C0466676778R.IMG', 3]","['C0466676778R.IMG', 5]","['C0466676778R.IMG', 10]","['C0466676778R.IMG', 10]",GO-J/JSA-SSI-2-REDR-V1.0,GALILEO ORBITER,SOLID STATE IMAGING SYSTEM,1,04666767.78,1998-09-26 04:57:10.471000+00:00,17E0087,17,17ESREGMAP02,EUROPA,-000T03:28:49Z,000T01:06:05Z,NOT APPLICABLE,CLEAR,0,12.5,100K,8.667,ON,NORMAL,OFF,NOT INVERTED,N,INTEGER COSINE TRANSFORM,5.645,IM8,NOT POSSIBLE,N/A,WEST,23079.48,657570.6,-7.013,64.102,-1296.89,1361.941,299.548,271.966,83.651,84.997,31.073,269.21,UNK,UNK,220.986,226.696,21578.2,742411000.0,2.028,155.135,182.685,83.746,16.978,91.814,262.004,-20.558,72.587,400.0,400.0,1565.0,1565.0,1565.0,N/A,N/A,N/A,N/A,N/A,N/A,N/A,N/A,N/A,LSB_UNSIGNED_INTEGER,"frozenset({'N/A', 'MIPS_NEAR.CK', 'S990607A.BSP', 'S981116A.BSP', 'NULL'})","VICAR programs run: SSIMERGE,CATLABEL,BADLABELS.",REDR,3.633,2.562,4.479,SKEWED,"frozenset({800, 1})",0.0
C0466676779R,218.88760755672,-218.88760755672,2823212.3622666,-467981.70495627,3026777.83729435,-655130.6094172656,76.44164338858167,-17.166054150659917,68.9746507037764,-24.030870006045397,FIXED_LENGTH,1000,810,"['C0466676779R.IMG', 1]","['C0466676779R.IMG', 3]","['C0466676779R.IMG', 5]","['C0466676779R.IMG', 11]","['C0466676779R.IMG', 11]",GO-J/JSA-SSI-2-REDR-V1.0,GALILEO ORBITER,SOLID STATE IMAGING SYSTEM,1,04666767.79,1998-09-26 04:57:10.471000+00:00,17E0087,17,17ESREGMAP02,EUROPA,-000T03:28:49Z,000T01:06:05Z,NOT APPLICABLE,CLEAR,0,12.5,100K,8.667,ON,NORMAL,OFF,NOT INVERTED,N,INTEGER COSINE TRANSFORM,5.749,IM8,NOT POSSIBLE,N/A,WEST,23079.48,657570.6,-7.013,64.102,-1296.89,1361.941,299.548,271.966,83.651,84.997,31.073,269.21,UNK,UNK,220.986,226.696,21578.2,742411000.0,2.028,155.135,182.685,83.746,16.978,91.814,262.004,-20.558,72.587,400.0,400.0,1565.0,1565.0,1565.0,N/A,N/A,N/A,N/A,N/A,N/A,N/A,N/A,N/A,LSB_UNSIGNED_INTEGER,"frozenset({'N/A', 'MIPS_NEAR.CK', 'S990607A.BSP', 'S981116A.BSP', 'NULL'})","VICAR programs run: SSIMERGE,CATLABEL,BADLABELS.",REDR,3.014,2.936,3.096,SKEWED,"frozenset({16, 505, 800, 1})",1.0
C0466676800R,220.09609557102,-220.09609557102,2576664.9908499,-622651.85437042,2816129.54283117,-820078.0520976249,85.48525659743012,-22.839515596299247,76.7014485490832,-30.08131322439408,FIXED_LENGTH,1000,807,"['C0466676800R.IMG', 1]","['C0466676800R.IMG', 3]","['C0466676800R.IMG', 5]","['C0466676800R.IMG', 8]","['C0466676800R.IMG', 8]",GO-J/JSA-SSI-2-REDR-V1.0,GALILEO ORBITER,SOLID STATE IMAGING SYSTEM,1,04666768.00,1998-09-26 04:57:19.138000+00:00,17E0088,17,17ESREGMAP02,EUROPA,-000T03:28:40Z,000T01:06:14Z,NOT APPLICABLE,CLEAR,0,12.5,100K,8.667,ON,NORMAL,OFF,NOT INVERTED,N,INTEGER COSINE TRANSFORM,6.033,IM8,NOT POSSIBLE,N/A,WEST,23129.74,657542.8,-6.993,64.09,-2015.252,2192.356,306.579,271.842,83.22,85.605,30.655,269.074,UNK,UNK,230.4,238.016,21722.3,742411000.0,2.028,155.145,185.944,76.884,26.814,92.315,254.757,-26.318,80.86,400.0,400.0,1565.0,1565.0,1565.0,N/A,N/A,N/A,N/A,N/A,N/A,N/A,N/A,N/A,LSB_UNSIGNED_INTEGER,"frozenset({'N/A', 'MIPS_NEAR.CK', 'S990607A.BSP', 'S981116A.BSP', 'NULL'})","VICAR programs run: SSIMERGE,CATLABEL,BADLABELS.",REDR,3.297,2.457,3.563,SKEWED,"frozenset({800, 1})",0.0
C0466676801R,220.09609557102,-220.09609557102,2576664.9908499,-622651.85437042,2816129.54283117,-820078.0520976249,85.48525659743012,-22.839515596299247,76.7014485490832,-30.08131322439408,FIXED_LENGTH,1000,807,"['C0466676801R.IMG', 1]","['C0466676801R.IMG', 3]","['C0466676801R.IMG', 5]","['C0466676801R.IMG', 8]","['C0466676801R.IMG', 8]",GO-J/JSA-SSI-2-REDR-V1.0,GALILEO ORBITER,SOLID STATE IMAGING SYSTEM,1,04666768.01,1998-09-26 04:57:19.138000+00:00,17E0088,17,17ESREGMAP02,EUROPA,-000T03:28:40Z,000T01:06:14Z,NOT APPLICABLE,CLEAR,0,12.5,100K,8.667,ON,NORMAL,OFF,NOT INVERTED,N,HUFFMAN,5.97,IM8,NOT POSSIBLE,N/A,WEST,23129.74,657542.8,-6.993,64.09,-2015.252,2192.356,306.579,271.842,83.22,85.605,30.655,269.074,UNK,UNK,230.4,238.016,21722.3,742411000.0,2.028,155.145,185.944,76.884,26.814,92.315,254.757,-26.318,80.86,400.0,400.0,1565.0,1565.0,1565.0,N/A,N/A,N/A,N/A,N/A,N/A,N/A,N/A,N/A,LSB_UNSIGNED_INTEGER,"frozenset({'N/A', 'MIPS_NEAR.CK', 'S990607A.BSP', 'S981116A.BSP', 'NULL'})","VICAR programs run: SSIMERGE,CATLABEL,BADLABELS.",REDR,1.292,1.257,1.347,UNIFORM,"frozenset({400, 1, 800})",1.0
C0466676813R,220.33602495686,-220.33602495686,2798487.8529771,-633906.74380089,3018823.87793396,-829785.4699875386,77.3485640241901,-23.252356609905096,69.26641017994089,-30.437391377442644,FIXED_LENGTH,1000,808,"['C0466676813R.IMG', 1]","['C0466676813R.IMG', 3]","['C0466676813R.IMG', 5]","['C0466676813R.IMG', 9]","['C0466676813R.IMG', 9]",GO-J/JSA-SSI-2-REDR-V1.0,GALILEO ORBITER,SOLID STATE IMAGING SYSTEM,1,04666768.13,1998-09-26 04:57:27.804000+00:00,17E0089,17,17ESREGMAP02,EUROPA,-000T03:28:32Z,000T01:06:22Z,NOT APPLICABLE,CLEAR,0,12.5,100K,8.667,ON,NORMAL,OFF,NOT INVERTED,N,INTEGER COSINE TRANSFORM,5.756,IM8,NOT POSSIBLE,N/A,WEST,23180.0,657515.1,-6.974,64.078,-2034.593,1347.701,291.269,272.271,83.618,85.065,30.609,268.875,UNK,UNK,223.4,237.473,21732.7,742411000.0,2.028,155.155,183.045,83.798,23.125,91.848,261.431,-26.786,73.144,400.0,400.0,1565.0,1565.0,1565.0,N/A,N/A,N/A,N/A,N/A,N/A,N/A,N/A,N/A,LSB_UNSIGNED_INTEGER,"frozenset({'N/A', 'MIPS_NEAR.CK', 'S990607A.BSP', 'S981116A.BSP', 'NULL'})","VICAR programs run: SSIMERGE,CATLABEL,BADLABELS.",REDR,3.508,2.535,3.952,SKEWED,"frozenset({800, 1})",0.0
C0466676826R,221.77236702582,-221.77236702582,2519112.3170463,-794832.16342054,2791670.5561210327,-1005294.1397280432,87.59634834431834,-29.155267852272395,77.59862954118144,-36.875231354450534,FIXED_LENGTH,1000,809,"['C0466676826R.IMG', 1]","['C0466676826R.IMG', 3]","['C0466676826R.IMG', 5]","['C0466676826R.IMG', 10]","['C0466676826R.IMG', 10]",GO-J/JSA-SSI-2-REDR-V1.0,GALILEO ORBITER,SOLID STATE IMAGING SYSTEM,1,04666768.26,1998-09-26 04:57:36.471000+00:00,17E0090,17,17ESREGMAP02,EUROPA,-000T03:28:23Z,000T01:06:31Z,NOT APPLICABLE,CLEAR,0,12.5,100K,8.667,ON,NORMAL,OFF,NOT INVERTED,N,INTEGER COSINE TRANSFORM,6.068,IM8,NOT POSSIBLE,N/A,WEST,23230.27,657487.3,-6.955,64.066,-2745.544,2184.703,299.57,271.94,83.176,85.671,30.195,268.947,UNK,UNK,233.596,255.488,21902.3,742411000.0,2.028,155.165,187.375,76.835,33.002,92.35,253.351,-32.824,82.266,400.0,400.0,1565.0,1565.0,1565.0,N/A,N/A,N/A,N/A,N/A,N/A,N/A,N/A,N/A,LSB_UNSIGNED_INTEGER,"frozenset({'N/A', 'MIPS_NEAR.CK', 'S990607A.BSP', 'S981116A.BSP', 'NULL'})","VICAR programs run: SSIMERGE,CATLABEL,BADLABELS.",REDR,3.394,3.246,3.646,SKEWED,"frozenset({200, 1, 800})",0.0
C0466676827R,221.77236702582,-221.77236702582,2519112.3170463,-794832.16342054,2791670.5561210327,-1005294.1397280432,87.59634834431834,-29.155267852272395,77.59862954118144,-36.875231354450534,FIXED_LENGTH,1000,809,"['C0466676827R.IMG', 1]","['C0466676827R.IMG', 3]","['C0466676827R.IMG', 5]","['C0466676827R.IMG', 10]","['C0466676827R.IMG', 10]",GO-J/JSA-SSI-2-REDR-V1.0,GALILEO ORBITER,SOLID STATE IMAGING SYSTEM,1,04666768.27,1998-09-26 04:57:36.471000+00:00,17E0090,17,17ESREGMAP02,EUROPA,-000T03:28:23Z,000T01:06:31Z,NOT APPLICABLE,CLEAR,0,12.5,100K,8.667,ON,NORMAL,OFF,NOT INVERTED,N,INTEGER COSINE TRANSFORM,6.195,IM8,NOT POSSIBLE,N/A,WEST,23230.27,657487.3,-6.955,64.066,-2745.544,2184.703,299.57,271.94,83.18,85.671,30.195,268.947,UNK,UNK,233.596,255.488,21902.3,742411000.0,2.028,155.165,187.375,76.835,33.002,92.35,253.351,-32.824,82.266,400.0,400.0,1565.0,1565.0,1565.0,N/A,N/A,N/A,N/A,N/A,N/A,N/A,N/A,N/A,LSB_UNSIGNED_INTEGER,"frozenset({'N/A', 'MIPS_NEAR.CK', 'S990607A.BSP', 'S981116A.BSP', 'NULL'})","VICAR programs run: SSIMERGE,CATLABEL,BADLABELS.",REDR,3.299,2.163,3.552,SKEWED,"frozenset({600, 201, 800, 1})",1.0
C0466676839R,222.00970864254,-222.00970864254,2760246.7075527,-808781.36858477,3006011.455019992,-1018136.5238346852,78.75128888754743,-29.66693916051341,69.73638313660356,-37.34630331872485,FIXED_LENGTH,1000,809,"['C0466676839R.IMG', 1]","['C0466676839R.IMG', 3]","['C0466676839R.IMG', 5]","['C0466676839R.IMG', 10]","['C0466676839R.IMG', 10]",GO-J/JSA-SSI-2-REDR-V1.0,GALILEO ORBITER,SOLID STATE IMAGING SYSTEM,1,04666768.39,1998-09-26 04:57:45.138000+00:00,17E0091,17,17ESREGMAP02,EUROPA,-000T03:28:14Z,000T01:06:40Z,NOT APPLICABLE,CLEAR,0,12.5,100K,8.667,ON,NORMAL,OFF,NOT INVERTED,N,INTEGER COSINE TRANSFORM,5.782,IM8,NOT POSSIBLE,N/A,WEST,23280.54,657459.6,-6.936,64.055,-2769.01,1346.983,286.638,272.343,83.581,85.139,30.146,268.771,UNK,UNK,224.995,254.111,21911.6,742411000.0,2.028,155.175,183.681,83.743,29.951,91.888,260.589,-33.395,74.032,400.0,400.0,1565.0,1565.0,1565.0,N/A,N/A,N/A,N/A,N/A,N/A,N/A,N/A,N/A,LSB_UNSIGNED_INTEGER,"frozenset({'N/A', 'MIPS_NEAR.CK', 'S990607A.BSP', 'S981116A.BSP', 'NULL'})","VICAR programs run: SSIMERGE,CATLABEL,BADLABELS.",REDR,3.698,2.592,4.43,SKEWED,"frozenset({800, 1})",0.0
C0466676840R,222.00970864254,-222.00970864254,2760246.7075527,-808781.36858477,3006011.455019992,-1018136.5238346852,78.75128888754743,-29.66693916051341,69.73638313660356,-37.34630331872485,FIXED_LENGTH,1000,810,"['C0466676840R.IMG', 1]","['C0466676840R.IMG', 3]","['C0466676840R.IMG', 5]","['C0466676840R.IMG', 11]","['C0466676840R.IMG', 11]",GO-J/JSA-SSI-2-REDR-V1.0,GALILEO ORBITER,SOLID STATE IMAGING SYSTEM,1,04666768.40,1998-09-26 04:57:45.138000+00:00,17E0091,17,17ESREGMAP02,EUROPA,-000T03:28:14Z,000T01:06:40Z,NOT APPLICABLE,CLEAR,0,12.5,100K,8.667,ON,NORMAL,OFF,NOT INVERTED,N,INTEGER COSINE TRANSFORM,5.861,IM8,NOT POSSIBLE,N/A,WEST,23280.54,657459.6,-6.936,64.055,-2769.01,1346.983,286.638,272.343,83.581,85.139,30.146,268.771,UNK,UNK,224.995,254.111,21911.6,742411000.0,2.028,155.175,183.681,83.743,29.951,91.888,260.589,-33.395,74.032,400.0,400.0,1565.0,1565.0,1565.0,N/A,N/A,N/A,N/A,N/A,N/A,N/A,N/A,N/A,LSB_UNSIGNED_INTEGER,"frozenset({'N/A', 'MIPS_NEAR.CK', 'S990607A.BSP', 'S981116A.BSP', 'NULL'})","VICAR programs run: SSIMERGE,CATLABEL,BADLABELS.",REDR,2.999,2.996,3.001,SKEWED,"frozenset({16, 625, 800, 1})",1.0
C0466676852R,223.74504427795,-223.74504427795,2421816.3592645,-982688.23446876,2751616.554530198,-1213816.8652078824,91.16526495416481,-36.04602331128183,79.06785184832937,-44.52406112561562,FIXED_LENGTH,1000,809,"['C0466676852R.IMG', 1]","['C0466676852R.IMG', 3]","['C0466676852R.IMG', 5]","['C0466676852R.IMG', 10]","['C0466676852R.IMG', 10]",GO-J/JSA-SSI-2-REDR-V1.0,GALILEO ORBITER,SOLID STATE IMAGING SYSTEM,1,04666768.52,1998-09-26 04:57:53.804000+00:00,17E0092,17,17ESREGMAP02,EUROPA,-000T03:28:06Z,000T01:06:48Z,NOT APPLICABLE,CLEAR,0,12.5,100K,8.667,ON,NORMAL,OFF,NOT INVERTED,N,INTEGER COSINE TRANSFORM,6.314,IM8,NOT POSSIBLE,N/A,WEST,23330.82,657431.9,-6.917,64.044,-3492.19,2185.375,294.641,272.073,83.145,85.746,29.728,268.783,UNK,UNK,238.597,283.632,22116.4,742411000.0,2.028,155.186,188.928,76.613,40.356,92.392,251.322,-40.008,84.587,400.0,400.0,1565.0,1565.0,1565.0,N/A,N/A,N/A,N/A,N/A,N/A,N/A,N/A,N/A,LSB_UNSIGNED_INTEGER,"frozenset({'N/A', 'MIPS_NEAR.CK', 'S990607A.BSP', 'S981116A.BSP', 'NULL'})","VICAR programs run: SSIMERGE,CATLABEL,BADLABELS.",REDR,3.612,3.423,3.943,SKEWED,"frozenset({200, 1, 800})",0.0
C0466676853R,223.74504427795,-223.74504427795,2421816.3592645,-982688.23446876,2751616.554530198,-1213816.8652078824,91.16526495416481,-36.04602331128183,79.06785184832937,-44.52406112561562,FIXED_LENGTH,1000,809,"['C0466676853R.IMG', 1]","['C0466676853R.IMG', 3]","['C0466676853R.IMG', 5]","['C0466676853R.IMG', 10]","['C0466676853R.IMG', 10]",GO-J/JSA-SSI-2-REDR-V1.0,GALILEO ORBITER,SOLID STATE IMAGING SYSTEM,1,04666768.53,1998-09-26 04:57:53.804000+00:00,17E0092,17,17ESREGMAP02,EUROPA,-000T03:28:06Z,000T01:06:48Z,NOT APPLICABLE,CLEAR,0,12.5,100K,8.667,ON,NORMAL,OFF,NOT INVERTED,N,INTEGER COSINE TRANSFORM,6.139,IM8,NOT POSSIBLE,N/A,WEST,23330.82,657431.9,-6.917,64.044,-3492.19,2185.375,294.641,272.073,83.145,85.746,29.728,268.783,UNK,UNK,238.597,283.632,22116.4,742411000.0,2.028,155.186,188.928,76.613,40.356,92.392,251.322,-40.008,84.587,400.0,400.0,1565.0,1565.0,1565.0,N/A,N/A,N/A,N/A,N/A,N/A,N/A,N/A,N/A,LSB_UNSIGNED_INTEGER,"frozenset({'N/A', 'MIPS_NEAR.CK', 'S990607A.BSP', 'S981116A.BSP', 'NULL'})","VICAR programs run: SSIMERGE,CATLABEL,BADLABELS.",REDR,2.967,2.59,3.35,SKEWED,"frozenset({600, 201, 800, 1})",1.0
C0466676865R,223.92893098132,-223.92893098132,2706852.9177022,-993124.80890215,2992362.304703383,-1222875.8920889844,80.70982845902125,-36.4288476823493,70.23704812193093,-44.8563556241961,FIXED_LENGTH,1000,808,"['C0466676865R.IMG', 1]","['C0466676865R.IMG', 3]","['C0466676865R.IMG', 5]","['C0466676865R.IMG', 9]","['C0466676865R.IMG', 9]",GO-J/JSA-SSI-2-REDR-V1.0,GALILEO ORBITER,SOLID STATE IMAGING SYSTEM,1,04666768.65,1998-09-26 04:58:02.471000+00:00,17E0093,17,17ESREGMAP02,EUROPA,-000T03:27:57Z,000T01:06:57Z,NOT APPLICABLE,CLEAR,0,12.5,100K,8.667,ON,NORMAL,OFF,NOT INVERTED,N,INTEGER COSINE TRANSFORM,5.84,IM8,NOT POSSIBLE,N/A,WEST,23381.1,657404.3,-6.898,64.032,-3493.108,1326.77,283.39,272.476,83.543,85.203,29.69,268.61,UNK,UNK,227.959,279.673,22117.7,742411000.0,2.028,155.196,184.224,83.759,37.339,91.919,259.318,-40.464,75.169,400.0,400.0,1565.0,1565.0,1565.0,N/A,N/A,N/A,N/A,N/A,N/A,N/A,N/A,N/A,LSB_UNSIGNED_INTEGER,"frozenset({'N/A', 'MIPS_NEAR.CK', 'S990607A.BSP', 'S981116A.BSP', 'NULL'})","VICAR programs run: SSIMERGE,CATLABEL,BADLABELS.",REDR,3.64,2.626,3.878,SKEWED,"frozenset({800, 1})",0.0
C0466676878R,226.04445302462,-226.04445302462,2250046.4854071,-1183568.7560369,2691059.2132581337,-1448266.81052873,97.4659620217215,-43.41452911937474,81.28915791326068,-53.12392820241299,FIXED_LENGTH,1000,809,"['C0466676878R.IMG', 1]","['C0466676878R.IMG', 3]","['C0466676878R.IMG', 5]","['C0466676878R.IMG', 10]","['C0466676878R.IMG', 10]",GO-J/JSA-SSI-2-REDR-V1.0,GALILEO ORBITER,SOLID STATE IMAGING SYSTEM,1,04666768.78,1998-09-26 04:58:11.138000+00:00,17E0094,17,17ESREGMAP02,EUROPA,-000T03:27:48Z,000T01:07:06Z,NOT APPLICABLE,CLEAR,0,12.5,100K,8.667,ON,NORMAL,OFF,NOT INVERTED,N,INTEGER COSINE TRANSFORM,5.952,IM8,NOT POSSIBLE,N/A,WEST,23431.39,657376.6,-6.879,64.021,-4220.268,2188.714,291.164,272.176,83.106,85.822,29.271,268.646,UNK,UNK,245.668,331.776,22370.8,742411000.0,2.028,155.206,190.611,76.282,48.78,92.437,247.837,-47.854,88.333,400.0,400.0,1565.0,1565.0,1565.0,N/A,N/A,N/A,N/A,N/A,N/A,N/A,N/A,N/A,LSB_UNSIGNED_INTEGER,"frozenset({'N/A', 'MIPS_NEAR.CK', 'S990607A.BSP', 'S981116A.BSP', 'NULL'})","VICAR programs run: SSIMERGE,CATLABEL,BADLABELS.",REDR,3.409,2.34,3.586,SKEWED,"frozenset({600, 201, 800, 1})",0.0
C0466676879R,226.04445302462,-226.04445302462,2250046.4854071,-1183568.7560369,2691059.2132581337,-1448266.81052873,97.4659620217215,-43.41452911937474,81.28915791326068,-53.12392820241299,FIXED_LENGTH,1000,809,"['C0466676879R.IMG', 1]","['C0466676879R.IMG', 3]","['C0466676879R.IMG', 5]","['C0466676879R.IMG', 10]","['C0466676879R.IMG', 10]",GO-J/JSA-SSI-2-REDR-V1.0,GALILEO ORBITER,SOLID STATE IMAGING SYSTEM,1,04666768.79,1998-09-26 04:58:11.138000+00:00,17E0094,17,17ESREGMAP02,EUROPA,-000T03:27:48Z,000T01:07:06Z,NOT APPLICABLE,CLEAR,0,12.5,100K,8.667,ON,NORMAL,OFF,NOT INVERTED,N,INTEGER COSINE TRANSFORM,6.113,IM8,NOT POSSIBLE,N/A,WEST,23431.39,657376.6,-6.879,64.021,-4220.268,2188.714,291.164,272.176,83.106,85.822,29.271,268.646,UNK,UNK,245.668,331.776,22370.8,742411000.0,2.028,155.206,190.611,76.282,48.78,92.437,247.837,-47.854,88.333,400.0,400.0,1565.0,1565.0,1565.0,N/A,N/A,N/A,N/A,N/A,N/A,N/A,N/A,N/A,LSB_UNSIGNED_INTEGER,"frozenset({'N/A', 'MIPS_NEAR.CK', 'S990607A.BSP', 'S981116A.BSP', 'NULL'})","VICAR programs run: SSIMERGE,CATLABEL,BADLABELS.",REDR,3.64,3.384,4.386,SKEWED,"frozenset({200, 1, 800})",1.0
C0466676880R,226.04445302462,-226.04445302462,2250046.4854071,-1183568.7560369,2691059.2132581337,-1448266.81052873,97.4659620217215,-43.41452911937474,81.28915791326068,-53.12392820241299,FIXED_LENGTH,1000,808,"['C0466676880R.IMG', 1]","['C0466676880R.IMG', 3]","['C0466676880R.IMG', 5]","['C0466676880R.IMG', 9]","['C0466676880R.IMG', 9]",GO-J/JSA-SSI-2-REDR-V1.0,GALILEO ORBITER,SOLID STATE IMAGING SYSTEM,1,04666768.80,1998-09-26 04:58:11.138000+00:00,17E0094,17,17ESREGMAP02,EUROPA,-000T03:27:48Z,000T01:07:06Z,NOT APPLICABLE,CLEAR,0,12.5,100K,8.667,ON,NORMAL,OFF,NOT INVERTED,N,HUFFMAN,5.902,IM8,NOT POSSIBLE,N/A,WEST,23431.39,657376.6,-6.879,64.021,-4220.268,2188.714,291.164,272.176,83.106,85.822,29.271,268.646,UNK,UNK,245.668,331.776,22370.8,742411000.0,2.028,155.206,190.611,76.282,48.78,92.437,247.837,-47.854,88.333,400.0,400.0,1565.0,1565.0,1565.0,N/A,N/A,N/A,N/A,N/A,N/A,N/A,N/A,N/A,LSB_UNSIGNED_INTEGER,"frozenset({'N/A', 'MIPS_NEAR.CK', 'S990607A.BSP', 'S981116A.BSP', 'NULL'})","VICAR programs run: SSIMERGE,CATLABEL,BADLABELS.",REDR,1.308,1.27,1.358,UNIFORM,"frozenset({304, 401, 800, 1})",2.0
C0466676900R,226.23579148799,-226.23579148799,2604200.1958183,-1204705.5896735,2967987.3485309877,-1470532.6446718883,84.47523673013373,-44.189850092260365,71.13114678678022,-53.94066208444965,FIXED_LENGTH,1000,809,"['C0466676900R.IMG', 1]","['C0466676900R.IMG', 3]","['C0466676900R.IMG', 5]","['C0466676900R.IMG', 10]","['C0466676900R.IMG', 10]",GO-J/JSA-SSI-2-REDR-V1.0,GALILEO ORBITER,SOLID STATE IMAGING SYSTEM,1,04666769.00,1998-09-26 04:58:19.804000+00:00,17E0095,17,17ESREGMAP02,EUROPA,-000T03:27:40Z,000T01:07:14Z,NOT APPLICABLE,CLEAR,0,12.5,100K,8.667,ON,NORMAL,OFF,NOT INVERTED,N,INTEGER COSINE TRANSFORM,5.775,IM8,NOT POSSIBLE,N/A,WEST,23481.69,657348.9,-6.86,64.01,-4242.533,1337.401,281.415,272.23,83.51,85.269,29.216,268.827,UNK,UNK,231.666,324.433,22369.8,742411000.0,2.028,155.216,185.245,83.681,46.11,91.952,257.292,-48.759,77.189,400.0,400.0,1565.0,1565.0,1565.0,N/A,N/A,N/A,N/A,N/A,N/A,N/A,N/A,N/A,LSB_UNSIGNED_INTEGER,"frozenset({'N/A', 'MIPS_NEAR.CK', 'S990607A.BSP', 'S981116A.BSP', 'NULL'})","VICAR programs run: SSIMERGE,CATLABEL,BADLABELS.",REDR,3.731,3.563,3.883,SKEWED,"frozenset({200, 1, 800})",0.0
C0466676901R,226.23579148799,-226.23579148799,2604200.1958183,-1204705.5896735,2967987.3485309877,-1470532.6446718883,84.47523673013373,-44.189850092260365,71.13114678678022,-53.94066208444965,FIXED_LENGTH,1000,808,"['C0466676901R.IMG', 1]","['C0466676901R.IMG', 3]","['C0466676901R.IMG', 5]","['C0466676901R.IMG', 9]","['C0466676901R.IMG', 9]",GO-J/JSA-SSI-2-REDR-V1.0,GALILEO ORBITER,SOLID STATE IMAGING SYSTEM,1,04666769.01,1998-09-26 04:58:19.804000+00:00,17E0095,17,17ESREGMAP02,EUROPA,-000T03:27:40Z,000T01:07:14Z,NOT APPLICABLE,CLEAR,0,12.5,100K,8.667,ON,NORMAL,OFF,NOT INVERTED,N,INTEGER COSINE TRANSFORM,5.59,IM8,NOT POSSIBLE,N/A,WEST,23481.69,657348.9,-6.86,64.01,-4242.533,1337.401,281.415,272.23,83.51,85.269,29.216,268.827,UNK,UNK,231.666,324.433,22369.8,742411000.0,2.028,155.216,185.245,83.681,46.11,91.952,257.292,-48.759,77.189,400.0,400.0,1565.0,1565.0,1565.0,N/A,N/A,N/A,N/A,N/A,N/A,N/A,N/A,N/A,LSB_UNSIGNED_INTEGER,"frozenset({'N/A', 'MIPS_NEAR.CK', 'S990607A.BSP', 'S981116A.BSP', 'NULL'})","VICAR programs run: SSIMERGE,CATLABEL,BADLABELS.",REDR,3.206,2.382,3.5,SKEWED,"frozenset({600, 201, 800, 1})",1.0
C0466676913R,228.93932519714,-228.93932519714,1797173.7027975,-1426749.8746286,2587701.1927032243,-1761001.2894164245,114.07780523547036,-52.3346646844034,85.08043727089365,-64.59535313742454,FIXED_LENGTH,1000,809,"['C0466676913R.IMG', 1]","['C0466676913R.IMG', 3]","['C0466676913R.IMG', 5]","['C0466676913R.IMG', 10]","['C0466676913R.IMG', 10]",GO-J/JSA-SSI-2-REDR-V1.0,GALILEO ORBITER,SOLID STATE IMAGING SYSTEM,1,04666769.13,1998-09-26 04:58:28.471000+00:00,17E0096,17,17ESREGMAP02,EUROPA,-000T03:27:31Z,000T01:07:23Z,NOT APPLICABLE,CLEAR,0,12.5,100K,8.667,ON,NORMAL,OFF,NOT INVERTED,N,INTEGER COSINE TRANSFORM,5.738,IM8,NOT POSSIBLE,N/A,WEST,23531.99,657321.3,-6.841,63.999,-4987.417,2171.9,288.206,272.235,83.071,85.884,28.79,268.561,UNK,UNK,261.965,441.388,22706.5,742411000.0,2.028,155.226,192.454,76.0,59.812,92.469,240.991,-57.685,95.812,400.0,400.0,1565.0,1565.0,1565.0,N/A,N/A,N/A,N/A,N/A,N/A,N/A,N/A,N/A,LSB_UNSIGNED_INTEGER,"frozenset({'N/A', 'MIPS_NEAR.CK', 'S990607A.BSP', 'S981116A.BSP', 'NULL'})","VICAR programs run: SSIMERGE,CATLABEL,BADLABELS.",REDR,3.7,3.329,4.209,SKEWED,"frozenset({200, 1, 800})",0.0
C0466676914R,228.93932519714,-228.93932519714,1797173.7027975,-1426749.8746286,2587701.1927032243,-1761001.2894164245,114.07780523547036,-52.3346646844034,85.08043727089365,-64.59535313742454,FIXED_LENGTH,1000,808,"['C0466676914R.IMG', 1]","['C0466676914R.IMG', 3]","['C0466676914R.IMG', 5]","['C0466676914R.IMG', 9]","['C0466676914R.IMG', 9]",GO-J/JSA-SSI-2-REDR-V1.0,GALILEO ORBITER,SOLID STATE IMAGING SYSTEM,1,04666769.14,1998-09-26 04:58:28.471000+00:00,17E0096,17,17ESREGMAP02,EUROPA,-000T03:27:31Z,000T01:07:23Z,NOT APPLICABLE,CLEAR,0,12.5,100K,8.667,ON,NORMAL,OFF,NOT INVERTED,N,INTEGER COSINE TRANSFORM,5.691,IM8,NOT POSSIBLE,N/A,WEST,23531.99,657321.3,-6.841,63.999,-4987.417,2171.9,288.206,272.235,83.071,85.884,28.79,268.561,UNK,UNK,261.965,441.388,22706.5,742411000.0,2.028,155.226,192.454,76.0,59.812,92.469,240.991,-57.685,95.812,400.0,400.0,1565.0,1565.0,1565.0,N/A,N/A,N/A,N/A,N/A,N/A,N/A,N/A,N/A,LSB_UNSIGNED_INTEGER,"frozenset({'N/A', 'MIPS_NEAR.CK', 'S990607A.BSP', 'S981116A.BSP', 'NULL'})","VICAR programs run: SSIMERGE,CATLABEL,BADLABELS.",REDR,3.149,2.859,3.593,SKEWED,"frozenset({520, 201, 800, 1})",1.0
C0466677052R,233.57778926917,-233.57778926917,2312653.6915541,-1432766.1593771,2905006.965140715,-1775191.1984457031,95.16946478783636,-52.555348246783666,73.44133254886631,-65.11585371300217,FIXED_LENGTH,1000,812,"['C0466677052R.IMG', 1]","['C0466677052R.IMG', 3]","['C0466677052R.IMG', 5]","['C0466677052R.IMG', 13]","['C0466677052R.IMG', 13]",GO-J/JSA-SSI-2-REDR-V1.0,GALILEO ORBITER,SOLID STATE IMAGING SYSTEM,1,04666770.52,1998-09-26 04:59:55.137000+00:00,17E0097,17,17ESREGMAP03,EUROPA,-000T03:26:04Z,000T01:08:50Z,NOT APPLICABLE,CLEAR,0,12.5,100K,8.667,ON,NORMAL,OFF,NOT INVERTED,N,BARC RATE CONTROL,3.503,IM4,NOT POSSIBLE,N/A,WEST,24035.24,657046.0,-6.658,63.893,-4866.02,1381.703,280.56,272.159,83.299,85.582,28.659,268.765,UNK,UNK,243.769,420.854,23136.7,742410000.0,2.028,155.328,186.496,82.985,56.516,92.198,253.231,-58.164,82.109,400.0,400.0,1565.0,1565.0,1565.0,N/A,N/A,N/A,N/A,N/A,N/A,N/A,N/A,N/A,LSB_UNSIGNED_INTEGER,"frozenset({'N/A', 'MIPS_NEAR.CK', 'S990607A.BSP', 'S981116A.BSP', 'NULL'})","VICAR programs run: SSIMERGE,CATLABEL,BADLABELS.",REDR,,,,,"frozenset({800, 1})",
C0466677065R,236.5509986146,-236.5509986146,51331.566699368,-1720198.8619254,2820870.6584791047,-2298092.951540868,178.11710491186423,-63.098677792274565,76.52753951143269,-84.29643217160957,FIXED_LENGTH,1000,811,"['C0466677065R.IMG', 1]","['C0466677065R.IMG', 3]","['C0466677065R.IMG', 5]","['C0466677065R.IMG', 12]","['C0466677065R.IMG', 12]",GO-J/JSA-SSI-2-REDR-V1.0,GALILEO ORBITER,SOLID STATE IMAGING SYSTEM,1,04666770.65,1998-09-26 05:00:03.804000+00:00,17E0098,17,17ESREGMAP03,EUROPA,-000T03:25:56Z,000T01:08:58Z,NOT APPLICABLE,CLEAR,0,12.5,100K,8.667,ON,NORMAL,OFF,NOT INVERTED,N,BARC RATE CONTROL,3.529,IM4,NOT POSSIBLE,N/A,WEST,24085.59,657018.6,-6.64,63.883,-5578.403,1334.724,275.093,272.266,83.337,85.6,28.229,268.649,UNK,UNK,239.847,485.25,23287.1,742410000.0,2.028,155.338,183.491,86.656,60.945,91.962,259.457,-63.542,77.003,0.2,800.8,1565.0,1565.0,1565.0,N/A,N/A,N/A,N/A,N/A,N/A,N/A,N/A,N/A,LSB_UNSIGNED_INTEGER,"frozenset({'N/A', 'MIPS_NAV.CK', 'S990607A.BSP', 'S981116A.BSP', 'NULL'})","VICAR programs run: SSIMERGE,CATLABEL,BADLABELS.",REDR,,,,,"frozenset({800, 1})",
C0484864900R,880.15817579711,-880.15817579711,-536896.48723624,647796.41738667,1264787.298620444,-341501.37220928154,199.69391981692448,23.761844238125033,133.60629052963895,-12.52662440814216,FIXED_LENGTH,1000,809,"['C0484864900R.IMG', 1]","['C0484864900R.IMG', 3]","['C0484864900R.IMG', 5]","['C0484864900R.IMG', 10]","['C0484864900R.IMG', 10]",GO-J/JSA-SSI-2-REDR-V1.0,GALILEO ORBITER,SOLID STATE IMAGING SYSTEM,1,04848649.00,1999-01-31 21:59:05.802000+00:00,19E0001,19,19ESTEGID_01,EUROPA,-000T07:01:58Z,-000T04:20:54Z,NOT APPLICABLE,CLEAR,0,6.25,100K,8.667,ON,NORMAL,OFF,NOT INVERTED,N,HUFFMAN,3.959,IM8,NOT POSSIBLE,N/A,WEST,88093.66,733780.6,0.455,222.035,1388.748,1159.778,58.605,32.876,120.35,273.208,-25.324,149.397,UNK,UNK,901.395,936.823,86653.0,740678000.0,2.371,129.984,236.776,69.219,23.222,92.431,109.995,0.737,199.215,800.8,800.8,1565.0,1565.0,1565.0,N/A,N/A,N/A,N/A,N/A,N/A,N/A,N/A,N/A,LSB_UNSIGNED_INTEGER,"frozenset({'S991014A.BSP', 'N/A', 'MIPS_NAV.CK', 'S990201A.BSP', 'NULL'})","VICAR programs run: SSIMERGE,CATLABEL,BADLABELS.",REDR,1.845,1.605,1.648,UNIFORM,"frozenset({160, 1, 800})",0.0
C0484884300R,214.93155077335,-214.93155077335,-244592.10478007,377849.66625955,642860.2683630922,132182.90372561096,188.971892001357,13.859917520549885,156.4192188259586,4.848605958554157,FIXED_LENGTH,1000,808,"['C0484884300R.IMG', 1]","['C0484884300R.IMG', 3]","['C0484884300R.IMG', 5]","['C0484884300R.IMG', 9]","['C0484884300R.IMG', 9]",GO-J/JSA-SSI-2-REDR-V1.0,GALILEO ORBITER,SOLID STATE IMAGING SYSTEM,1,04848843.00,1999-02-01 01:15:15.129000+00:00,19E0002,19,19ESSTRAT_01,EUROPA,-000T03:45:48Z,-000T01:04:44Z,NOT APPLICABLE,CLEAR,0,6.25,100K,8.667,ON,NORMAL,OFF,NOT INVERTED,N,INTEGER COSINE TRANSFORM,4.47,IM8,NOT POSSIBLE,N/A,WEST,22046.0,676559.7,3.552,242.324,4983.031,4831.253,45.965,33.074,117.315,262.665,-27.96,144.736,UNK,UNK,394.954,404.425,21350.3,740563000.0,2.372,143.79,247.497,36.981,65.487,102.047,143.677,9.221,180.347,400.0,400.0,1565.0,1565.0,1565.0,N/A,N/A,N/A,N/A,N/A,N/A,N/A,N/A,N/A,LSB_UNSIGNED_INTEGER,"frozenset({'S991014A.BSP', 'N/A', 'MIPS_NEAR.CK', 'S990201A.BSP', 'NULL'})","VICAR programs run: SSIMERGE,CATLABEL,BADLABELS.",REDR,3.2,2.419,3.52,SKEWED,"frozenset({800, 1})",0.0
C0484884301R,214.93155077335,-214.93155077335,-244592.10478007,377849.66625955,642860.2683630922,132182.90372561096,188.971892001357,13.859917520549885,156.4192188259586,4.848605958554157,FIXED_LENGTH,1000,810,"['C0484884301R.IMG', 1]","['C0484884301R.IMG', 3]","['C0484884301R.IMG', 5]","['C0484884301R.IMG', 11]","['C0484884301R.IMG', 11]",GO-J/JSA-SSI-2-REDR-V1.0,GALILEO ORBITER,SOLID STATE IMAGING SYSTEM,1,04848843.01,1999-02-01 01:15:15.129000+00:00,19E0002,19,19ESSTRAT_01,EUROPA,-000T03:45:48Z,-000T01:04:44Z,NOT APPLICABLE,CLEAR,0,6.25,100K,8.667,ON,NORMAL,OFF,NOT INVERTED,N,INTEGER COSINE TRANSFORM,4.521,IM8,NOT POSSIBLE,N/A,WEST,22046.0,676559.7,3.552,242.324,4983.031,4831.253,45.965,33.074,117.315,262.665,-27.96,144.736,UNK,UNK,394.954,404.425,21350.3,740563000.0,2.372,143.79,247.497,36.981,65.487,102.047,143.677,9.221,180.347,400.0,400.0,1565.0,1565.0,1565.0,N/A,N/A,N/A,N/A,N/A,N/A,N/A,N/A,N/A,LSB_UNSIGNED_INTEGER,"frozenset({'S991014A.BSP', 'N/A', 'MIPS_NEAR.CK', 'S990201A.BSP', 'NULL'})","VICAR programs run: SSIMERGE,CATLABEL,BADLABELS.",REDR,3.561,3.476,3.606,SKEWED,"frozenset({24, 417, 800, 1})",1.0
C0484884313R,214.14695479448,-214.14695479448,-297021.82629994,561493.31547113,390604.0455451353,313511.14181912213,190.89506854689782,20.5961569790675,165.67223862325733,11.499913736596099,FIXED_LENGTH,1000,808,"['C0484884313R.IMG', 1]","['C0484884313R.IMG', 3]","['C0484884313R.IMG', 5]","['C0484884313R.IMG', 9]","['C0484884313R.IMG', 9]",GO-J/JSA-SSI-2-REDR-V1.0,GALILEO ORBITER,SOLID STATE IMAGING SYSTEM,1,04848843.13,1999-02-01 01:15:23.795000+00:00,19E0003,19,19ESSTRAT_01,EUROPA,-000T03:45:40Z,-000T01:04:36Z,NOT APPLICABLE,CLEAR,0,6.25,100K,8.667,ON,NORMAL,OFF,NOT INVERTED,N,INTEGER COSINE TRANSFORM,4.389,IM8,NOT POSSIBLE,N/A,WEST,21997.86,676527.6,3.561,242.35,4296.357,5341.392,38.256,33.171,117.025,262.841,-27.502,144.714,UNK,UNK,404.641,345.592,21258.6,740563000.0,2.372,143.8,258.538,40.454,63.666,101.933,141.256,15.858,182.545,400.0,400.0,1565.0,1565.0,1565.0,N/A,N/A,N/A,N/A,N/A,N/A,N/A,N/A,N/A,LSB_UNSIGNED_INTEGER,"frozenset({'S991014A.BSP', 'N/A', 'MIPS_NEAR.CK', 'S990201A.BSP', 'NULL'})","VICAR programs run: SSIMERGE,CATLABEL,BADLABELS.",REDR,3.26,3.021,3.537,SKEWED,"frozenset({560, 1, 800})",0.0
C0484884500R,202.25113235281,-202.25113235281,-1282272.1791168,557404.12076434,-1023997.4831022616,324815.31855860853,227.0350730156439,20.446161077462957,217.56128938142024,11.914562659798738,FIXED_LENGTH,1000,807,"['C0484884500R.IMG', 1]","['C0484884500R.IMG', 3]","['C0484884500R.IMG', 5]","['C0484884500R.IMG', 8]","['C0484884500R.IMG', 8]",GO-J/JSA-SSI-2-REDR-V1.0,GALILEO ORBITER,SOLID STATE IMAGING SYSTEM,1,04848845.00,1999-02-01 01:17:16.465000+00:00,19E0004,19,19ESREGMAP01,EUROPA,-000T03:43:47Z,-000T01:02:43Z,NOT APPLICABLE,CLEAR,0,12.5,100K,8.667,ON,NORMAL,OFF,NOT INVERTED,N,INTEGER COSINE TRANSFORM,4.932,IM8,NOT POSSIBLE,N/A,WEST,21372.08,676111.5,3.682,242.692,1571.801,3311.286,21.925,33.241,118.216,264.84,-27.698,145.49,UNK,UNK,221.76,205.856,19952.0,740562000.0,2.372,143.932,235.535,77.907,25.779,100.151,101.469,16.392,222.022,400.0,400.0,1565.0,1565.0,1565.0,N/A,N/A,N/A,N/A,N/A,N/A,N/A,N/A,N/A,LSB_UNSIGNED_INTEGER,"frozenset({'S991014A.BSP', 'N/A', 'MIPS_NEAR.CK', 'S990201A.BSP', 'NULL'})","VICAR programs run: SSIMERGE,CATLABEL,BADLABELS.",REDR,5.415,3.579,6.64,SKEWED,"frozenset({800, 1})",0.0
C0484884513R,201.13867358696,-201.13867358696,-1635659.6936092,576865.7158474,-1397913.7814294132,346159.6572431569,239.99769344652273,21.160032563283632,231.2769268880146,12.697495132988522,FIXED_LENGTH,1000,815,"['C0484884513R.IMG', 1]","['C0484884513R.IMG', 3]","['C0484884513R.IMG', 5]","['C0484884513R.IMG', 16]","['C0484884513R.IMG', 16]",GO-J/JSA-SSI-2-REDR-V1.0,GALILEO ORBITER,SOLID STATE IMAGING SYSTEM,1,04848845.13,1999-02-01 01:17:25.136000+00:00,19E0005,19,19ESREGMAP01,EUROPA,-000T03:43:38Z,-000T01:02:34Z,NOT APPLICABLE,CLEAR,0,20.83,100K,8.667,ON,NORMAL,OFF,NOT INVERTED,N,INTEGER COSINE TRANSFORM,3.841,IM8,NOT POSSIBLE,N/A,WEST,21323.92,676079.6,3.691,242.719,153.744,2366.113,352.861,33.459,118.725,265.947,-27.707,145.741,UNK,UNK,209.169,201.287,19814.5,740562000.0,2.372,143.943,232.654,91.044,15.906,99.173,88.194,16.762,235.748,400.0,400.0,1565.0,1565.0,1565.0,N/A,N/A,N/A,N/A,N/A,N/A,N/A,N/A,N/A,LSB_UNSIGNED_INTEGER,"frozenset({'S991014A.BSP', 'CKE19AHC.PLT', 'NULL', 'N/A'})","VICAR programs run: SSIMERGE,CATLABEL,BADLABELS.",REDR,5.968,4.649,9.105,SKEWED,"frozenset({240, 1, 800})",0.0
C0484884514R,201.13867358696,-201.13867358696,-1635659.6936092,576865.7158474,-1397913.7814294132,346159.6572431569,239.99769344652273,21.160032563283632,231.2769268880146,12.697495132988522,FIXED_LENGTH,1000,809,"['C0484884514R.IMG', 1]","['C0484884514R.IMG', 3]","['C0484884514R.IMG', 5]","['C0484884514R.IMG', 10]","['C0484884514R.IMG', 10]",GO-J/JSA-SSI-2-REDR-V1.0,GALILEO ORBITER,SOLID STATE IMAGING SYSTEM,1,04848845.14,1999-02-01 01:17:25.136000+00:00,19E0005,19,19ESREGMAP01,EUROPA,-000T03:43:38Z,-000T01:02:34Z,NOT APPLICABLE,CLEAR,0,20.83,100K,8.667,ON,NORMAL,OFF,NOT INVERTED,N,HUFFMAN,4.361,IM8,NOT POSSIBLE,N/A,WEST,21323.92,676079.6,3.691,242.719,153.744,2366.113,352.861,33.459,118.725,265.947,-27.707,145.741,UNK,UNK,209.169,201.287,19814.5,740562000.0,2.372,143.943,232.654,91.044,15.906,99.173,88.194,16.762,235.748,400.0,400.0,1565.0,1565.0,1565.0,N/A,N/A,N/A,N/A,N/A,N/A,N/A,N/A,N/A,LSB_UNSIGNED_INTEGER,"frozenset({'S991014A.BSP', 'CKE19AHC.PLT', 'NULL', 'N/A'})","VICAR programs run: SSIMERGE,CATLABEL,BADLABELS.",REDR,1.619,1.539,1.716,UNIFORM,"frozenset({120, 1, 80})",1.0
C0484884700R,200.44040764065,-200.44040764065,-1236917.7555505,1759666.3386773,-709759.4834555906,1348763.5030139675,225.37142573485153,64.54638576020962,206.0347137460888,49.47404371573676,FIXED_LENGTH,1000,807,"['C0484884700R.IMG', 1]","['C0484884700R.IMG', 3]","['C0484884700R.IMG', 5]","['C0484884700R.IMG', 8]","['C0484884700R.IMG', 8]",GO-J/JSA-SSI-2-REDR-V1.0,GALILEO ORBITER,SOLID STATE IMAGING SYSTEM,1,04848847.00,1999-02-01 01:19:17.798000+00:00,19E0006,19,19ESNORLAT01,EUROPA,-000T03:41:46Z,-000T01:00:42Z,NOT APPLICABLE,CLEAR,0,12.5,100K,8.667,ON,NORMAL,OFF,NOT INVERTED,N,INTEGER COSINE TRANSFORM,5.039,IM8,NOT POSSIBLE,N/A,WEST,20698.49,675666.6,3.82,243.075,-1421.917,6645.344,343.737,32.422,116.269,265.073,-25.24,146.409,UNK,UNK,399.578,225.578,19886.7,740561000.0,2.372,144.075,244.24,78.211,60.656,100.11,107.065,56.506,216.138,400.0,400.0,1565.0,1565.0,1565.0,N/A,N/A,N/A,N/A,N/A,N/A,N/A,N/A,N/A,LSB_UNSIGNED_INTEGER,"frozenset({'S991014A.BSP', 'N/A', 'MIPS_NEAR.CK', 'S990201A.BSP', 'NULL'})","VICAR programs run: SSIMERGE,CATLABEL,BADLABELS.",REDR,4.399,2.657,5.264,SKEWED,"frozenset({800, 1})",0.0
C0484884701R,200.44040764065,-200.44040764065,-1236917.7555505,1759666.3386773,-709759.4834555906,1348763.5030139675,225.37142573485153,64.54638576020962,206.0347137460888,49.47404371573676,FIXED_LENGTH,1000,810,"['C0484884701R.IMG', 1]","['C0484884701R.IMG', 3]","['C0484884701R.IMG', 5]","['C0484884701R.IMG', 11]","['C0484884701R.IMG', 11]",GO-J/JSA-SSI-2-REDR-V1.0,GALILEO ORBITER,SOLID STATE IMAGING SYSTEM,1,04848847.01,1999-02-01 01:19:17.798000+00:00,19E0006,19,19ESNORLAT01,EUROPA,-000T03:41:46Z,-000T01:00:42Z,NOT APPLICABLE,CLEAR,0,12.5,100K,8.667,ON,NORMAL,OFF,NOT INVERTED,N,HUFFMAN,4.782,IM8,NOT POSSIBLE,N/A,WEST,20698.49,675666.6,3.82,243.075,-1421.917,6645.344,343.737,32.422,116.269,265.073,-25.24,146.409,UNK,UNK,399.578,225.578,19886.7,740561000.0,2.372,144.075,244.24,78.211,60.656,100.11,107.065,56.506,216.138,400.0,400.0,1565.0,1565.0,1565.0,N/A,N/A,N/A,N/A,N/A,N/A,N/A,N/A,N/A,LSB_UNSIGNED_INTEGER,"frozenset({'S991014A.BSP', 'N/A', 'MIPS_NEAR.CK', 'S990201A.BSP', 'NULL'})","VICAR programs run: SSIMERGE,CATLABEL,BADLABELS.",REDR,1.52,1.473,1.552,UNIFORM,"frozenset({136, 289, 129, 128})",1.0
C0484884713R,200.73969889654,-200.73969889654,-1368844.0067755,2017433.9739102,-676492.7852813335,1492901.140693541,230.2106174135808,74.00156987923195,204.8144567654739,54.761161710631384,FIXED_LENGTH,1000,808,"['C0484884713R.IMG', 1]","['C0484884713R.IMG', 3]","['C0484884713R.IMG', 5]","['C0484884713R.IMG', 9]","['C0484884713R.IMG', 9]",GO-J/JSA-SSI-2-REDR-V1.0,GALILEO ORBITER,SOLID STATE IMAGING SYSTEM,1,04848847.13,1999-02-01 01:19:26.465000+00:00,19E0007,19,19ESNORLAT01,EUROPA,-000T03:41:37Z,-000T01:00:33Z,NOT APPLICABLE,CLEAR,0,12.5,100K,8.667,ON,NORMAL,OFF,NOT INVERTED,N,INTEGER COSINE TRANSFORM,5.157,IM8,NOT POSSIBLE,N/A,WEST,20650.39,675634.9,3.83,243.103,-2103.064,6739.221,338.453,32.463,116.214,265.398,-24.991,146.506,UNK,UNK,462.556,260.858,19955.5,740561000.0,2.372,144.085,242.131,81.261,65.629,99.832,103.707,62.981,219.399,400.0,400.0,1565.0,1565.0,1565.0,N/A,N/A,N/A,N/A,N/A,N/A,N/A,N/A,N/A,LSB_UNSIGNED_INTEGER,"frozenset({'S991014A.BSP', 'N/A', 'MIPS_NEAR.CK', 'S990201A.BSP', 'NULL'})","VICAR programs run: SSIMERGE,CATLABEL,BADLABELS.",REDR,4.1,2.901,4.835,SKEWED,"frozenset({800, 1})",0.0
C0484884726R,201.43660541203,-201.43660541203,-1538975.6653479,2315312.3426059,614381.6465067004,1663866.360703395,236.45122304594906,84.92805728928667,157.46384420286017,61.032343240778765,FIXED_LENGTH,1000,813,"['C0484884726R.IMG', 1]","['C0484884726R.IMG', 3]","['C0484884726R.IMG', 5]","['C0484884726R.IMG', 14]","['C0484884726R.IMG', 14]",GO-J/JSA-SSI-2-REDR-V1.0,GALILEO ORBITER,SOLID STATE IMAGING SYSTEM,1,04848847.26,1999-02-01 01:19:35.132000+00:00,19E0008,19,19ESNORLAT01,EUROPA,-000T03:41:28Z,-000T01:00:24Z,NOT APPLICABLE,CLEAR,0,12.5,100K,8.667,ON,NORMAL,OFF,NOT INVERTED,N,INTEGER COSINE TRANSFORM,5.166,IM8,NOT POSSIBLE,N/A,WEST,20602.29,675603.3,3.84,243.131,-2746.979,6841.394,335.762,32.583,116.153,265.691,-24.75,146.51,UNK,UNK,401.7,256.083,19826.4,740561000.0,2.372,144.095,239.029,84.545,62.219,99.632,95.956,60.932,227.125,0.2,800.8,1565.0,1565.0,1565.0,N/A,N/A,N/A,N/A,N/A,N/A,N/A,N/A,N/A,LSB_UNSIGNED_INTEGER,"frozenset({'S991014A.BSP', 'N/A', 'MIPS_NAV.CK', 'S990201A.BSP', 'NULL'})","VICAR programs run: SSIMERGE,CATLABEL,BADLABELS.",REDR,3.078,2.629,3.43,SKEWED,"frozenset({800, 1})",0.0
C0484884727R,201.43660541203,-201.43660541203,-1538975.6653479,2315312.3426059,614381.6465067004,1663866.360703395,236.45122304594906,84.92805728928667,157.46384420286017,61.032343240778765,FIXED_LENGTH,1000,810,"['C0484884727R.IMG', 1]","['C0484884727R.IMG', 3]","['C0484884727R.IMG', 5]","['C0484884727R.IMG', 11]","['C0484884727R.IMG', 11]",GO-J/JSA-SSI-2-REDR-V1.0,GALILEO ORBITER,SOLID STATE IMAGING SYSTEM,1,04848847.27,1999-02-01 01:19:35.132000+00:00,19E0008,19,19ESNORLAT01,EUROPA,-000T03:41:28Z,-000T01:00:24Z,NOT APPLICABLE,CLEAR,0,12.5,100K,8.667,ON,NORMAL,OFF,NOT INVERTED,N,INTEGER COSINE TRANSFORM,5.171,IM8,NOT POSSIBLE,N/A,WEST,20602.29,675603.3,3.84,243.131,-2746.979,6841.394,335.762,32.583,116.153,265.691,-24.75,146.51,UNK,UNK,401.7,256.083,19826.4,740561000.0,2.372,144.095,239.029,84.545,62.219,99.632,95.956,60.932,227.125,0.2,800.8,1565.0,1565.0,1565.0,N/A,N/A,N/A,N/A,N/A,N/A,N/A,N/A,N/A,LSB_UNSIGNED_INTEGER,"frozenset({'S991014A.BSP', 'N/A', 'MIPS_NAV.CK', 'S990201A.BSP', 'NULL'})","VICAR programs run: SSIMERGE,CATLABEL,BADLABELS.",REDR,4.351,4.22,4.489,SKEWED,"frozenset({16, 145, 800, 1})",1.0
C0484888200R,171.15728496524,-171.15728496524,-1339819.2267079,2190470.9329851,287544.2387416018,1854146.8680284033,229.14595838722425,80.34874494630603,169.45257919129583,68.0120295361252,FIXED_LENGTH,1000,810,"['C0484888200R.IMG', 1]","['C0484888200R.IMG', 3]","['C0484888200R.IMG', 5]","['C0484888200R.IMG', 11]","['C0484888200R.IMG', 11]",GO-J/JSA-SSI-2-REDR-V1.0,GALILEO ORBITER,SOLID STATE IMAGING SYSTEM,1,04848882.00,1999-02-01 01:54:40.198000+00:00,19E0009,19,19ESNORPLN01,EUROPA,-000T03:06:23Z,-000T00:25:19Z,NOT APPLICABLE,CLEAR,0,6.25,400K,2.333,OFF,NORMAL,OFF,NOT INVERTED,N,INTEGER COSINE TRANSFORM,4.876,AI8,NOT POSSIBLE,N/A,WEST,9061.795,668405.6,9.451,255.499,-3587.733,7693.364,334.1,31.531,109.837,253.403,-24.302,142.411,UNK,UNK,463.22,272.3,8416.52,740544000.0,2.372,146.565,235.317,84.569,70.41,110.77,97.163,67.691,228.019,0.6,400.4,1565.0,1565.0,1565.0,N/A,N/A,N/A,N/A,N/A,N/A,N/A,N/A,N/A,LSB_UNSIGNED_INTEGER,"frozenset({'S991014A.BSP', 'N/A', 'MIPS_NEAR.CK', 'S990201A.BSP', 'NULL'})","VICAR programs run: SSIMERGE,CATLABEL,BADLABELS.",REDR,1.936,1.734,2.377,SKEWED,"frozenset({400, 1})",0.0
C0484888204R,169.37600103193,-169.37600103193,-1369913.0963462,2041150.1884358,-790477.7968159674,1764051.0507475624,230.2498327274877,74.87150521748018,208.9955451705216,64.7072215451047,FIXED_LENGTH,1000,809,"['C0484888204R.IMG', 1]","['C0484888204R.IMG', 3]","['C0484888204R.IMG', 5]","['C0484888204R.IMG', 10]","['C0484888204R.IMG', 10]",GO-J/JSA-SSI-2-REDR-V1.0,GALILEO ORBITER,SOLID STATE IMAGING SYSTEM,1,04848882.04,1999-02-01 01:54:42.865000+00:00,19E0010,19,19ESNORPLN01,EUROPA,-000T03:06:21Z,-000T00:25:17Z,NOT APPLICABLE,CLEAR,0,6.25,400K,2.333,OFF,NORMAL,OFF,NOT INVERTED,N,INTEGER COSINE TRANSFORM,4.491,AI8,NOT POSSIBLE,N/A,WEST,9047.611,668397.1,9.466,255.531,-3272.573,7669.663,335.067,31.284,109.882,253.06,-24.523,142.517,UNK,UNK,522.565,286.598,8453.49,740544000.0,2.372,146.568,237.175,82.811,72.509,111.018,101.708,68.751,222.735,200.0,200.0,1565.0,1565.0,1565.0,N/A,N/A,N/A,N/A,N/A,N/A,N/A,N/A,N/A,LSB_UNSIGNED_INTEGER,"frozenset({'S991014A.BSP', 'N/A', 'MIPS_NEAR.CK', 'S990201A.BSP', 'NULL'})","VICAR programs run: SSIMERGE,CATLABEL,BADLABELS.",REDR,2.446,2.104,2.691,SKEWED,"frozenset({400, 1})",0.0
C0484888207R,167.80843637274,-167.80843637274,-1373176.4348381,1902108.626285,-1021617.7606372098,1675567.2371818009,230.3695353668657,69.7713165566948,217.4739986940579,61.461543521711256,FIXED_LENGTH,1000,809,"['C0484888207R.IMG', 1]","['C0484888207R.IMG', 3]","['C0484888207R.IMG', 5]","['C0484888207R.IMG', 10]","['C0484888207R.IMG', 10]",GO-J/JSA-SSI-2-REDR-V1.0,GALILEO ORBITER,SOLID STATE IMAGING SYSTEM,1,04848882.07,1999-02-01 01:54:44.865000+00:00,19E0011,19,19ESNORPLN01,EUROPA,-000T03:06:19Z,-000T00:25:15Z,NOT APPLICABLE,CLEAR,0,6.25,400K,2.333,OFF,NORMAL,OFF,NOT INVERTED,N,INTEGER COSINE TRANSFORM,4.58,AI8,NOT POSSIBLE,N/A,WEST,9036.976,668390.7,9.478,255.555,-2942.248,7628.052,337.07,31.215,109.903,252.685,-24.77,142.431,UNK,UNK,439.843,241.609,8356.22,740544000.0,2.372,146.57,237.01,82.586,68.95,111.317,100.794,64.953,224.07,200.0,200.0,1565.0,1565.0,1565.0,N/A,N/A,N/A,N/A,N/A,N/A,N/A,N/A,N/A,LSB_UNSIGNED_INTEGER,"frozenset({'S991014A.BSP', 'N/A', 'MIPS_NEAR.CK', 'S990201A.BSP', 'NULL'})","VICAR programs run: SSIMERGE,CATLABEL,BADLABELS.",REDR,2.367,2.035,2.83,SKEWED,"frozenset({400, 1})",0.0
C0484888211R,166.41052645399,-166.41052645399,-1361903.7484995,1793572.6541211,-1092152.2851175824,1596709.00132603,229.95604154421747,65.79010456543945,220.0612781836146,58.568941668713244,FIXED_LENGTH,1000,810,"['C0484888211R.IMG', 1]","['C0484888211R.IMG', 3]","['C0484888211R.IMG', 5]","['C0484888211R.IMG', 11]","['C0484888211R.IMG', 11]",GO-J/JSA-SSI-2-REDR-V1.0,GALILEO ORBITER,SOLID STATE IMAGING SYSTEM,1,04848882.11,1999-02-01 01:54:47.531000+00:00,19E0012,19,19ESNORPLN01,EUROPA,-000T03:06:16Z,-000T00:25:12Z,NOT APPLICABLE,CLEAR,0,6.25,400K,2.333,OFF,NORMAL,OFF,NOT INVERTED,N,INTEGER COSINE TRANSFORM,4.753,AI8,NOT POSSIBLE,N/A,WEST,9022.802,668382.2,9.494,255.587,-2612.841,7591.398,339.165,31.129,109.919,252.3,-25.014,142.358,UNK,UNK,391.802,215.458,8274.38,740544000.0,2.372,146.573,237.048,82.151,66.085,111.622,100.684,61.694,224.371,200.0,200.0,1565.0,1565.0,1565.0,N/A,N/A,N/A,N/A,N/A,N/A,N/A,N/A,N/A,LSB_UNSIGNED_INTEGER,"frozenset({'S991014A.BSP', 'N/A', 'MIPS_NEAR.CK', 'S990201A.BSP', 'NULL'})","VICAR programs run: SSIMERGE,CATLABEL,BADLABELS.",REDR,2.571,2.388,2.881,SKEWED,"frozenset({400, 1})",0.0
C0484888242R,164.65083771577,-164.65083771577,-1165233.9785145,1730480.3043927,-873801.995757587,1549199.7320676374,222.74199046998623,63.4758117619819,212.05196317990908,56.82625241374748,FIXED_LENGTH,1000,809,"['C0484888242R.IMG', 1]","['C0484888242R.IMG', 3]","['C0484888242R.IMG', 5]","['C0484888242R.IMG', 10]","['C0484888242R.IMG', 10]",GO-J/JSA-SSI-2-REDR-V1.0,GALILEO ORBITER,SOLID STATE IMAGING SYSTEM,1,04848882.42,1999-02-01 01:55:08.198000+00:00,19E0013,19,19ESNORPLN01,EUROPA,-000T03:05:55Z,-000T00:24:51Z,NOT APPLICABLE,CLEAR,0,6.25,400K,2.333,OFF,NORMAL,OFF,NOT INVERTED,N,INTEGER COSINE TRANSFORM,4.918,AI8,NOT POSSIBLE,N/A,WEST,8913.013,668316.4,9.618,255.837,-2085.946,7948.858,343.564,31.024,109.445,251.153,-25.09,141.993,UNK,UNK,414.397,200.572,8189.55,740544000.0,2.372,146.597,240.496,78.203,67.218,112.634,107.65,59.745,217.018,200.0,200.0,1565.0,1565.0,1565.0,N/A,N/A,N/A,N/A,N/A,N/A,N/A,N/A,N/A,LSB_UNSIGNED_INTEGER,"frozenset({'S991014A.BSP', 'N/A', 'MIPS_NEAR.CK', 'S990201A.BSP', 'NULL'})","VICAR programs run: SSIMERGE,CATLABEL,BADLABELS.",REDR,2.607,2.243,2.775,SKEWED,"frozenset({400, 1})",0.0
C0484888243R,164.65083771577,-164.65083771577,-1165233.9785145,1730480.3043927,-873801.995757587,1549199.7320676374,222.74199046998623,63.4758117619819,212.05196317990908,56.82625241374748,FIXED_LENGTH,1000,809,"['C0484888243R.IMG', 1]","['C0484888243R.IMG', 3]","['C0484888243R.IMG', 5]","['C0484888243R.IMG', 10]","['C0484888243R.IMG', 10]",GO-J/JSA-SSI-2-REDR-V1.0,GALILEO ORBITER,SOLID STATE IMAGING SYSTEM,1,04848882.43,1999-02-01 01:55:08.198000+00:00,19E0013,19,19ESNORPLN01,EUROPA,-000T03:05:55Z,-000T00:24:51Z,NOT APPLICABLE,CLEAR,0,6.25,400K,2.333,OFF,NORMAL,OFF,NOT INVERTED,N,INTEGER COSINE TRANSFORM,4.796,AI8,NOT POSSIBLE,N/A,WEST,8913.013,668316.4,9.618,255.837,-2085.946,7948.858,343.564,31.024,109.44,251.153,-25.09,141.993,UNK,UNK,414.397,200.572,8189.55,740544000.0,2.372,146.597,240.496,78.203,67.218,112.634,107.65,59.745,217.018,200.0,200.0,1565.0,1565.0,1565.0,N/A,N/A,N/A,N/A,N/A,N/A,N/A,N/A,N/A,LSB_UNSIGNED_INTEGER,"frozenset({'S991014A.BSP', 'N/A', 'MIPS_NEAR.CK', 'S990201A.BSP', 'NULL'})","VICAR programs run: SSIMERGE,CATLABEL,BADLABELS.",REDR,2.863,2.831,2.895,SKEWED,"frozenset({16, 345, 400, 1})",1.0
C0484888246R,165.31193850636,-165.31193850636,-1155199.8262824,1821076.3145861,-782421.4049505582,1619395.7496083407,222.37392736250155,66.79896734764516,208.70002836386894,59.401115117786276,FIXED_LENGTH,1000,809,"['C0484888246R.IMG', 1]","['C0484888246R.IMG', 3]","['C0484888246R.IMG', 5]","['C0484888246R.IMG', 10]","['C0484888246R.IMG', 10]",GO-J/JSA-SSI-2-REDR-V1.0,GALILEO ORBITER,SOLID STATE IMAGING SYSTEM,1,04848882.46,1999-02-01 01:55:10.865000+00:00,19E0014,19,19ESNORPLN01,EUROPA,-000T03:05:53Z,-000T00:24:49Z,NOT APPLICABLE,CLEAR,0,6.25,400K,2.333,OFF,NORMAL,OFF,NOT INVERTED,N,INTEGER COSINE TRANSFORM,4.941,AI8,NOT POSSIBLE,N/A,WEST,8898.856,668307.9,9.635,255.87,-2382.268,8019.881,341.726,30.993,109.353,251.424,-24.853,142.136,UNK,UNK,460.274,219.128,8233.96,740544000.0,2.372,146.601,240.684,78.549,69.692,112.432,108.397,62.587,216.009,200.0,200.0,1565.0,1565.0,1565.0,N/A,N/A,N/A,N/A,N/A,N/A,N/A,N/A,N/A,LSB_UNSIGNED_INTEGER,"frozenset({'S991014A.BSP', 'N/A', 'MIPS_NEAR.CK', 'S990201A.BSP', 'NULL'})","VICAR programs run: SSIMERGE,CATLABEL,BADLABELS.",REDR,2.46,2.223,2.681,SKEWED,"frozenset({400, 1})",0.0
C0484888249R,166.31058166121,-166.31058166121,-1126587.880173,1937019.3446081,-556308.895656711,1701689.8715574876,221.32441151376634,71.05187790092249,200.40598708496367,62.419748835085265,FIXED_LENGTH,1000,809,"['C0484888249R.IMG', 1]","['C0484888249R.IMG', 3]","['C0484888249R.IMG', 5]","['C0484888249R.IMG', 10]","['C0484888249R.IMG', 10]",GO-J/JSA-SSI-2-REDR-V1.0,GALILEO ORBITER,SOLID STATE IMAGING SYSTEM,1,04848882.49,1999-02-01 01:55:12.865000+00:00,19E0015,19,19ESNORPLN01,EUROPA,-000T03:05:51Z,-000T00:24:47Z,NOT APPLICABLE,CLEAR,0,6.25,400K,2.333,OFF,NORMAL,OFF,NOT INVERTED,N,INTEGER COSINE TRANSFORM,4.945,AI8,NOT POSSIBLE,N/A,WEST,8888.243,668301.6,9.647,255.895,-2711.954,8087.891,339.737,31.015,109.284,251.736,-24.599,142.242,UNK,UNK,540.994,253.969,8301.76,740544000.0,2.372,146.603,240.986,78.758,72.911,112.195,109.719,66.024,213.833,200.0,200.0,1565.0,1565.0,1565.0,N/A,N/A,N/A,N/A,N/A,N/A,N/A,N/A,N/A,LSB_UNSIGNED_INTEGER,"frozenset({'S991014A.BSP', 'N/A', 'MIPS_NEAR.CK', 'S990201A.BSP', 'NULL'})","VICAR programs run: SSIMERGE,CATLABEL,BADLABELS.",REDR,2.324,1.955,2.732,SKEWED,"frozenset({400, 1})",0.0
C0484888253R,167.59657472049,-167.59657472049,-1082338.6795449,2065962.9765795,282232.63182932953,1798143.6501761568,219.70130495626458,75.78166401298995,169.64741444001908,65.95777344003977,FIXED_LENGTH,1000,810,"['C0484888253R.IMG', 1]","['C0484888253R.IMG', 3]","['C0484888253R.IMG', 5]","['C0484888253R.IMG', 11]","['C0484888253R.IMG', 11]",GO-J/JSA-SSI-2-REDR-V1.0,GALILEO ORBITER,SOLID STATE IMAGING SYSTEM,1,04848882.53,1999-02-01 01:55:15.531000+00:00,19E0016,19,19ESNORPLN01,EUROPA,-000T03:05:48Z,-000T00:24:44Z,NOT APPLICABLE,CLEAR,0,6.25,400K,2.333,OFF,NORMAL,OFF,NOT INVERTED,N,INTEGER COSINE TRANSFORM,5.016,AI8,NOT POSSIBLE,N/A,WEST,8874.097,668293.1,9.663,255.928,-3070.124,8156.586,338.785,31.146,109.209,252.049,-24.334,142.239,UNK,UNK,484.693,246.097,8243.55,740544000.0,2.372,146.606,239.103,80.615,71.124,111.982,113.823,65.685,218.865,0.6,400.4,1565.0,1565.0,1565.0,N/A,N/A,N/A,N/A,N/A,N/A,N/A,N/A,N/A,LSB_UNSIGNED_INTEGER,"frozenset({'S991014A.BSP', 'N/A', 'MIPS_NAV.CK', 'S990201A.BSP', 'NULL'})","VICAR programs run: SSIMERGE,CATLABEL,BADLABELS.",REDR,1.902,1.695,2.267,SKEWED,"frozenset({400, 1})",0.0
C0484888700R,64.498940330029,-64.498940330029,-1197809.820869,967032.61236812,-1072617.3776884137,885570.4507312934,223.93690614283923,35.47175886056582,219.34471752492695,32.483642310115954,FIXED_LENGTH,1000,808,"['C0484888700R.IMG', 1]","['C0484888700R.IMG', 3]","['C0484888700R.IMG', 5]","['C0484888700R.IMG', 9]","['C0484888700R.IMG', 9]",GO-J/JSA-SSI-2-REDR-V1.0,GALILEO ORBITER,SOLID STATE IMAGING SYSTEM,1,04848887.00,1999-02-01 01:59:44.464000+00:00,19E0025,19,19ESRHADAM01,EUROPA,-000T03:01:19Z,-000T00:20:15Z,NOT APPLICABLE,CLEAR,0,12.5,100K,8.667,ON,NORMAL,OFF,NOT INVERTED,N,INTEGER COSINE TRANSFORM,5.305,IM8,NOT POSSIBLE,N/A,WEST,7464.088,667446.4,11.609,259.85,3009.581,16252.134,9.348,30.015,108.18,242.081,-28.648,139.329,UNK,UNK,100.08,65.8692,6364.04,740542000.0,2.372,146.922,231.315,76.361,50.157,119.698,104.789,33.69,222.086,400.0,400.0,1565.0,1565.0,1565.0,N/A,N/A,N/A,N/A,N/A,N/A,N/A,N/A,N/A,LSB_UNSIGNED_INTEGER,"frozenset({'S991014A.BSP', 'N/A', 'MIPS_NEAR.CK', 'S990201A.BSP', 'NULL'})","VICAR programs run: SSIMERGE,CATLABEL,BADLABELS.",REDR,3.841,2.357,5.153,SKEWED,"frozenset({800, 1})",0.0
C0484888701R,64.498940330029,-64.498940330029,-1197809.820869,967032.61236812,-1072617.3776884137,885570.4507312934,223.93690614283923,35.47175886056582,219.34471752492695,32.483642310115954,FIXED_LENGTH,1000,810,"['C0484888701R.IMG', 1]","['C0484888701R.IMG', 3]","['C0484888701R.IMG', 5]","['C0484888701R.IMG', 11]","['C0484888701R.IMG', 11]",GO-J/JSA-SSI-2-REDR-V1.0,GALILEO ORBITER,SOLID STATE IMAGING SYSTEM,1,04848887.01,1999-02-01 01:59:44.464000+00:00,19E0025,19,19ESRHADAM01,EUROPA,-000T03:01:19Z,-000T00:20:15Z,NOT APPLICABLE,CLEAR,0,12.5,100K,8.667,ON,NORMAL,OFF,NOT INVERTED,N,INTEGER COSINE TRANSFORM,5.413,IM8,NOT POSSIBLE,N/A,WEST,7464.088,667446.4,11.609,259.85,3009.581,16252.134,9.348,30.015,108.178,242.081,-28.648,139.329,UNK,UNK,100.08,65.8692,6364.04,740542000.0,2.372,146.922,231.315,76.361,50.157,119.698,104.789,33.69,222.086,400.0,400.0,1565.0,1565.0,1565.0,N/A,N/A,N/A,N/A,N/A,N/A,N/A,N/A,N/A,LSB_UNSIGNED_INTEGER,"frozenset({'S991014A.BSP', 'N/A', 'MIPS_NEAR.CK', 'S990201A.BSP', 'NULL'})","VICAR programs run: SSIMERGE,CATLABEL,BADLABELS.",REDR,3.116,3.453,4.051,SKEWED,"frozenset({648, 153, 800, 1})",1.0
C0484888713R,63.825321705129,-63.825321705129,-1252508.1131415,987633.02806517,-1131750.6044753958,906128.0922477203,225.9432962156864,36.22740346725982,221.51378559399484,33.23771791551556,FIXED_LENGTH,1000,807,"['C0484888713R.IMG', 1]","['C0484888713R.IMG', 3]","['C0484888713R.IMG', 5]","['C0484888713R.IMG', 8]","['C0484888713R.IMG', 8]",GO-J/JSA-SSI-2-REDR-V1.0,GALILEO ORBITER,SOLID STATE IMAGING SYSTEM,1,04848887.13,1999-02-01 01:59:53.130000+00:00,19E0026,19,19ESRHADAM01,EUROPA,-000T03:01:10Z,-000T00:20:06Z,NOT APPLICABLE,CLEAR,0,12.5,100K,8.667,ON,NORMAL,OFF,NOT INVERTED,N,INTEGER COSINE TRANSFORM,5.403,IM8,NOT POSSIBLE,N/A,WEST,7419.327,667419.4,11.683,260.0,2439.641,16119.781,7.393,30.093,108.207,242.281,-28.59,139.331,UNK,UNK,96.7149,64.6086,6295.77,740542000.0,2.372,146.932,230.362,78.116,48.876,119.546,102.835,34.438,224.134,400.0,400.0,1565.0,1565.0,1565.0,N/A,N/A,N/A,N/A,N/A,N/A,N/A,N/A,N/A,LSB_UNSIGNED_INTEGER,"frozenset({'S991014A.BSP', 'N/A', 'MIPS_NEAR.CK', 'S990201A.BSP', 'NULL'})","VICAR programs run: SSIMERGE,CATLABEL,BADLABELS.",REDR,3.125,2.846,4.038,SKEWED,"frozenset({800, 1})",0.0
C0484888714R,63.825321705129,-63.825321705129,-1252508.1131415,987633.02806517,-1131750.6044753958,906128.0922477203,225.9432962156864,36.22740346725982,221.51378559399484,33.23771791551556,FIXED_LENGTH,1000,809,"['C0484888714R.IMG', 1]","['C0484888714R.IMG', 3]","['C0484888714R.IMG', 5]","['C0484888714R.IMG', 10]","['C0484888714R.IMG', 10]",GO-J/JSA-SSI-2-REDR-V1.0,GALILEO ORBITER,SOLID STATE IMAGING SYSTEM,1,04848887.14,1999-02-01 01:59:53.130000+00:00,19E0026,19,19ESRHADAM01,EUROPA,-000T03:01:10Z,-000T00:20:06Z,NOT APPLICABLE,CLEAR,0,12.5,100K,8.667,ON,NORMAL,OFF,NOT INVERTED,N,INTEGER COSINE TRANSFORM,5.516,IM8,NOT POSSIBLE,N/A,WEST,7419.327,667419.4,11.683,260.0,2439.641,16119.781,7.393,30.093,108.201,242.281,-28.59,139.331,UNK,UNK,96.7149,64.6086,6295.77,740542000.0,2.372,146.932,230.362,78.116,48.876,119.546,102.835,34.438,224.134,400.0,400.0,1565.0,1565.0,1565.0,N/A,N/A,N/A,N/A,N/A,N/A,N/A,N/A,N/A,LSB_UNSIGNED_INTEGER,"frozenset({'S991014A.BSP', 'N/A', 'MIPS_NEAR.CK', 'S990201A.BSP', 'NULL'})","VICAR programs run: SSIMERGE,CATLABEL,BADLABELS.",REDR,3.849,3.727,3.985,SKEWED,"frozenset({152, 585, 800, 1})",1.0
C0484888726R,63.167463729609,-63.167463729609,-1308450.8436951,1008784.3957619,-1191780.5381865122,927298.3675507044,227.995333574943,37.003257564540206,223.71574580276376,34.01426556339714,FIXED_LENGTH,1000,808,"['C0484888726R.IMG', 1]","['C0484888726R.IMG', 3]","['C0484888726R.IMG', 5]","['C0484888726R.IMG', 9]","['C0484888726R.IMG', 9]",GO-J/JSA-SSI-2-REDR-V1.0,GALILEO ORBITER,SOLID STATE IMAGING SYSTEM,1,04848887.26,1999-02-01 02:00:01.797000+00:00,19E0027,19,19ESRHADAM01,EUROPA,-000T03:01:02Z,-000T00:19:58Z,NOT APPLICABLE,CLEAR,0,12.5,100K,8.667,ON,NORMAL,OFF,NOT INVERTED,N,INTEGER COSINE TRANSFORM,5.387,IM8,NOT POSSIBLE,N/A,WEST,7374.611,667392.4,11.758,260.152,1841.16,15975.645,5.286,30.16,108.242,242.501,-28.529,139.351,UNK,UNK,93.6724,63.4417,6229.16,740542000.0,2.372,146.942,229.443,79.879,47.655,119.378,100.73,35.209,226.221,400.0,400.0,1565.0,1565.0,1565.0,N/A,N/A,N/A,N/A,N/A,N/A,N/A,N/A,N/A,LSB_UNSIGNED_INTEGER,"frozenset({'S991014A.BSP', 'N/A', 'MIPS_NEAR.CK', 'S990201A.BSP', 'NULL'})","VICAR programs run: SSIMERGE,CATLABEL,BADLABELS.",REDR,3.335,2.6,3.549,SKEWED,"frozenset({800, 1})",0.0
C0484888727R,63.167463729609,-63.167463729609,-1308450.8436951,1008784.3957619,-1191780.5381865122,927298.3675507044,227.995333574943,37.003257564540206,223.71574580276376,34.01426556339714,FIXED_LENGTH,1000,810,"['C0484888727R.IMG', 1]","['C0484888727R.IMG', 3]","['C0484888727R.IMG', 5]","['C0484888727R.IMG', 11]","['C0484888727R.IMG', 11]",GO-J/JSA-SSI-2-REDR-V1.0,GALILEO ORBITER,SOLID STATE IMAGING SYSTEM,1,04848887.27,1999-02-01 02:00:01.797000+00:00,19E0027,19,19ESRHADAM01,EUROPA,-000T03:01:02Z,-000T00:19:58Z,NOT APPLICABLE,CLEAR,0,12.5,100K,8.667,ON,NORMAL,OFF,NOT INVERTED,N,INTEGER COSINE TRANSFORM,5.353,IM8,NOT POSSIBLE,N/A,WEST,7374.611,667392.4,11.758,260.152,1841.16,15975.645,5.286,30.16,108.249,242.501,-28.529,139.351,UNK,UNK,93.6724,63.4417,6229.16,740542000.0,2.372,146.942,229.443,79.879,47.655,119.378,100.73,35.209,226.221,400.0,400.0,1565.0,1565.0,1565.0,N/A,N/A,N/A,N/A,N/A,N/A,N/A,N/A,N/A,LSB_UNSIGNED_INTEGER,"frozenset({'S991014A.BSP', 'N/A', 'MIPS_NEAR.CK', 'S990201A.BSP', 'NULL'})","VICAR programs run: SSIMERGE,CATLABEL,BADLABELS.",REDR,3.178,70.019,3.636,SKEWED,"frozenset({592, 177, 800, 1})",1.0
C0484888739R,62.579827513394,-62.579827513394,-1355729.3832502,1031753.6162133,-1241771.5173483095,950149.5211358343,229.7295594251668,37.84579238564827,225.54946675007324,34.85246956943631,FIXED_LENGTH,1000,809,"['C0484888739R.IMG', 1]","['C0484888739R.IMG', 3]","['C0484888739R.IMG', 5]","['C0484888739R.IMG', 10]","['C0484888739R.IMG', 10]",GO-J/JSA-SSI-2-REDR-V1.0,GALILEO ORBITER,SOLID STATE IMAGING SYSTEM,1,04848887.39,1999-02-01 02:00:10.464000+00:00,19E0028,19,19ESRHADAM01,EUROPA,-000T03:00:53Z,-000T00:19:49Z,NOT APPLICABLE,CLEAR,0,12.5,100K,8.667,ON,NORMAL,OFF,NOT INVERTED,N,INTEGER COSINE TRANSFORM,5.13,IM8,NOT POSSIBLE,N/A,WEST,7329.947,667365.4,11.834,260.306,1272.157,15901.129,3.22,30.195,108.262,242.683,-28.441,139.39,UNK,UNK,91.2417,62.7585,6169.76,740542000.0,2.372,146.952,228.753,81.352,46.827,119.249,98.961,36.04,227.979,400.0,400.0,1565.0,1565.0,1565.0,N/A,N/A,N/A,N/A,N/A,N/A,N/A,N/A,N/A,LSB_UNSIGNED_INTEGER,"frozenset({'S991014A.BSP', 'N/A', 'MIPS_NEAR.CK', 'S990201A.BSP', 'NULL'})","VICAR programs run: SSIMERGE,CATLABEL,BADLABELS.",REDR,3.353,2.57,3.89,SKEWED,"frozenset({800, 1})",0.0
C0484888740R,62.579827513394,-62.579827513394,-1355729.3832502,1031753.6162133,-1241771.5173483095,950149.5211358343,229.7295594251668,37.84579238564827,225.54946675007324,34.85246956943631,FIXED_LENGTH,1000,810,"['C0484888740R.IMG', 1]","['C0484888740R.IMG', 3]","['C0484888740R.IMG', 5]","['C0484888740R.IMG', 11]","['C0484888740R.IMG', 11]",GO-J/JSA-SSI-2-REDR-V1.0,GALILEO ORBITER,SOLID STATE IMAGING SYSTEM,1,04848887.40,1999-02-01 02:00:10.464000+00:00,19E0028,19,19ESRHADAM01,EUROPA,-000T03:00:53Z,-000T00:19:49Z,NOT APPLICABLE,CLEAR,0,12.5,100K,8.667,ON,NORMAL,OFF,NOT INVERTED,N,INTEGER COSINE TRANSFORM,4.944,IM8,NOT POSSIBLE,N/A,WEST,7329.947,667365.4,11.834,260.306,1272.157,15901.129,3.22,30.195,108.258,242.683,-28.441,139.39,UNK,UNK,91.2417,62.7585,6169.76,740542000.0,2.372,146.952,228.753,81.352,46.827,119.249,98.961,36.04,227.979,400.0,400.0,1565.0,1565.0,1565.0,N/A,N/A,N/A,N/A,N/A,N/A,N/A,N/A,N/A,LSB_UNSIGNED_INTEGER,"frozenset({'S991014A.BSP', 'N/A', 'MIPS_NEAR.CK', 'S990201A.BSP', 'NULL'})","VICAR programs run: SSIMERGE,CATLABEL,BADLABELS.",REDR,6.655,3.975,4.0,SKEWED,"frozenset({16, 137, 800, 1})",1.0
C0484889100R,105.20695699593,-105.20695699593,-1258064.7917573,-15149.801807414,-1158223.3895681624,-79536.45948892317,226.14712094859033,-0.5557104379158058,222.48483479871464,-2.917479799057968,FIXED_LENGTH,1000,810,"['C0484889100R.IMG', 1]","['C0484889100R.IMG', 3]","['C0484889100R.IMG', 5]","['C0484889100R.IMG', 11]","['C0484889100R.IMG', 11]",GO-J/JSA-SSI-2-REDR-V1.0,GALILEO ORBITER,SOLID STATE IMAGING SYSTEM,1,04848891.00,1999-02-01 02:03:46.393000+00:00,19E0031,19,19ESCOLOR_01,EUROPA,-000T02:57:17Z,-000T00:16:13Z,NOT APPLICABLE,IR-9680,5,395.83,100K,2.333,OFF,NORMAL,OFF,NOT INVERTED,N,INTEGER COSINE TRANSFORM,5.383,AI8,NOT POSSIBLE,N/A,WEST,6237.245,666698.6,14.034,264.826,9163.058,5107.724,61.297,28.003,110.596,228.406,-38.072,135.616,UNK,UNK,126.461,165.336,5188.69,740540000.0,2.372,147.205,201.444,78.087,54.07,126.185,102.007,-1.833,225.198,200.0,200.0,1565.0,1565.0,1565.0,N/A,N/A,N/A,N/A,N/A,N/A,N/A,N/A,N/A,LSB_UNSIGNED_INTEGER,"frozenset({'S991014A.BSP', 'CKE19F.PLT', 'NULL', 'N/A'})","VICAR programs run: SSIMERGE,CATLABEL,BADLABELS.",REDR,3.612,2.981,4.523,SKEWED,"frozenset({400, 1})",0.0
C0484889132R,103.33573631911,-103.33573631911,-1260489.3116205,-15293.688975228,-1160563.6545999206,-78638.49533884243,226.23605485096357,-0.5609883684163389,222.5706781465135,-2.8845415430056773,FIXED_LENGTH,1000,810,"['C0484889132R.IMG', 1]","['C0484889132R.IMG', 3]","['C0484889132R.IMG', 5]","['C0484889132R.IMG', 11]","['C0484889132R.IMG', 11]",GO-J/JSA-SSI-2-REDR-V1.0,GALILEO ORBITER,SOLID STATE IMAGING SYSTEM,1,04848891.32,1999-02-01 02:04:07.576000+00:00,19E0032,19,19ESCOLOR_01,EUROPA,-000T02:56:56Z,-000T00:15:52Z,NOT APPLICABLE,GREEN,1,95.83,400K,2.333,OFF,NORMAL,OFF,NOT INVERTED,N,INTEGER COSINE TRANSFORM,5.252,AI8,NOT POSSIBLE,N/A,WEST,6132.561,666633.7,14.287,265.356,9393.706,5284.58,61.055,27.603,110.27,227.305,-38.148,135.593,UNK,UNK,125.598,165.11,5096.3,740540000.0,2.372,147.23,200.564,78.161,54.842,126.866,101.931,-1.777,225.3,200.0,200.0,1565.0,1565.0,1565.0,N/A,N/A,N/A,N/A,N/A,N/A,N/A,N/A,N/A,LSB_UNSIGNED_INTEGER,"frozenset({'S991014A.BSP', 'CKE19F.PLT', 'NULL', 'N/A'})","VICAR programs run: SSIMERGE,CATLABEL,BADLABELS.",REDR,4.537,3.604,6.247,SKEWED,"frozenset({400, 1})",0.0
C0484889135R,103.16326042014,-103.16326042014,-1260448.7158133,-15061.83602134,-1160483.5164661845,-78300.91465888583,226.2345657546649,-0.5524837616779115,222.56773859667922,-2.8721587336544165,FIXED_LENGTH,1000,810,"['C0484889135R.IMG', 1]","['C0484889135R.IMG', 3]","['C0484889135R.IMG', 5]","['C0484889135R.IMG', 11]","['C0484889135R.IMG', 11]",GO-J/JSA-SSI-2-REDR-V1.0,GALILEO ORBITER,SOLID STATE IMAGING SYSTEM,1,04848891.35,1999-02-01 02:04:09.576000+00:00,19E0033,19,19ESCOLOR_01,EUROPA,-000T02:56:54Z,-000T00:15:50Z,NOT APPLICABLE,RED,2,95.83,400K,2.333,OFF,NORMAL,OFF,NOT INVERTED,N,INTEGER COSINE TRANSFORM,5.447,AI8,NOT POSSIBLE,N/A,WEST,6122.705,666627.6,14.311,265.407,9417.246,5305.389,61.018,27.57,110.237,227.194,-38.154,135.585,UNK,UNK,125.503,165.12,5088.05,740540000.0,2.372,147.233,200.454,78.15,54.938,126.935,101.942,-1.775,225.291,200.0,200.0,1565.0,1565.0,1565.0,N/A,N/A,N/A,N/A,N/A,N/A,N/A,N/A,N/A,LSB_UNSIGNED_INTEGER,"frozenset({'S991014A.BSP', 'CKE19F.PLT', 'NULL', 'N/A'})","VICAR programs run: SSIMERGE,CATLABEL,BADLABELS.",REDR,4.365,3.414,5.725,SKEWED,"frozenset({400, 1})",0.0
C0484889139R,102.97660328272,-102.97660328272,-1256932.4196689,-15549.467095691,-1156427.2548649653,-78777.10151128109,226.1055843663216,-0.5703705750708323,222.41895071553273,-2.8896257611204006,FIXED_LENGTH,1000,810,"['C0484889139R.IMG', 1]","['C0484889139R.IMG', 3]","['C0484889139R.IMG', 5]","['C0484889139R.IMG', 11]","['C0484889139R.IMG', 11]",GO-J/JSA-SSI-2-REDR-V1.0,GALILEO ORBITER,SOLID STATE IMAGING SYSTEM,1,04848891.39,1999-02-01 02:04:12.393000+00:00,19E0034,19,19ESCOLOR_01,EUROPA,-000T02:56:51Z,-000T00:15:47Z,NOT APPLICABLE,VIOLET,3,395.83,400K,2.333,OFF,NORMAL,OFF,NOT INVERTED,N,INTEGER COSINE TRANSFORM,3.952,AI8,NOT POSSIBLE,N/A,WEST,6108.832,666618.9,14.346,265.479,9475.732,5325.661,61.076,27.47,110.176,227.013,-38.176,135.614,UNK,UNK,125.758,165.943,5078.93,740540000.0,2.372,147.236,200.222,78.056,55.205,127.04,102.04,-1.863,225.196,200.0,200.0,1565.0,1565.0,1565.0,N/A,N/A,N/A,N/A,N/A,N/A,N/A,N/A,N/A,LSB_UNSIGNED_INTEGER,"frozenset({'S991014A.BSP', 'CKE19F.PLT', 'NULL', 'N/A'})","VICAR programs run: SSIMERGE,CATLABEL,BADLABELS.",REDR,3.891,3.141,5.227,SKEWED,"frozenset({400, 1})",0.0
C0484889300R,93.060719673964,-93.060719673964,-1261717.2373396,413934.08110979,-1166981.4247115047,362843.74600878375,226.2810964394783,15.18353127030529,222.8060886082798,13.309484807311216,FIXED_LENGTH,1000,810,"['C0484889300R.IMG', 1]","['C0484889300R.IMG', 3]","['C0484889300R.IMG', 5]","['C0484889300R.IMG', 11]","['C0484889300R.IMG', 11]",GO-J/JSA-SSI-2-REDR-V1.0,GALILEO ORBITER,SOLID STATE IMAGING SYSTEM,1,04848893.00,1999-02-01 02:05:47.726000+00:00,19E0052,19,19ESCOLOR_02,EUROPA,-000T02:55:16Z,-000T00:14:12Z,NOT APPLICABLE,IR-9680,5,395.83,100K,2.333,OFF,NORMAL,OFF,NOT INVERTED,N,INTEGER COSINE TRANSFORM,5.381,AI8,NOT POSSIBLE,N/A,WEST,5645.569,666328.5,15.591,268.131,7452.231,9011.403,39.456,25.641,105.043,223.917,-33.617,136.712,UNK,UNK,137.555,124.84,4591.51,740539000.0,2.372,147.348,207.368,77.623,54.525,131.68,102.169,14.082,225.179,200.0,200.0,1565.0,1565.0,1565.0,N/A,N/A,N/A,N/A,N/A,N/A,N/A,N/A,N/A,LSB_UNSIGNED_INTEGER,"frozenset({'S991014A.BSP', 'CKE19F.PLT', 'NULL', 'N/A'})","VICAR programs run: SSIMERGE,CATLABEL,BADLABELS.",REDR,2.977,2.539,3.705,SKEWED,"frozenset({400, 1})",0.0
C0484889332R,91.295598382491,-91.295598382491,-1263804.9684088,413021.28708239,-1168674.9548942444,362991.2991687849,226.3576765796982,15.150049038977011,222.86820905126893,13.31489721020615,FIXED_LENGTH,1000,810,"['C0484889332R.IMG', 1]","['C0484889332R.IMG', 3]","['C0484889332R.IMG', 5]","['C0484889332R.IMG', 11]","['C0484889332R.IMG', 11]",GO-J/JSA-SSI-2-REDR-V1.0,GALILEO ORBITER,SOLID STATE IMAGING SYSTEM,1,04848893.32,1999-02-01 02:06:08.926000+00:00,19E0053,19,19ESCOLOR_02,EUROPA,-000T02:54:55Z,-000T00:13:51Z,NOT APPLICABLE,GREEN,1,129.17,400K,2.333,OFF,NORMAL,OFF,NOT INVERTED,N,INTEGER COSINE TRANSFORM,5.468,AI8,NOT POSSIBLE,N/A,WEST,5544.376,666264.2,15.891,268.782,7673.624,9283.155,39.448,25.169,104.572,222.66,-33.566,136.75,UNK,UNK,136.873,124.081,4503.69,740539000.0,2.372,147.373,206.364,77.72,55.389,132.569,102.069,14.149,225.303,200.0,200.0,1565.0,1565.0,1565.0,N/A,N/A,N/A,N/A,N/A,N/A,N/A,N/A,N/A,LSB_UNSIGNED_INTEGER,"frozenset({'S991014A.BSP', 'CKE19F.PLT', 'NULL', 'N/A'})","VICAR programs run: SSIMERGE,CATLABEL,BADLABELS.",REDR,4.386,3.033,5.788,SKEWED,"frozenset({400, 1})",0.0
C0484889335R,91.132756843104,-91.132756843104,-1263829.0719002,413287.05228348,-1168777.6065128427,363346.301533459,226.35856072075373,15.15979758210371,222.87197441907037,13.327919065016,FIXED_LENGTH,1000,810,"['C0484889335R.IMG', 1]","['C0484889335R.IMG', 3]","['C0484889335R.IMG', 5]","['C0484889335R.IMG', 11]","['C0484889335R.IMG', 11]",GO-J/JSA-SSI-2-REDR-V1.0,GALILEO ORBITER,SOLID STATE IMAGING SYSTEM,1,04848893.35,1999-02-01 02:06:10.909000+00:00,19E0054,19,19ESCOLOR_02,EUROPA,-000T02:54:53Z,-000T00:13:49Z,NOT APPLICABLE,RED,2,95.83,400K,2.333,OFF,NORMAL,OFF,NOT INVERTED,N,INTEGER COSINE TRANSFORM,5.274,AI8,NOT POSSIBLE,N/A,WEST,5534.949,666258.2,15.92,268.844,7696.482,9308.236,39.456,25.114,104.528,222.54,-33.56,136.764,UNK,UNK,137.204,124.34,4495.59,740539000.0,2.372,147.375,206.275,77.727,55.474,132.654,102.062,14.155,225.313,200.0,200.0,1565.0,1565.0,1565.0,N/A,N/A,N/A,N/A,N/A,N/A,N/A,N/A,N/A,LSB_UNSIGNED_INTEGER,"frozenset({'S991014A.BSP', 'CKE19F.PLT', 'NULL', 'N/A'})","VICAR programs run: SSIMERGE,CATLABEL,BADLABELS.",REDR,4.538,3.185,5.727,SKEWED,"frozenset({400, 1})",0.0
C0484889339R,90.900743182968,-90.900743182968,-1264156.6354455,413416.57999614,-1168892.6565897495,363602.9727318735,226.37057609121982,15.164548792901023,222.87619457517755,13.337334030695716,FIXED_LENGTH,1000,810,"['C0484889339R.IMG', 1]","['C0484889339R.IMG', 3]","['C0484889339R.IMG', 5]","['C0484889339R.IMG', 11]","['C0484889339R.IMG', 11]",GO-J/JSA-SSI-2-REDR-V1.0,GALILEO ORBITER,SOLID STATE IMAGING SYSTEM,1,04848893.39,1999-02-01 02:06:13.726000+00:00,19E0055,19,19ESCOLOR_02,EUROPA,-000T02:54:50Z,-000T00:13:46Z,NOT APPLICABLE,VIOLET,3,395.83,400K,2.333,OFF,NORMAL,OFF,NOT INVERTED,N,INTEGER COSINE TRANSFORM,4.356,AI8,NOT POSSIBLE,N/A,WEST,5521.567,666249.6,15.961,268.933,7750.908,9360.267,39.499,25.036,104.433,222.33,-33.551,136.77,UNK,UNK,137.878,124.74,4487.43,740539000.0,2.372,147.378,206.031,77.596,55.772,132.801,102.196,14.107,225.182,200.0,200.0,1565.0,1565.0,1565.0,N/A,N/A,N/A,N/A,N/A,N/A,N/A,N/A,N/A,LSB_UNSIGNED_INTEGER,"frozenset({'S991014A.BSP', 'CKE19F.PLT', 'NULL', 'N/A'})","VICAR programs run: SSIMERGE,CATLABEL,BADLABELS.",REDR,3.281,2.585,4.292,SKEWED,"frozenset({400, 1})",0.0
C0484889500R,86.82772486487,-86.82772486487,-1049313.054992,579054.09712382,-898059.1582773966,535206.0960670606,218.48989080603104,21.24030465746053,212.94174105145072,19.63191451620734,FIXED_LENGTH,1000,810,"['C0484889500R.IMG', 1]","['C0484889500R.IMG', 3]","['C0484889500R.IMG', 5]","['C0484889500R.IMG', 11]","['C0484889500R.IMG', 11]",GO-J/JSA-SSI-2-REDR-V1.0,GALILEO ORBITER,SOLID STATE IMAGING SYSTEM,1,04848895.00,1999-02-01 02:07:49.059000+00:00,19E0073,19,19ESCOLOR_03,EUROPA,-000T02:53:14Z,-000T00:12:10Z,NOT APPLICABLE,IR-9680,5,395.83,100K,2.333,OFF,NORMAL,OFF,NOT INVERTED,N,INTEGER COSINE TRANSFORM,5.609,AI8,NOT POSSIBLE,N/A,WEST,5077.283,665961.9,17.441,272.224,7729.648,12949.431,30.566,22.558,99.37,216.48,-30.207,137.589,UNK,UNK,215.426,145.583,4303.57,740538000.0,2.372,147.49,206.055,69.718,69.089,138.777,110.771,20.33,216.719,200.0,200.0,1565.0,1565.0,1565.0,N/A,N/A,N/A,N/A,N/A,N/A,N/A,N/A,N/A,LSB_UNSIGNED_INTEGER,"frozenset({'S991014A.BSP', 'CKE19F.PLT', 'NULL', 'N/A'})","VICAR programs run: SSIMERGE,CATLABEL,BADLABELS.",REDR,3.255,2.788,3.728,SKEWED,"frozenset({400, 1})",0.0
C0484889532R,85.204567461585,-85.204567461585,-1054917.7497419,578198.19479432,-898737.7775848147,535766.3201984507,218.69547682051785,21.208909272597687,212.96663351125298,19.6524641181984,FIXED_LENGTH,1000,810,"['C0484889532R.IMG', 1]","['C0484889532R.IMG', 3]","['C0484889532R.IMG', 5]","['C0484889532R.IMG', 11]","['C0484889532R.IMG', 11]",GO-J/JSA-SSI-2-REDR-V1.0,GALILEO ORBITER,SOLID STATE IMAGING SYSTEM,1,04848895.32,1999-02-01 02:08:10.242000+00:00,19E0074,19,19ESCOLOR_03,EUROPA,-000T02:52:53Z,-000T00:11:49Z,NOT APPLICABLE,GREEN,1,95.83,400K,2.333,OFF,NORMAL,OFF,NOT INVERTED,N,INTEGER COSINE TRANSFORM,5.486,AI8,NOT POSSIBLE,N/A,WEST,4981.081,665898.3,17.797,273.039,7936.472,13297.866,30.569,22.002,98.743,215.07,-30.013,137.723,UNK,UNK,219.711,147.047,4222.38,740538000.0,2.372,147.515,204.212,69.951,69.944,139.838,110.53,20.417,216.984,200.0,200.0,1565.0,1565.0,1565.0,N/A,N/A,N/A,N/A,N/A,N/A,N/A,N/A,N/A,LSB_UNSIGNED_INTEGER,"frozenset({'S991014A.BSP', 'CKE19F.PLT', 'NULL', 'N/A'})","VICAR programs run: SSIMERGE,CATLABEL,BADLABELS.",REDR,4.129,2.844,4.596,SKEWED,"frozenset({400, 1})",0.0
C0484889535R,84.99608875073,-84.99608875073,-1058711.2814791,577973.40350496,-903338.4312427656,535645.3513070964,218.8346274978485,21.20066369503582,213.13539025747707,19.648026853840538,FIXED_LENGTH,1000,810,"['C0484889535R.IMG', 1]","['C0484889535R.IMG', 3]","['C0484889535R.IMG', 5]","['C0484889535R.IMG', 11]","['C0484889535R.IMG', 11]",GO-J/JSA-SSI-2-REDR-V1.0,GALILEO ORBITER,SOLID STATE IMAGING SYSTEM,1,04848895.35,1999-02-01 02:08:12.242000+00:00,19E0075,19,19ESCOLOR_03,EUROPA,-000T02:52:51Z,-000T00:11:47Z,NOT APPLICABLE,RED,2,95.83,400K,2.333,OFF,NORMAL,OFF,NOT INVERTED,N,INTEGER COSINE TRANSFORM,5.644,AI8,NOT POSSIBLE,N/A,WEST,4972.05,665892.3,17.831,273.118,7957.438,13334.793,30.566,21.968,98.687,214.926,-29.996,137.714,UNK,UNK,220.474,147.428,4215.54,740538000.0,2.372,147.517,203.957,69.945,70.059,139.942,110.535,20.404,216.982,200.0,200.0,1565.0,1565.0,1565.0,N/A,N/A,N/A,N/A,N/A,N/A,N/A,N/A,N/A,LSB_UNSIGNED_INTEGER,"frozenset({'S991014A.BSP', 'CKE19F.PLT', 'NULL', 'N/A'})","VICAR programs run: SSIMERGE,CATLABEL,BADLABELS.",REDR,4.369,3.092,4.866,SKEWED,"frozenset({400, 1})",0.0
C0484889539R,84.77870130592,-84.77870130592,-1059733.766324,578105.96420507,-903740.9559211072,535886.1709547219,218.87213330209232,21.20552615895746,213.15015528002434,19.656860368202103,FIXED_LENGTH,1000,809,"['C0484889539R.IMG', 1]","['C0484889539R.IMG', 3]","['C0484889539R.IMG', 5]","['C0484889539R.IMG', 10]","['C0484889539R.IMG', 10]",GO-J/JSA-SSI-2-REDR-V1.0,GALILEO ORBITER,SOLID STATE IMAGING SYSTEM,1,04848895.39,1999-02-01 02:08:15.059000+00:00,19E0076,19,19ESCOLOR_03,EUROPA,-000T02:52:48Z,-000T00:11:44Z,NOT APPLICABLE,VIOLET,3,395.83,400K,2.333,OFF,NORMAL,OFF,NOT INVERTED,N,INTEGER COSINE TRANSFORM,4.916,AI8,NOT POSSIBLE,N/A,WEST,4959.347,665883.8,17.88,273.229,8006.48,13403.089,30.594,21.901,98.57,214.695,-29.964,137.713,UNK,UNK,223.991,149.402,4211.11,740538000.0,2.372,147.521,203.464,69.737,70.447,140.115,110.752,20.338,216.769,200.0,200.0,1565.0,1565.0,1565.0,N/A,N/A,N/A,N/A,N/A,N/A,N/A,N/A,N/A,LSB_UNSIGNED_INTEGER,"frozenset({'S991014A.BSP', 'CKE19F.PLT', 'NULL', 'N/A'})","VICAR programs run: SSIMERGE,CATLABEL,BADLABELS.",REDR,2.475,2.089,2.713,SKEWED,"frozenset({400, 1})",0.0
C0484889800R,73.451120719461,-73.451120719461,-1307283.046565,83881.179861624,-1091189.8494083458,-4407.0672431681305,227.95249756541534,3.076848647022285,220.02597504392708,-0.16165579581554979,FIXED_LENGTH,1000,810,"['C0484889800R.IMG', 1]","['C0484889800R.IMG', 3]","['C0484889800R.IMG', 5]","['C0484889800R.IMG', 11]","['C0484889800R.IMG', 11]",GO-J/JSA-SSI-2-REDR-V1.0,GALILEO ORBITER,SOLID STATE IMAGING SYSTEM,1,04848898.00,1999-02-01 02:10:50.864000+00:00,19E0093,19,19ESPLUMES01,EUROPA,-000T02:50:13Z,-000T00:09:09Z,NOT APPLICABLE,CLEAR,0,6.25,100K,2.333,OFF,NORMAL,OFF,NOT INVERTED,N,INTEGER COSINE TRANSFORM,5.96,AI8,NOT POSSIBLE,N/A,WEST,4290.302,665419.4,20.853,280.486,15058.272,11589.938,52.527,14.981,98.491,197.54,-34.878,139.223,UNK,UNK,208.271,264.508,3656.53,740537000.0,2.372,147.703,167.66,78.293,76.945,144.451,101.632,2.242,226.071,200.0,200.0,1565.0,1565.0,1565.0,N/A,N/A,N/A,N/A,N/A,N/A,N/A,N/A,N/A,LSB_UNSIGNED_INTEGER,"frozenset({'S991014A.BSP', 'CKE19F.PLT', 'NULL', 'N/A'})","VICAR programs run: SSIMERGE,CATLABEL,BADLABELS.",REDR,3.766,3.084,4.616,SKEWED,"frozenset({400, 1})",0.0
C0484889804R,73.053866395509,-73.053866395509,-1308906.1242083,114913.73184014,-1104136.1367016882,33239.50920996093,228.0120337362112,4.2151548287696095,220.50085828481846,1.2192596612144626,FIXED_LENGTH,1000,810,"['C0484889804R.IMG', 1]","['C0484889804R.IMG', 3]","['C0484889804R.IMG', 5]","['C0484889804R.IMG', 11]","['C0484889804R.IMG', 11]",GO-J/JSA-SSI-2-REDR-V1.0,GALILEO ORBITER,SOLID STATE IMAGING SYSTEM,1,04848898.04,1999-02-01 02:10:53.531000+00:00,19E0094,19,19ESPLUMES01,EUROPA,-000T02:50:10Z,-000T00:09:06Z,NOT APPLICABLE,CLEAR,0,6.25,100K,2.333,OFF,NORMAL,OFF,NOT INVERTED,N,INTEGER COSINE TRANSFORM,5.885,AI8,NOT POSSIBLE,N/A,WEST,4279.518,665411.4,20.909,280.632,14822.929,11894.0,51.351,14.975,98.071,197.583,-34.428,139.325,UNK,UNK,203.529,248.54,3630.9,740537000.0,2.372,147.707,168.437,78.492,76.362,144.859,101.392,3.519,226.315,200.0,200.0,1565.0,1565.0,1565.0,N/A,N/A,N/A,N/A,N/A,N/A,N/A,N/A,N/A,LSB_UNSIGNED_INTEGER,"frozenset({'S991014A.BSP', 'CKE19F.PLT', 'NULL', 'N/A'})","VICAR programs run: SSIMERGE,CATLABEL,BADLABELS.",REDR,3.898,3.303,4.53,SKEWED,"frozenset({400, 1})",0.0
C0484889807R,72.78331932464,-72.78331932464,-1305659.9653647,146076.12188455,-1106160.8870958616,68561.88680380839,227.89296126414504,5.358223605392648,220.57512822857876,2.514921094309804,FIXED_LENGTH,1000,810,"['C0484889807R.IMG', 1]","['C0484889807R.IMG', 3]","['C0484889807R.IMG', 5]","['C0484889807R.IMG', 11]","['C0484889807R.IMG', 11]",GO-J/JSA-SSI-2-REDR-V1.0,GALILEO ORBITER,SOLID STATE IMAGING SYSTEM,1,04848898.07,1999-02-01 02:10:55.531000+00:00,19E0095,19,19ESPLUMES01,EUROPA,-000T02:50:08Z,-000T00:09:04Z,NOT APPLICABLE,CLEAR,0,6.25,100K,2.333,OFF,NORMAL,OFF,NOT INVERTED,N,INTEGER COSINE TRANSFORM,5.772,AI8,NOT POSSIBLE,N/A,WEST,4271.449,665405.6,20.951,280.742,14626.926,12174.43,50.307,14.975,97.689,197.626,-34.027,139.41,UNK,UNK,204.859,241.508,3618.24,740537000.0,2.372,147.709,168.58,78.374,76.194,145.221,101.482,4.508,226.227,200.0,200.0,1565.0,1565.0,1565.0,N/A,N/A,N/A,N/A,N/A,N/A,N/A,N/A,N/A,LSB_UNSIGNED_INTEGER,"frozenset({'S991014A.BSP', 'CKE19F.PLT', 'NULL', 'N/A'})","VICAR programs run: SSIMERGE,CATLABEL,BADLABELS.",REDR,4.133,3.587,5.015,SKEWED,"frozenset({400, 1})",0.0
C0484889811R,72.52923628181,-72.52923628181,-1300449.2065329,176536.16110993,-1101864.1575933043,101033.22614056578,227.70182522757483,6.475529425762182,220.4175197354892,3.7060034881211537,FIXED_LENGTH,1000,810,"['C0484889811R.IMG', 1]","['C0484889811R.IMG', 3]","['C0484889811R.IMG', 5]","['C0484889811R.IMG', 11]","['C0484889811R.IMG', 11]",GO-J/JSA-SSI-2-REDR-V1.0,GALILEO ORBITER,SOLID STATE IMAGING SYSTEM,1,04848898.11,1999-02-01 02:10:58.197000+00:00,19E0096,19,19ESPLUMES01,EUROPA,-000T02:50:05Z,-000T00:09:01Z,NOT APPLICABLE,CLEAR,0,6.25,100K,2.333,OFF,NORMAL,OFF,NOT INVERTED,N,INTEGER COSINE TRANSFORM,5.76,AI8,NOT POSSIBLE,N/A,WEST,4260.715,665397.6,21.007,280.889,14360.787,12559.858,48.885,14.985,97.18,197.685,-33.483,139.511,UNK,UNK,208.142,234.957,3604.96,740537000.0,2.372,147.712,168.578,78.109,76.119,145.71,101.717,5.793,225.994,200.0,200.0,1565.0,1565.0,1565.0,N/A,N/A,N/A,N/A,N/A,N/A,N/A,N/A,N/A,LSB_UNSIGNED_INTEGER,"frozenset({'S991014A.BSP', 'CKE19F.PLT', 'NULL', 'N/A'})","VICAR programs run: SSIMERGE,CATLABEL,BADLABELS.",REDR,3.99,3.589,5.126,SKEWED,"frozenset({400, 1})",0.0
C0484889814R,72.34353926677,-72.34353926677,-1294081.230404,206034.39983176,-1095570.558655983,132316.3333189214,227.4682412607208,7.557555406447354,220.18666400113804,4.853500294379276,FIXED_LENGTH,1000,810,"['C0484889814R.IMG', 1]","['C0484889814R.IMG', 3]","['C0484889814R.IMG', 5]","['C0484889814R.IMG', 11]","['C0484889814R.IMG', 11]",GO-J/JSA-SSI-2-REDR-V1.0,GALILEO ORBITER,SOLID STATE IMAGING SYSTEM,1,04848898.14,1999-02-01 02:11:00.197000+00:00,19E0097,19,19ESPLUMES01,EUROPA,-000T02:50:03Z,-000T00:08:59Z,NOT APPLICABLE,CLEAR,0,6.25,100K,2.333,OFF,NORMAL,OFF,NOT INVERTED,N,INTEGER COSINE TRANSFORM,5.876,AI8,NOT POSSIBLE,N/A,WEST,4252.68,665391.8,21.05,281.0,14122.291,12952.5,47.511,14.925,96.938,197.77,-32.919,139.69,UNK,UNK,219.923,237.872,3607.72,740537000.0,2.372,147.714,167.733,77.351,76.591,146.207,101.28,6.916,225.255,200.0,200.0,1565.0,1565.0,1565.0,N/A,N/A,N/A,N/A,N/A,N/A,N/A,N/A,N/A,LSB_UNSIGNED_INTEGER,"frozenset({'S991014A.BSP', 'CKE19AHC.PLT', 'NULL', 'N/A'})","VICAR programs run: SSIMERGE,CATLABEL,BADLABELS.",REDR,3.844,3.254,4.059,SKEWED,"frozenset({400, 1})",0.0
C0484889818R,72.142884818794,-72.142884818794,-1287317.6367066,234969.37585481,-1086760.4169103527,161960.77641819048,227.22014563126987,8.618920327339158,219.8634988673758,5.940889203216559,FIXED_LENGTH,1000,810,"['C0484889818R.IMG', 1]","['C0484889818R.IMG', 3]","['C0484889818R.IMG', 5]","['C0484889818R.IMG', 11]","['C0484889818R.IMG', 11]",GO-J/JSA-SSI-2-REDR-V1.0,GALILEO ORBITER,SOLID STATE IMAGING SYSTEM,1,04848898.18,1999-02-01 02:11:02.864000+00:00,19E0098,19,19ESPLUMES01,EUROPA,-000T02:50:01Z,-000T00:08:57Z,NOT APPLICABLE,CLEAR,0,6.25,100K,2.333,OFF,NORMAL,OFF,NOT INVERTED,N,INTEGER COSINE TRANSFORM,5.948,AI8,NOT POSSIBLE,N/A,WEST,4241.988,665383.9,21.106,281.149,13898.919,13224.381,46.446,14.996,96.297,197.788,-32.544,139.687,UNK,UNK,217.566,227.382,3587.75,740536000.0,2.372,147.717,168.351,77.507,76.237,146.549,102.288,7.936,225.43,200.0,200.0,1565.0,1565.0,1565.0,N/A,N/A,N/A,N/A,N/A,N/A,N/A,N/A,N/A,LSB_UNSIGNED_INTEGER,"frozenset({'S991014A.BSP', 'CKE19F.PLT', 'NULL', 'N/A'})","VICAR programs run: SSIMERGE,CATLABEL,BADLABELS.",REDR,3.653,3.219,4.062,SKEWED,"frozenset({400, 1})",0.0
C0484889821R,72.0386952433,-72.0386952433,-1277678.2988352,263301.43111426,-1072368.017391795,190326.2328327971,226.86656472388714,9.658169489501711,219.3355707307052,6.98136355438125,FIXED_LENGTH,1000,810,"['C0484889821R.IMG', 1]","['C0484889821R.IMG', 3]","['C0484889821R.IMG', 5]","['C0484889821R.IMG', 11]","['C0484889821R.IMG', 11]",GO-J/JSA-SSI-2-REDR-V1.0,GALILEO ORBITER,SOLID STATE IMAGING SYSTEM,1,04848898.21,1999-02-01 02:11:04.864000+00:00,19E0099,19,19ESPLUMES01,EUROPA,-000T02:49:59Z,-000T00:08:55Z,NOT APPLICABLE,CLEAR,0,6.25,100K,2.333,OFF,NORMAL,OFF,NOT INVERTED,N,INTEGER COSINE TRANSFORM,5.925,AI8,NOT POSSIBLE,N/A,WEST,4233.988,665377.9,21.149,281.261,13689.431,13502.171,45.401,15.013,95.924,197.848,-32.147,139.75,UNK,UNK,220.74,223.544,3579.64,740536000.0,2.372,147.72,168.402,77.299,76.256,146.896,102.489,8.866,225.231,200.0,200.0,1565.0,1565.0,1565.0,N/A,N/A,N/A,N/A,N/A,N/A,N/A,N/A,N/A,LSB_UNSIGNED_INTEGER,"frozenset({'S991014A.BSP', 'CKE19F.PLT', 'NULL', 'N/A'})","VICAR programs run: SSIMERGE,CATLABEL,BADLABELS.",REDR,3.84,3.415,4.282,SKEWED,"frozenset({400, 1})",0.0
C0484889825R,71.969515080859,-71.969515080859,-1265152.1056064,290396.99335127,-1048523.8652130144,215044.91106161062,226.40709096884515,10.65206280558028,218.46094250668997,7.888070300637926,FIXED_LENGTH,1000,810,"['C0484889825R.IMG', 1]","['C0484889825R.IMG', 3]","['C0484889825R.IMG', 5]","['C0484889825R.IMG', 11]","['C0484889825R.IMG', 11]",GO-J/JSA-SSI-2-REDR-V1.0,GALILEO ORBITER,SOLID STATE IMAGING SYSTEM,1,04848898.25,1999-02-01 02:11:07.531000+00:00,19E0100,19,19ESPLUMES01,EUROPA,-000T02:49:56Z,-000T00:08:52Z,NOT APPLICABLE,CLEAR,0,6.25,100K,2.333,OFF,NORMAL,OFF,NOT INVERTED,N,INTEGER COSINE TRANSFORM,5.917,AI8,NOT POSSIBLE,N/A,WEST,4223.344,665370.1,21.205,281.411,13425.229,13887.409,44.016,15.035,95.408,197.902,-31.614,139.828,UNK,UNK,231.266,224.139,3576.89,740536000.0,2.372,147.723,167.87,76.761,76.616,147.37,103.029,9.992,224.694,200.0,200.0,1565.0,1565.0,1565.0,N/A,N/A,N/A,N/A,N/A,N/A,N/A,N/A,N/A,LSB_UNSIGNED_INTEGER,"frozenset({'S991014A.BSP', 'CKE19F.PLT', 'NULL', 'N/A'})","VICAR programs run: SSIMERGE,CATLABEL,BADLABELS.",REDR,3.875,3.408,4.397,SKEWED,"frozenset({400, 1})",0.0
C0484889828R,71.985562438375,-71.985562438375,-1250245.2484297,316736.47472885,-1017443.9395039952,237336.3993593224,225.86029199187385,11.618222291815085,217.32089860738975,8.70574520366235,FIXED_LENGTH,1000,810,"['C0484889828R.IMG', 1]","['C0484889828R.IMG', 3]","['C0484889828R.IMG', 5]","['C0484889828R.IMG', 11]","['C0484889828R.IMG', 11]",GO-J/JSA-SSI-2-REDR-V1.0,GALILEO ORBITER,SOLID STATE IMAGING SYSTEM,1,04848898.28,1999-02-01 02:11:09.531000+00:00,19E0101,19,19ESPLUMES01,EUROPA,-000T02:49:54Z,-000T00:08:50Z,NOT APPLICABLE,CLEAR,0,6.25,100K,2.333,OFF,NORMAL,OFF,NOT INVERTED,N,INTEGER COSINE TRANSFORM,5.995,AI8,NOT POSSIBLE,N/A,WEST,4215.38,665364.1,21.248,281.524,13227.31,14183.505,42.972,15.05,95.024,197.94,-31.208,139.885,UNK,UNK,241.931,227.242,3578.38,740536000.0,2.372,147.725,167.211,76.243,77.031,147.731,103.557,10.806,224.169,200.0,200.0,1565.0,1565.0,1565.0,N/A,N/A,N/A,N/A,N/A,N/A,N/A,N/A,N/A,LSB_UNSIGNED_INTEGER,"frozenset({'S991014A.BSP', 'CKE19F.PLT', 'NULL', 'N/A'})","VICAR programs run: SSIMERGE,CATLABEL,BADLABELS.",REDR,4.015,3.251,4.399,SKEWED,"frozenset({400, 1})",0.0
C0484889832R,72.100857566778,-72.100857566778,-1229391.7223711,340532.35028789,-950145.1010149687,246368.63030567794,225.09536303468826,12.491079679364061,214.8523074348201,9.037056799573762,FIXED_LENGTH,1000,810,"['C0484889832R.IMG', 1]","['C0484889832R.IMG', 3]","['C0484889832R.IMG', 5]","['C0484889832R.IMG', 11]","['C0484889832R.IMG', 11]",GO-J/JSA-SSI-2-REDR-V1.0,GALILEO ORBITER,SOLID STATE IMAGING SYSTEM,1,04848898.32,1999-02-01 02:11:12.197000+00:00,19E0102,19,19ESPLUMES01,EUROPA,-000T02:49:51Z,-000T00:08:47Z,NOT APPLICABLE,CLEAR,0,6.25,100K,2.333,OFF,NORMAL,OFF,NOT INVERTED,N,INTEGER COSINE TRANSFORM,5.985,AI8,NOT POSSIBLE,N/A,WEST,4204.787,665356.3,21.305,281.676,12968.555,14566.786,41.629,15.05,94.534,197.993,-30.675,139.979,UNK,UNK,258.927,232.548,3582.13,740536000.0,2.372,147.728,166.231,75.512,77.652,148.201,104.309,11.863,223.419,200.0,200.0,1565.0,1565.0,1565.0,N/A,N/A,N/A,N/A,N/A,N/A,N/A,N/A,N/A,LSB_UNSIGNED_INTEGER,"frozenset({'S991014A.BSP', 'CKE19F.PLT', 'NULL', 'N/A'})","VICAR programs run: SSIMERGE,CATLABEL,BADLABELS.",REDR,3.738,3.105,4.188,SKEWED,"frozenset({400, 1})",0.0
C0484889835R,72.230331519153,-72.230331519153,-1209424.6709567,365268.78649236,-875937.2303327707,253167.31197463453,224.36295088656672,13.398437806579643,212.13028579798106,9.286439492201273,FIXED_LENGTH,1000,810,"['C0484889835R.IMG', 1]","['C0484889835R.IMG', 3]","['C0484889835R.IMG', 5]","['C0484889835R.IMG', 11]","['C0484889835R.IMG', 11]",GO-J/JSA-SSI-2-REDR-V1.0,GALILEO ORBITER,SOLID STATE IMAGING SYSTEM,1,04848898.35,1999-02-01 02:11:14.197000+00:00,19E0103,19,19ESPLUMES01,EUROPA,-000T02:49:49Z,-000T00:08:45Z,NOT APPLICABLE,CLEAR,0,6.25,100K,2.333,OFF,NORMAL,OFF,NOT INVERTED,N,INTEGER COSINE TRANSFORM,5.869,AI8,NOT POSSIBLE,N/A,WEST,4196.851,665350.4,21.347,281.79,12819.998,15064.999,40.144,14.966,94.169,197.939,-30.058,140.142,UNK,UNK,242.483,208.813,3549.28,740536000.0,2.372,147.731,168.337,76.163,76.648,148.518,104.95,13.397,224.068,400.4,400.4,1565.0,1565.0,1565.0,N/A,N/A,N/A,N/A,N/A,N/A,N/A,N/A,N/A,LSB_UNSIGNED_INTEGER,"frozenset({'S991014A.BSP', 'N/A', 'MIPS_NAV.CK', 'S990426A.BSP', 'NULL'})","VICAR programs run: SSIMERGE,CATLABEL,BADLABELS.",REDR,4.127,3.447,4.876,SKEWED,"frozenset({400, 1})",0.0
C0484889836R,72.230331519153,-72.230331519153,-1209424.6709567,365268.78649236,-875937.2303327707,253167.31197463453,224.36295088656672,13.398437806579643,212.13028579798106,9.286439492201273,FIXED_LENGTH,1000,810,"['C0484889836R.IMG', 1]","['C0484889836R.IMG', 3]","['C0484889836R.IMG', 5]","['C0484889836R.IMG', 11]","['C0484889836R.IMG', 11]",GO-J/JSA-SSI-2-REDR-V1.0,GALILEO ORBITER,SOLID STATE IMAGING SYSTEM,1,04848898.36,1999-02-01 02:11:14.197000+00:00,19E0103,19,19ESPLUMES01,EUROPA,-000T02:49:49Z,-000T00:08:45Z,NOT APPLICABLE,CLEAR,0,6.25,100K,2.333,OFF,NORMAL,OFF,NOT INVERTED,N,HUFFMAN,5.53,AI8,NOT POSSIBLE,N/A,WEST,4196.851,665350.4,21.347,281.79,12819.998,15064.999,40.144,14.966,94.172,197.939,-30.058,140.142,UNK,UNK,242.483,208.813,3549.28,740536000.0,2.372,147.731,168.337,76.163,76.648,148.518,104.95,13.397,224.068,400.4,400.4,1565.0,1565.0,1565.0,N/A,N/A,N/A,N/A,N/A,N/A,N/A,N/A,N/A,LSB_UNSIGNED_INTEGER,"frozenset({'S991014A.BSP', 'N/A', 'MIPS_NAV.CK', 'S990426A.BSP', 'NULL'})","VICAR programs run: SSIMERGE,CATLABEL,BADLABELS.",REDR,1.675,1.335,1.416,UNIFORM,"frozenset({208, 193, 113, 184})",1.0
C0484889839R,72.390314734615,-72.390314734615,-1186477.2585003,389459.89327223,-866367.2867438325,281453.5436881844,223.52121600532624,14.285792685092359,211.77925034482843,10.324007799189436,FIXED_LENGTH,1000,811,"['C0484889839R.IMG', 1]","['C0484889839R.IMG', 3]","['C0484889839R.IMG', 5]","['C0484889839R.IMG', 12]","['C0484889839R.IMG', 12]",GO-J/JSA-SSI-2-REDR-V1.0,GALILEO ORBITER,SOLID STATE IMAGING SYSTEM,1,04848898.39,1999-02-01 02:11:16.864000+00:00,19E0104,19,19ESPLUMES01,EUROPA,-000T02:49:47Z,-000T00:08:43Z,NOT APPLICABLE,CLEAR,0,6.25,100K,2.333,OFF,NORMAL,OFF,NOT INVERTED,N,INTEGER COSINE TRANSFORM,5.928,AI8,NOT POSSIBLE,N/A,WEST,4186.311,665342.5,21.405,281.943,12513.207,15240.015,39.307,15.045,93.676,198.091,-29.741,140.144,UNK,UNK,303.203,251.828,3598.7,740536000.0,2.372,147.734,163.599,73.923,79.134,149.019,105.971,13.623,221.763,200.0,200.0,1565.0,1565.0,1565.0,N/A,N/A,N/A,N/A,N/A,N/A,N/A,N/A,N/A,LSB_UNSIGNED_INTEGER,"frozenset({'S991014A.BSP', 'CKE19F.PLT', 'NULL', 'N/A'})","VICAR programs run: SSIMERGE,CATLABEL,BADLABELS.",REDR,3.717,2.967,4.837,SKEWED,"frozenset({400, 1})",0.0
C0484889842R,72.691075370678,-72.691075370678,-1158259.5949564,412376.47057786,-857318.5429217932,308937.0703253852,222.48616284989367,15.126396501032104,211.44733303951605,11.332132051716313,FIXED_LENGTH,1000,812,"['C0484889842R.IMG', 1]","['C0484889842R.IMG', 3]","['C0484889842R.IMG', 5]","['C0484889842R.IMG', 13]","['C0484889842R.IMG', 13]",GO-J/JSA-SSI-2-REDR-V1.0,GALILEO ORBITER,SOLID STATE IMAGING SYSTEM,1,04848898.42,1999-02-01 02:11:18.864000+00:00,19E0105,19,19ESPLUMES01,EUROPA,-000T02:49:45Z,-000T00:08:41Z,NOT APPLICABLE,CLEAR,0,6.25,400K,2.333,OFF,NORMAL,OFF,NOT INVERTED,N,INTEGER COSINE TRANSFORM,3.701,AI8,NOT POSSIBLE,N/A,WEST,4178.419,665336.6,21.449,282.059,12318.506,15537.113,38.314,15.044,93.281,198.129,-29.335,140.21,UNK,UNK,336.38,269.56,3613.28,740536000.0,2.372,147.736,161.627,72.991,80.06,149.374,106.953,14.31,220.783,200.0,200.0,1565.0,1565.0,1565.0,N/A,N/A,N/A,N/A,N/A,N/A,N/A,N/A,N/A,LSB_UNSIGNED_INTEGER,"frozenset({'S991014A.BSP', 'CKE19F.PLT', 'NULL', 'N/A'})","VICAR programs run: SSIMERGE,CATLABEL,BADLABELS.",REDR,5.136,3.994,6.863,SKEWED,"frozenset({400, 1})",0.0
C0484889846R,73.052220264088,-73.052220264088,-1125588.6098291,434076.29280921,-850400.8960942805,336478.52653638844,221.28775724148846,15.922368479291077,211.19358658152723,12.342381221072811,FIXED_LENGTH,1000,815,"['C0484889846R.IMG', 1]","['C0484889846R.IMG', 3]","['C0484889846R.IMG', 5]","['C0484889846R.IMG', 16]","['C0484889846R.IMG', 16]",GO-J/JSA-SSI-2-REDR-V1.0,GALILEO ORBITER,SOLID STATE IMAGING SYSTEM,1,04848898.46,1999-02-01 02:11:21.531000+00:00,19E0106,19,19ESPLUMES01,EUROPA,-000T02:49:42Z,-000T00:08:38Z,NOT APPLICABLE,CLEAR,0,6.25,400K,2.333,OFF,NORMAL,OFF,NOT INVERTED,N,INTEGER COSINE TRANSFORM,3.6,AI8,NOT POSSIBLE,N/A,WEST,4167.919,665328.7,21.506,282.213,12051.759,15939.538,36.652,15.06,92.743,198.183,-28.791,140.281,UNK,UNK,262.464,202.515,3531.81,740536000.0,2.372,147.739,169.001,75.399,77.21,149.576,104.525,16.366,223.215,400.4,400.4,1565.0,1565.0,1565.0,N/A,N/A,N/A,N/A,N/A,N/A,N/A,N/A,N/A,LSB_UNSIGNED_INTEGER,"frozenset({'S991014A.BSP', 'CKE19F.PLT', 'NULL', 'N/A'})","VICAR programs run: SSIMERGE,CATLABEL,BADLABELS.",REDR,4.157,2.734,6.381,SKEWED,"frozenset({400, 1})",0.0
C0484889849R,73.488345072628,-73.488345072628,-1090860.9942581,455260.29772493,-844087.1315042151,364061.26148979866,220.0139122960524,16.699419743602945,210.96199115012524,13.354144537499431,FIXED_LENGTH,1000,819,"['C0484889849R.IMG', 1]","['C0484889849R.IMG', 3]","['C0484889849R.IMG', 5]","['C0484889849R.IMG', 20]","['C0484889849R.IMG', 20]",GO-J/JSA-SSI-2-REDR-V1.0,GALILEO ORBITER,SOLID STATE IMAGING SYSTEM,1,04848898.49,1999-02-01 02:11:23.531000+00:00,19E0107,19,19ESPLUMES01,EUROPA,-000T02:49:40Z,-000T00:08:36Z,NOT APPLICABLE,CLEAR,0,6.25,400K,2.333,OFF,NORMAL,OFF,NOT INVERTED,N,INTEGER COSINE TRANSFORM,3.401,AI8,NOT POSSIBLE,N/A,WEST,4160.065,665322.8,21.55,282.33,11846.196,16247.47,35.582,15.099,92.366,198.22,-28.385,140.305,UNK,UNK,287.968,213.857,3547.12,740536000.0,2.372,147.742,167.35,74.467,78.185,149.927,105.524,17.05,222.217,400.4,400.4,1565.0,1565.0,1565.0,N/A,N/A,N/A,N/A,N/A,N/A,N/A,N/A,N/A,LSB_UNSIGNED_INTEGER,"frozenset({'S991014A.BSP', 'CKE19F.PLT', 'NULL', 'N/A'})","VICAR programs run: SSIMERGE,CATLABEL,BADLABELS.",REDR,4.846,2.84,7.945,SKEWED,"frozenset({400, 1})",0.0
C0484889881R,75.643467670766,-75.643467670766,-941912.45943638,399246.2223663,-897585.387381311,384117.5288321468,214.55032560594873,14.644765382926096,212.9243626437671,14.089829218358979,FIXED_LENGTH,1000,810,"['C0484889881R.IMG', 1]","['C0484889881R.IMG', 3]","['C0484889881R.IMG', 5]","['C0484889881R.IMG', 11]","['C0484889881R.IMG', 11]",GO-J/JSA-SSI-2-REDR-V1.0,GALILEO ORBITER,SOLID STATE IMAGING SYSTEM,1,04848898.81,1999-02-01 02:11:44.871000+00:00,19E0108,19,19ESPLUMES01,EUROPA,-000T02:49:19Z,-000T00:08:15Z,NOT APPLICABLE,CLEAR,0,20.83,100K,2.333,OFF,NORMAL,OFF,NOT INVERTED,N,INTEGER COSINE TRANSFORM,3.979,AI8,NOT POSSIBLE,N/A,WEST,4077.269,665259.9,22.017,283.606,12251.785,17044.635,34.764,14.164,91.063,196.127,-27.52,140.902,UNK,UNK,708.947,508.044,3634.24,740536000.0,2.372,147.767,143.832,69.521,85.141,151.479,110.639,16.079,217.127,400.4,400.4,1565.0,1565.0,1565.0,N/A,N/A,N/A,N/A,N/A,N/A,N/A,N/A,N/A,LSB_UNSIGNED_INTEGER,"frozenset({'S991014A.BSP', 'CKE19F.PLT', 'NULL', 'N/A'})","VICAR programs run: SSIMERGE,CATLABEL,BADLABELS.",REDR,1.879,1.665,1.957,SKEWED,"frozenset({400, 1})",0.0
C0484889884R,73.967102655592,-73.967102655592,-1027698.9242968,397721.11097912,-908759.8232266081,354820.1914388767,217.69706208216476,14.58882271597811,213.33425253645288,13.015172506703932,FIXED_LENGTH,1000,810,"['C0484889884R.IMG', 1]","['C0484889884R.IMG', 3]","['C0484889884R.IMG', 5]","['C0484889884R.IMG', 11]","['C0484889884R.IMG', 11]",GO-J/JSA-SSI-2-REDR-V1.0,GALILEO ORBITER,SOLID STATE IMAGING SYSTEM,1,04848898.84,1999-02-01 02:11:46.871000+00:00,19E0109,19,19ESPLUMES01,EUROPA,-000T02:49:17Z,-000T00:08:13Z,NOT APPLICABLE,CLEAR,0,20.83,100K,2.333,OFF,NORMAL,OFF,NOT INVERTED,N,INTEGER COSINE TRANSFORM,3.972,AI8,NOT POSSIBLE,N/A,WEST,4069.607,665253.9,22.061,283.728,12527.231,16807.885,36.027,13.992,91.276,195.703,-27.85,140.941,UNK,UNK,506.623,377.862,3579.65,740536000.0,2.372,147.769,150.033,71.56,83.359,151.316,108.492,15.672,219.277,400.4,400.4,1565.0,1565.0,1565.0,N/A,N/A,N/A,N/A,N/A,N/A,N/A,N/A,N/A,LSB_UNSIGNED_INTEGER,"frozenset({'S991014A.BSP', 'CKE19F.PLT', 'NULL', 'N/A'})","VICAR programs run: SSIMERGE,CATLABEL,BADLABELS.",REDR,1.822,1.614,1.917,SKEWED,"frozenset({400, 1})",0.0
C0484889888R,72.772921809848,-72.772921809848,-1091375.5083823,380675.15398731,-924652.7445159382,315834.48065473547,220.03278520758667,13.963559339926746,213.91722136744664,11.585136213970927,FIXED_LENGTH,1000,811,"['C0484889888R.IMG', 1]","['C0484889888R.IMG', 3]","['C0484889888R.IMG', 5]","['C0484889888R.IMG', 12]","['C0484889888R.IMG', 12]",GO-J/JSA-SSI-2-REDR-V1.0,GALILEO ORBITER,SOLID STATE IMAGING SYSTEM,1,04848898.88,1999-02-01 02:11:49.538000+00:00,19E0110,19,19ESPLUMES01,EUROPA,-000T02:49:14Z,-000T00:08:10Z,NOT APPLICABLE,CLEAR,0,20.83,100K,2.333,OFF,NORMAL,OFF,NOT INVERTED,N,INTEGER COSINE TRANSFORM,3.99,AI8,NOT POSSIBLE,N/A,WEST,4059.416,665246.1,22.12,283.893,12887.111,16503.422,37.493,13.748,91.542,195.148,-28.268,141.012,UNK,UNK,398.423,312.468,3528.38,740536000.0,2.372,147.772,154.594,73.512,81.786,151.1,106.437,14.971,221.335,400.4,400.4,1565.0,1565.0,1565.0,N/A,N/A,N/A,N/A,N/A,N/A,N/A,N/A,N/A,LSB_UNSIGNED_INTEGER,"frozenset({'S991014A.BSP', 'CKE19F.PLT', 'NULL', 'N/A'})","VICAR programs run: SSIMERGE,CATLABEL,BADLABELS.",REDR,1.864,1.543,1.999,SKEWED,"frozenset({400, 1})",0.0
C0484889900R,72.128707522718,-72.128707522718,-1126866.7976274,364754.87394238,-935942.1088147653,288947.6023360034,221.33464249518096,13.379586961411487,214.33132695496806,10.598897640382484,FIXED_LENGTH,1000,815,"['C0484889900R.IMG', 1]","['C0484889900R.IMG', 3]","['C0484889900R.IMG', 5]","['C0484889900R.IMG', 16]","['C0484889900R.IMG', 16]",GO-J/JSA-SSI-2-REDR-V1.0,GALILEO ORBITER,SOLID STATE IMAGING SYSTEM,1,04848899.00,1999-02-01 02:11:51.538000+00:00,19E0111,19,19ESPLUMES01,EUROPA,-000T02:49:12Z,-000T00:08:08Z,NOT APPLICABLE,CLEAR,0,20.83,100K,2.333,OFF,NORMAL,OFF,NOT INVERTED,N,INTEGER COSINE TRANSFORM,4.179,AI8,NOT POSSIBLE,N/A,WEST,4051.794,665240.3,22.165,284.016,13162.853,16297.858,38.517,13.57,91.739,194.713,-28.565,141.058,UNK,UNK,365.978,297.1,3505.67,740536000.0,2.372,147.775,155.907,74.422,81.215,150.95,105.475,14.301,222.3,400.4,400.4,1565.0,1565.0,1565.0,N/A,N/A,N/A,N/A,N/A,N/A,N/A,N/A,N/A,LSB_UNSIGNED_INTEGER,"frozenset({'S991014A.BSP', 'CKE19F.PLT', 'NULL', 'N/A'})","VICAR programs run: SSIMERGE,CATLABEL,BADLABELS.",REDR,1.706,1.444,1.918,SKEWED,"frozenset({400, 1})",0.0
C0484889904R,71.438933797478,-71.438933797478,-1166097.7163762,341478.10355194,-954567.0334018677,253536.77604724458,222.7736732702942,12.52577088966546,215.01450849952016,9.299991817452405,FIXED_LENGTH,1000,816,"['C0484889904R.IMG', 1]","['C0484889904R.IMG', 3]","['C0484889904R.IMG', 5]","['C0484889904R.IMG', 17]","['C0484889904R.IMG', 17]",GO-J/JSA-SSI-2-REDR-V1.0,GALILEO ORBITER,SOLID STATE IMAGING SYSTEM,1,04848899.04,1999-02-01 02:11:54.205000+00:00,19E0112,19,19ESPLUMES01,EUROPA,-000T02:49:09Z,-000T00:08:05Z,NOT APPLICABLE,CLEAR,0,20.83,100K,2.333,OFF,NORMAL,OFF,NOT INVERTED,N,INTEGER COSINE TRANSFORM,4.411,AI8,NOT POSSIBLE,N/A,WEST,4041.657,665232.4,22.224,284.182,13532.609,15993.223,39.933,13.309,92.027,194.141,-28.983,141.139,UNK,UNK,323.906,275.254,3472.31,740536000.0,2.372,147.778,157.965,75.771,80.323,150.713,104.066,13.432,223.712,400.4,400.4,1565.0,1565.0,1565.0,N/A,N/A,N/A,N/A,N/A,N/A,N/A,N/A,N/A,LSB_UNSIGNED_INTEGER,"frozenset({'S991014A.BSP', 'CKE19F.PLT', 'NULL', 'N/A'})","VICAR programs run: SSIMERGE,CATLABEL,BADLABELS.",REDR,1.643,1.334,1.868,SKEWED,"frozenset({400, 1})",0.0
C0484889907R,70.996188235805,-70.996188235805,-1192026.0004792,323245.64503762,-967607.0494658203,227471.78710751905,223.7247496141598,11.856985407579735,215.49282980889743,8.343900998437396,FIXED_LENGTH,1000,825,"['C0484889907R.IMG', 1]","['C0484889907R.IMG', 3]","['C0484889907R.IMG', 5]","['C0484889907R.IMG', 26]","['C0484889907R.IMG', 26]",GO-J/JSA-SSI-2-REDR-V1.0,GALILEO ORBITER,SOLID STATE IMAGING SYSTEM,1,04848899.07,1999-02-01 02:11:56.205000+00:00,19E0113,19,19ESPLUMES01,EUROPA,-000T02:49:07Z,-000T00:08:03Z,NOT APPLICABLE,CLEAR,0,20.83,100K,2.333,OFF,NORMAL,OFF,NOT INVERTED,N,INTEGER COSINE TRANSFORM,4.655,AI8,NOT POSSIBLE,N/A,WEST,4034.075,665226.5,22.269,284.307,13802.391,15772.585,40.954,13.115,92.226,193.717,-29.286,141.199,UNK,UNK,301.831,265.468,3451.49,740536000.0,2.372,147.78,159.045,76.638,79.817,150.535,103.167,12.773,224.614,400.4,400.4,1565.0,1565.0,1565.0,N/A,N/A,N/A,N/A,N/A,N/A,N/A,N/A,N/A,LSB_UNSIGNED_INTEGER,"frozenset({'S991014A.BSP', 'CKE19F.PLT', 'NULL', 'N/A'})","VICAR programs run: SSIMERGE,CATLABEL,BADLABELS.",REDR,1.56,1.272,1.885,SKEWED,"frozenset({400, 1})",0.0
C0484889911R,70.544398093649,-70.544398093649,-1219994.8206316,297274.09356664,-984305.9866007187,194984.71633084895,224.7506749359863,10.904321971796165,216.1053641368001,7.152241559099375,FIXED_LENGTH,1000,828,"['C0484889911R.IMG', 1]","['C0484889911R.IMG', 3]","['C0484889911R.IMG', 5]","['C0484889911R.IMG', 29]","['C0484889911R.IMG', 29]",GO-J/JSA-SSI-2-REDR-V1.0,GALILEO ORBITER,SOLID STATE IMAGING SYSTEM,1,04848899.11,1999-02-01 02:11:58.871000+00:00,19E0114,19,19ESPLUMES01,EUROPA,-000T02:49:05Z,-000T00:08:01Z,NOT APPLICABLE,CLEAR,0,20.83,100K,2.333,OFF,NORMAL,OFF,NOT INVERTED,N,INTEGER COSINE TRANSFORM,4.832,AI8,NOT POSSIBLE,N/A,WEST,4023.997,665218.6,22.329,284.475,14174.852,15479.018,42.33,12.848,92.473,193.133,-29.692,141.283,UNK,UNK,283.798,260.766,3430.54,740536000.0,2.372,147.783,159.835,77.577,79.413,150.286,102.198,11.808,225.585,400.4,400.4,1565.0,1565.0,1565.0,N/A,N/A,N/A,N/A,N/A,N/A,N/A,N/A,N/A,LSB_UNSIGNED_INTEGER,"frozenset({'S991014A.BSP', 'CKE19F.PLT', 'NULL', 'N/A'})","VICAR programs run: SSIMERGE,CATLABEL,BADLABELS.",REDR,1.547,1.15,1.944,SKEWED,"frozenset({400, 1})",0.0
C0484889914R,70.26626335353,-70.26626335353,-1238372.6253426,276849.07761291,-998062.0046735274,169411.96094536263,225.4247918672641,10.15511120954514,216.6099491422275,6.21420637721153,FIXED_LENGTH,1000,828,"['C0484889914R.IMG', 1]","['C0484889914R.IMG', 3]","['C0484889914R.IMG', 5]","['C0484889914R.IMG', 29]","['C0484889914R.IMG', 29]",GO-J/JSA-SSI-2-REDR-V1.0,GALILEO ORBITER,SOLID STATE IMAGING SYSTEM,1,04848899.14,1999-02-01 02:12:00.871000+00:00,19E0115,19,19ESPLUMES01,EUROPA,-000T02:49:03Z,-000T00:07:59Z,NOT APPLICABLE,CLEAR,0,20.83,100K,2.333,OFF,NORMAL,OFF,NOT INVERTED,N,INTEGER COSINE TRANSFORM,5.06,AI8,NOT POSSIBLE,N/A,WEST,4016.456,665212.8,22.373,284.601,14434.841,15262.131,43.31,12.692,92.678,192.705,-30.001,141.301,UNK,UNK,269.884,256.026,3413.99,740536000.0,2.372,147.786,160.507,78.322,79.073,150.085,101.438,11.112,226.347,400.4,400.4,1565.0,1565.0,1565.0,N/A,N/A,N/A,N/A,N/A,N/A,N/A,N/A,N/A,LSB_UNSIGNED_INTEGER,"frozenset({'S991014A.BSP', 'CKE19F.PLT', 'NULL', 'N/A'})","VICAR programs run: SSIMERGE,CATLABEL,BADLABELS.",REDR,1.491,1.124,1.947,SKEWED,"frozenset({400, 1})",0.0
C0484889918R,70.643799115238,-70.643799115238,-1217828.4529476,262653.64511045,-1007733.7943788823,173501.17062701963,224.6712103232035,9.634408027244376,216.96472041652643,6.364202828109726,FIXED_LENGTH,1000,832,"['C0484889918R.IMG', 1]","['C0484889918R.IMG', 3]","['C0484889918R.IMG', 5]","['C0484889918R.IMG', 33]","['C0484889918R.IMG', 33]",GO-J/JSA-SSI-2-REDR-V1.0,GALILEO ORBITER,SOLID STATE IMAGING SYSTEM,1,04848899.18,1999-02-01 02:12:03.538000+00:00,19E0116,19,19ESPLUMES01,EUROPA,-000T02:49:00Z,-000T00:07:56Z,NOT APPLICABLE,CLEAR,0,20.83,100K,2.333,OFF,NORMAL,OFF,NOT INVERTED,N,INTEGER COSINE TRANSFORM,5.229,AI8,NOT POSSIBLE,N/A,WEST,4006.429,665204.9,22.433,284.771,14797.625,14988.482,44.611,12.464,92.92,192.111,-30.397,141.342,UNK,UNK,262.233,259.168,3401.6,740536000.0,2.372,147.789,160.601,78.992,79.011,149.824,100.763,10.08,227.025,400.4,400.4,1565.0,1565.0,1565.0,N/A,N/A,N/A,N/A,N/A,N/A,N/A,N/A,N/A,LSB_UNSIGNED_INTEGER,"frozenset({'S991014A.BSP', 'CKE19F.PLT', 'NULL', 'N/A'})","VICAR programs run: SSIMERGE,CATLABEL,BADLABELS.",REDR,1.649,1.157,2.445,SKEWED,"frozenset({400, 1})",0.0
C0484889921R,70.45329382718,-70.45329382718,-1233425.8150324,238202.5864297,-1021713.667081724,144992.87869634083,225.24333773613333,8.737517843484012,217.47751664188044,5.3184891221207655,FIXED_LENGTH,1000,828,"['C0484889921R.IMG', 1]","['C0484889921R.IMG', 3]","['C0484889921R.IMG', 5]","['C0484889921R.IMG', 29]","['C0484889921R.IMG', 29]",GO-J/JSA-SSI-2-REDR-V1.0,GALILEO ORBITER,SOLID STATE IMAGING SYSTEM,1,04848899.21,1999-02-01 02:12:05.538000+00:00,19E0117,19,19ESPLUMES01,EUROPA,-000T02:48:58Z,-000T00:07:54Z,NOT APPLICABLE,CLEAR,0,20.83,100K,2.333,OFF,NORMAL,OFF,NOT INVERTED,N,INTEGER COSINE TRANSFORM,5.319,AI8,NOT POSSIBLE,N/A,WEST,3998.93,665199.0,22.478,284.898,15070.729,14776.165,45.599,12.285,93.123,191.665,-30.7,141.378,UNK,UNK,257.152,261.924,3393.0,740536000.0,2.372,147.791,160.689,79.486,78.992,149.613,100.27,9.299,227.521,400.4,400.4,1565.0,1565.0,1565.0,N/A,N/A,N/A,N/A,N/A,N/A,N/A,N/A,N/A,LSB_UNSIGNED_INTEGER,"frozenset({'S991014A.BSP', 'CKE19F.PLT', 'NULL', 'N/A'})","VICAR programs run: SSIMERGE,CATLABEL,BADLABELS.",REDR,1.631,1.124,2.464,SKEWED,"frozenset({400, 1})",0.0
C0484889925R,69.73109336339,-69.73109336339,-1283958.6221001,196223.29672458,-1050568.6526128335,85978.4381170604,227.09693349280943,7.197673972126546,218.53594742859212,3.153778254311322,FIXED_LENGTH,1000,828,"['C0484889925R.IMG', 1]","['C0484889925R.IMG', 3]","['C0484889925R.IMG', 5]","['C0484889925R.IMG', 29]","['C0484889925R.IMG', 29]",GO-J/JSA-SSI-2-REDR-V1.0,GALILEO ORBITER,SOLID STATE IMAGING SYSTEM,1,04848899.25,1999-02-01 02:12:08.205000+00:00,19E0118,19,19ESPLUMES01,EUROPA,-000T02:48:55Z,-000T00:07:51Z,NOT APPLICABLE,CLEAR,0,20.83,100K,2.333,OFF,NORMAL,OFF,NOT INVERTED,N,INTEGER COSINE TRANSFORM,5.038,AI8,NOT POSSIBLE,N/A,WEST,3988.959,665191.2,22.538,285.069,15406.11,14475.313,46.887,11.998,93.407,191.125,-31.084,141.489,UNK,UNK,243.838,258.591,3374.4,740536000.0,2.372,147.794,161.539,80.376,78.674,149.33,99.382,8.448,228.413,400.4,400.4,1565.0,1565.0,1565.0,N/A,N/A,N/A,N/A,N/A,N/A,N/A,N/A,N/A,LSB_UNSIGNED_INTEGER,"frozenset({'S991014A.BSP', 'CKE19F.PLT', 'NULL', 'N/A'})","VICAR programs run: SSIMERGE,CATLABEL,BADLABELS.",REDR,1.812,1.17,2.487,SKEWED,"frozenset({400, 1})",0.0
C0484889928R,69.707790044014,-69.707790044014,-1291127.6871952,172526.78035893,-1064298.5383919785,64061.45905044422,227.35990223352889,6.32846118280873,219.03957387439345,2.349840738182205,FIXED_LENGTH,1000,821,"['C0484889928R.IMG', 1]","['C0484889928R.IMG', 3]","['C0484889928R.IMG', 5]","['C0484889928R.IMG', 22]","['C0484889928R.IMG', 22]",GO-J/JSA-SSI-2-REDR-V1.0,GALILEO ORBITER,SOLID STATE IMAGING SYSTEM,1,04848899.28,1999-02-01 02:12:10.205000+00:00,19E0119,19,19ESPLUMES01,EUROPA,-000T02:48:53Z,-000T00:07:49Z,NOT APPLICABLE,CLEAR,0,20.83,100K,2.333,OFF,NORMAL,OFF,NOT INVERTED,N,INTEGER COSINE TRANSFORM,4.807,AI8,NOT POSSIBLE,N/A,WEST,3981.503,665185.3,22.584,285.198,15744.13,14265.591,47.99,11.753,93.614,190.603,-31.393,141.573,UNK,UNK,255.828,281.269,3384.69,740536000.0,2.372,147.796,160.256,80.279,79.421,149.108,99.5,7.344,228.296,400.4,400.4,1565.0,1565.0,1565.0,N/A,N/A,N/A,N/A,N/A,N/A,N/A,N/A,N/A,LSB_UNSIGNED_INTEGER,"frozenset({'S991014A.BSP', 'CKE19F.PLT', 'NULL', 'N/A'})","VICAR programs run: SSIMERGE,CATLABEL,BADLABELS.",REDR,1.871,1.268,2.471,SKEWED,"frozenset({400, 1})",0.0
C0484889932R,69.757752774007,-69.757752774007,-1297424.4438438,139236.47453692,-1084244.7513664346,37111.124475773744,227.59087379600373,5.107338249197356,219.77122164693213,1.3612745233332173,FIXED_LENGTH,1000,814,"['C0484889932R.IMG', 1]","['C0484889932R.IMG', 3]","['C0484889932R.IMG', 5]","['C0484889932R.IMG', 15]","['C0484889932R.IMG', 15]",GO-J/JSA-SSI-2-REDR-V1.0,GALILEO ORBITER,SOLID STATE IMAGING SYSTEM,1,04848899.32,1999-02-01 02:12:12.871000+00:00,19E0120,19,19ESPLUMES01,EUROPA,-000T02:48:51Z,-000T00:07:47Z,NOT APPLICABLE,CLEAR,0,20.83,100K,2.333,OFF,NORMAL,OFF,NOT INVERTED,N,INTEGER COSINE TRANSFORM,4.715,AI8,NOT POSSIBLE,N/A,WEST,3971.593,665177.5,22.644,285.371,16110.399,13974.15,49.308,11.475,93.881,190.007,-31.788,141.658,UNK,UNK,256.03,293.47,3380.44,740536000.0,2.372,147.8,160.101,80.74,79.684,148.8,99.06,6.246,228.739,400.4,400.4,1565.0,1565.0,1565.0,N/A,N/A,N/A,N/A,N/A,N/A,N/A,N/A,N/A,LSB_UNSIGNED_INTEGER,"frozenset({'S991014A.BSP', 'CKE19F.PLT', 'NULL', 'N/A'})","VICAR programs run: SSIMERGE,CATLABEL,BADLABELS.",REDR,1.934,1.328,2.491,SKEWED,"frozenset({400, 1})",0.0
C0484889935R,69.870255372469,-69.870255372469,-1299027.7878849,113050.07319265,-1101015.484159323,16908.60180013266,227.6496861178107,4.146793897300828,220.38638951400907,0.6202250452080075,FIXED_LENGTH,1000,813,"['C0484889935R.IMG', 1]","['C0484889935R.IMG', 3]","['C0484889935R.IMG', 5]","['C0484889935R.IMG', 14]","['C0484889935R.IMG', 14]",GO-J/JSA-SSI-2-REDR-V1.0,GALILEO ORBITER,SOLID STATE IMAGING SYSTEM,1,04848899.35,1999-02-01 02:12:14.871000+00:00,19E0121,19,19ESPLUMES01,EUROPA,-000T02:48:49Z,-000T00:07:45Z,NOT APPLICABLE,CLEAR,0,20.83,100K,2.333,OFF,NORMAL,OFF,NOT INVERTED,N,INTEGER COSINE TRANSFORM,4.502,AI8,NOT POSSIBLE,N/A,WEST,3964.179,665171.6,22.689,285.501,16388.488,13768.234,50.274,11.269,94.054,189.55,-32.075,141.717,UNK,UNK,261.754,309.954,3383.04,740536000.0,2.372,147.802,159.593,80.9,80.112,148.573,98.923,5.352,228.879,400.4,400.4,1565.0,1565.0,1565.0,N/A,N/A,N/A,N/A,N/A,N/A,N/A,N/A,N/A,LSB_UNSIGNED_INTEGER,"frozenset({'S991014A.BSP', 'CKE19F.PLT', 'NULL', 'N/A'})","VICAR programs run: SSIMERGE,CATLABEL,BADLABELS.",REDR,2.043,1.344,2.531,SKEWED,"frozenset({400, 1})",0.0
C0484889939R,70.132773235143,-70.132773235143,-1294721.126694,79811.095941593,-1119809.9902455534,-5330.090765870613,227.49171332009536,2.9275537488905066,221.0757914837747,-0.19551325563766883,FIXED_LENGTH,1000,811,"['C0484889939R.IMG', 1]","['C0484889939R.IMG', 3]","['C0484889939R.IMG', 5]","['C0484889939R.IMG', 12]","['C0484889939R.IMG', 12]",GO-J/JSA-SSI-2-REDR-V1.0,GALILEO ORBITER,SOLID STATE IMAGING SYSTEM,1,04848899.39,1999-02-01 02:12:17.538000+00:00,19E0122,19,19ESPLUMES01,EUROPA,-000T02:48:46Z,-000T00:07:42Z,NOT APPLICABLE,CLEAR,0,20.83,100K,2.333,OFF,NORMAL,OFF,NOT INVERTED,N,INTEGER COSINE TRANSFORM,4.327,AI8,NOT POSSIBLE,N/A,WEST,3954.322,665163.8,22.75,285.676,16755.629,13488.347,51.563,11.008,94.305,188.94,-32.465,141.78,UNK,UNK,272.216,336.284,3387.99,740536000.0,2.372,147.805,158.906,81.092,80.739,148.25,98.766,4.125,229.039,400.4,400.4,1565.0,1565.0,1565.0,N/A,N/A,N/A,N/A,N/A,N/A,N/A,N/A,N/A,LSB_UNSIGNED_INTEGER,"frozenset({'S991014A.BSP', 'CKE19F.PLT', 'NULL', 'N/A'})","VICAR programs run: SSIMERGE,CATLABEL,BADLABELS.",REDR,2.176,1.564,2.587,SKEWED,"frozenset({400, 1})",0.0
C0497839700R,11955.602659573,-11955.602659573,-4913752.6930845,2462854.147872,4746374.255850484,-2391120.5319146384,360.241543460169,90.34004368076464,5.898071158911961,-87.70878027258979,FIXED_LENGTH,1000,814,"['C0497839700R.IMG', 1]","['C0497839700R.IMG', 4]","['C0497839700R.IMG', 6]","['C0497839700R.IMG', 15]","['C0497839700R.IMG', 15]",GO-J/JSA-SSI-2-REDR-V1.0,GALILEO ORBITER,SOLID STATE IMAGING SYSTEM,1,04978397.00,1999-05-03 00:28:54.362000+00:00,20E0001,20,20ESECLIPS01,EUROPA,-000T16:38:06Z,-000T12:13:05Z,2 FRAME OCM WITH TOTAL SHUTTER TIME OF 26391.667 MSEC,CLEAR,0,25595.8,10K,30.333,ON,NORMAL,OFF,NOT INVERTED,Y,INTEGER COSINE TRANSFORM,4.733,HMA,NOT POSSIBLE,CONTIGUOUS READOUT,WEST,1178980.0,993912.0,0.261,59.186,192.399,401.512,90.417,101.41,113.26,314.793,-17.856,96.598,UNK,UNK,11952.1,11954.4,1177420.0,741256000.0,2.552,357.318,183.844,61.886,0.0,61.886,118.132,0.261,59.186,192.3,401.5,1565.0,1565.0,1565.0,N/A,N/A,N/A,N/A,N/A,N/A,N/A,N/A,N/A,LSB_UNSIGNED_INTEGER,"frozenset({'S991014A.BSP', 'N/A', 'S990814A.BSP', 'CKC20AJD.PLT', 'NULL'})","VICAR programs run: SSIMERGE,UNMOSAIC,CATLABEL,BADL ABELS.",REDR,1.79,1.42,2.093,SKEWED,"frozenset({400, 1, 201})",0.0
C0497842645R,11749.77649183,-11749.77649183,-4911406.5735849,2455703.2867925,3395685.40613891,-2408704.18082512,360.15548536441975,90.07774268221168,55.4427385877552,-88.35376674570783,FIXED_LENGTH,1000,815,"['C0497842645R.IMG', 1]","['C0497842645R.IMG', 4]","['C0497842645R.IMG', 6]","['C0497842645R.IMG', 16]","['C0497842645R.IMG', 16]",GO-J/JSA-SSI-2-REDR-V1.0,GALILEO ORBITER,SOLID STATE IMAGING SYSTEM,1,04978426.45,1999-05-03 00:58:43.699000+00:00,20E0002,20,20ESECLIPS02,EUROPA,-000T16:08:17Z,-000T11:43:16Z,3 FRAME OCM WITH TOTAL SHUTTER TIME OF 51987.5 MSEC,CLEAR,0,25595.8,10K,30.333,ON,NORMAL,OFF,NOT INVERTED,Y,INTEGER COSINE TRANSFORM,5.86,HMA,NOT POSSIBLE,CONTIGUOUS READOUT,WEST,1158720.0,978867.9,0.259,59.294,192.177,399.867,89.964,101.912,115.242,316.777,-17.228,96.688,UNK,UNK,11749.2,11749.6,1157160.0,741258000.0,2.552,359.413,183.889,59.9,0.0,59.9,120.12,0.259,59.293,192.1,399.9,1565.0,1565.0,1565.0,N/A,N/A,N/A,N/A,N/A,N/A,N/A,N/A,N/A,LSB_UNSIGNED_INTEGER,"frozenset({'S991014A.BSP', 'N/A', 'S990814A.BSP', 'CKC20AJD.PLT', 'NULL'})","VICAR programs run: SSIMERGE,UNMOSAIC,CATLABEL,BADL ABELS.",REDR,1.689,1.529,1.875,SKEWED,"frozenset({400, 1, 201})",0.0
C0527272700R,88.381070073916,-88.381070073916,-908115.49500949,2412803.2130179,894593.1912881748,2314258.3198854835,213.3106179093965,88.50412349649821,147.1853942112984,84.88939464306978,FIXED_LENGTH,1000,845,"['C0527272700R.IMG', 1]","['C0527272700R.IMG', 3]","['C0527272700R.IMG', 5]","['C0527272700R.IMG', 46]","['C0527272700R.IMG', 46]",GO-J/JSA-SSI-2-REDR-V1.0,GALILEO ORBITER,SOLID STATE IMAGING SYSTEM,1,05272727.00,1999-11-25 16:28:49.516000+00:00,25E0001,25,25ESNRTHPL01,EUROPA,-000T09:40:11Z,000T00:00:44Z,NOT APPLICABLE,CLEAR,0,12.5,100K,8.667,ON,NORMAL,OFF,NOT INVERTED,N,INTEGER COSINE TRANSFORM,5.364,IM8,NOT POSSIBLE,N/A,WEST,10207.46,677939.9,62.318,96.13,-4929.189,-5033.805,224.443,178.547,119.549,24.549,-54.464,46.905,UNK,UNK,97.0051,96.5708,8824.1,742603000.0,2.771,49.11,175.663,86.789,30.166,66.076,95.985,87.688,128.076,400.0,400.0,1565.0,1565.0,1565.0,N/A,N/A,N/A,N/A,N/A,N/A,N/A,N/A,N/A,LSB_UNSIGNED_INTEGER,"frozenset({'S000105A.BSP', 'NULL', 'N/A', 'MIPS_NEAR.CK'})","VICAR programs run: SSIMERGE,CATLABEL,BADLABELS.",REDR,5.329,5.66,7.567,SKEWED,"frozenset({800, 1})",0.0
C0527272713R,88.60658373071,-88.60658373071,-2473186.9650916,2428440.6403076,460222.59589728527,2341872.0080026966,270.7190621296527,89.07772054268419,163.1185580144243,85.90229335363756,FIXED_LENGTH,1000,853,"['C0527272713R.IMG', 1]","['C0527272713R.IMG', 3]","['C0527272713R.IMG', 5]","['C0527272713R.IMG', 54]","['C0527272713R.IMG', 54]",GO-J/JSA-SSI-2-REDR-V1.0,GALILEO ORBITER,SOLID STATE IMAGING SYSTEM,1,05272727.13,1999-11-25 16:28:58.183000+00:00,25E0002,25,25ESNRTHPL01,EUROPA,-000T09:40:02Z,000T00:00:53Z,NOT APPLICABLE,CLEAR,0,12.5,100K,8.667,ON,NORMAL,OFF,NOT INVERTED,N,INTEGER COSINE TRANSFORM,5.308,IM8,NOT POSSIBLE,N/A,WEST,10206.2,677841.7,62.313,94.941,-5471.88,-5192.258,226.397,178.573,120.02,24.69,-53.96,46.334,UNK,UNK,98.1067,98.8824,8849.73,742603000.0,2.771,49.12,175.716,87.175,32.35,65.565,185.276,89.945,56.619,400.0,400.0,1565.0,1565.0,1565.0,N/A,N/A,N/A,N/A,N/A,N/A,N/A,N/A,N/A,LSB_UNSIGNED_INTEGER,"frozenset({'S000105A.BSP', 'NULL', 'N/A', 'MIPS_NEAR.CK'})","VICAR programs run: SSIMERGE,CATLABEL,BADLABELS.",REDR,6.021,4.804,6.973,SKEWED,"frozenset({800, 1})",0.0
C0527272726R,88.857534580782,-88.857534580782,-3290305.6479918,2426343.8392628,-1680562.5515263535,2302743.008660932,300.6918226235516,89.00080770635535,241.64477683111204,84.46700108804647,FIXED_LENGTH,1000,860,"['C0527272726R.IMG', 1]","['C0527272726R.IMG', 3]","['C0527272726R.IMG', 5]","['C0527272726R.IMG', 61]","['C0527272726R.IMG', 61]",GO-J/JSA-SSI-2-REDR-V1.0,GALILEO ORBITER,SOLID STATE IMAGING SYSTEM,1,05272727.26,1999-11-25 16:29:06.849000+00:00,25E0003,25,25ESNRTHPL01,EUROPA,-000T09:39:54Z,000T00:01:01Z,NOT APPLICABLE,CLEAR,0,12.5,100K,8.667,ON,NORMAL,OFF,NOT INVERTED,N,INTEGER COSINE TRANSFORM,5.227,IM8,NOT POSSIBLE,N/A,WEST,10205.89,677743.5,62.298,93.754,-6046.308,-5297.362,228.529,178.804,120.482,24.77,-53.501,45.61,UNK,UNK,99.0668,101.45,8878.61,742603000.0,2.771,49.13,175.579,87.362,34.574,65.104,273.016,87.515,316.111,400.0,400.0,1565.0,1565.0,1565.0,N/A,N/A,N/A,N/A,N/A,N/A,N/A,N/A,N/A,LSB_UNSIGNED_INTEGER,"frozenset({'S000105A.BSP', 'NULL', 'N/A', 'MIPS_NEAR.CK'})","VICAR programs run: SSIMERGE,CATLABEL,BADLABELS.",REDR,6.605,4.87,7.713,SKEWED,"frozenset({800, 1})",0.0
C0527275700R,218.52194247165,-218.52194247165,-4880687.5851043,1281194.1487113,-4590053.4016170055,1072287.1717084027,359.0286810168849,46.99552974264651,348.3679178311917,39.33260522721593,FIXED_LENGTH,1000,807,"['C0527275700R.IMG', 1]","['C0527275700R.IMG', 3]","['C0527275700R.IMG', 5]","['C0527275700R.IMG', 8]","['C0527275700R.IMG', 8]",GO-J/JSA-SSI-2-REDR-V1.0,GALILEO ORBITER,SOLID STATE IMAGING SYSTEM,1,05272757.00,1999-11-25 16:59:09.512000+00:00,25E0005,25,25ESDARKBP01,EUROPA,-000T09:09:51Z,000T00:31:04Z,NOT APPLICABLE,CLEAR,0,6.25,100K,8.667,ON,NORMAL,OFF,NOT INVERTED,N,INTEGER COSINE TRANSFORM,5.047,IM8,NOT POSSIBLE,N/A,WEST,23013.87,657403.8,22.18,20.562,2455.122,-2617.248,145.74,262.779,141.583,63.784,2.233,287.91,UNK,UNK,249.427,234.428,21685.5,742585000.0,2.771,51.242,162.842,64.94,33.003,33.593,237.031,44.167,354.211,400.0,400.0,1565.0,1565.0,1565.0,N/A,N/A,N/A,N/A,N/A,N/A,N/A,N/A,N/A,LSB_UNSIGNED_INTEGER,"frozenset({'CKI25ADF.PLT', 'S000105A.BSP', 'NULL', 'N/A'})","VICAR programs run: SSIMERGE,CATLABEL,BADLABELS.",REDR,6.318,3.044,7.672,SKEWED,"frozenset({800, 1})",0.0
C0527275900R,234.27816918834,-234.27816918834,-4288930.4433309,178988.52125989,-3891360.390218287,-63255.105680853565,337.32241551090505,6.565484538719145,322.73913375409023,-2.320262860542194,FIXED_LENGTH,1000,808,"['C0527275900R.IMG', 1]","['C0527275900R.IMG', 3]","['C0527275900R.IMG', 5]","['C0527275900R.IMG', 9]","['C0527275900R.IMG', 9]",GO-J/JSA-SSI-2-REDR-V1.0,GALILEO ORBITER,SOLID STATE IMAGING SYSTEM,1,05272759.00,1999-11-25 17:01:10.845000+00:00,25E0010,25,25ESMOTTER01,EUROPA,-000T09:07:50Z,000T00:33:05Z,NOT APPLICABLE,CLEAR,0,6.25,100K,8.667,ON,NORMAL,OFF,NOT INVERTED,N,INTEGER COSINE TRANSFORM,4.793,IM8,NOT POSSIBLE,N/A,WEST,24265.78,656040.9,20.917,19.921,-2304.15,-3945.67,211.892,261.175,142.067,63.134,1.032,289.864,UNK,UNK,360.298,290.948,23304.1,742584000.0,2.771,51.384,177.517,80.252,53.578,33.355,260.396,3.571,330.988,400.0,400.0,1565.0,1565.0,1565.0,N/A,N/A,N/A,N/A,N/A,N/A,N/A,N/A,N/A,LSB_UNSIGNED_INTEGER,"frozenset({'CKI25ADF.PLT', 'S000105A.BSP', 'NULL', 'N/A'})","VICAR programs run: SSIMERGE,CATLABEL,BADLABELS.",REDR,6.206,5.195,7.367,SKEWED,"frozenset({320, 1, 800})",0.0
C0527286301R,954.81769448927,-954.81769448927,2126379.0056276,752396.34325754,3740975.7270089556,-48695.70241895749,102.00221340096914,27.59867797037991,42.77713161427786,-1.786208853413097,FIXED_LENGTH,1000,809,"['C0527286301R.IMG', 1]","['C0527286301R.IMG', 3]","['C0527286301R.IMG', 5]","['C0527286301R.IMG', 10]","['C0527286301R.IMG', 10]",GO-J/JSA-SSI-2-REDR-V1.0,GALILEO ORBITER,SOLID STATE IMAGING SYSTEM,1,05272863.01,1999-11-25 18:46:20.175000+00:00,25E0020,25,25ESGLOBAL01,EUROPA,-000T07:22:40Z,000T02:18:15Z,NOT APPLICABLE,CLEAR,0,6.25,100K,8.667,ON,NORMAL,OFF,NOT INVERTED,N,INTEGER COSINE TRANSFORM,4.619,IM8,NOT POSSIBLE,N/A,WEST,95501.0,586570.7,4.375,17.916,614.331,1487.109,11.153,279.619,131.396,73.4,20.087,266.529,UNK,UNK,1305.64,973.804,94356.8,742516000.0,2.772,58.776,89.237,10.413,43.35,41.429,194.418,13.077,60.283,400.0,400.0,1565.0,1565.0,1565.0,N/A,N/A,N/A,N/A,N/A,N/A,N/A,N/A,N/A,LSB_UNSIGNED_INTEGER,"frozenset({'S000105A.BSP', 'NULL', 'N/A', 'MIPS_NEAR.CK'})","VICAR programs run: SSIMERGE,CATLABEL,BADLABELS.",REDR,4.391,2.225,8.512,SKEWED,"frozenset({800, 1})",1.0
C0527286314R,955.89294880126,-955.89294880126,2029360.7303051,89853.937187318,3730850.179171343,-786699.8968634374,105.56094433030171,3.2959355784039186,43.14854720733359,-28.856967883259998,FIXED_LENGTH,1000,808,"['C0527286314R.IMG', 1]","['C0527286314R.IMG', 3]","['C0527286314R.IMG', 5]","['C0527286314R.IMG', 9]","['C0527286314R.IMG', 9]",GO-J/JSA-SSI-2-REDR-V1.0,GALILEO ORBITER,SOLID STATE IMAGING SYSTEM,1,05272863.14,1999-11-25 18:46:28.841000+00:00,25E0021,25,25ESGLOBAL01,EUROPA,-000T07:22:32Z,000T02:18:23Z,NOT APPLICABLE,CLEAR,0,6.25,100K,8.667,ON,NORMAL,OFF,NOT INVERTED,N,INTEGER COSINE TRANSFORM,4.734,IM8,NOT POSSIBLE,N/A,WEST,95602.27,586477.7,4.369,17.923,-56.278,1493.275,355.38,279.268,131.391,73.475,19.706,266.852,UNK,UNK,1058.72,957.032,94188.0,742516000.0,2.772,58.786,177.547,15.664,25.557,41.215,194.073,3.264,43.108,0.2,800.8,1565.0,1565.0,1565.0,N/A,N/A,N/A,N/A,N/A,N/A,N/A,N/A,N/A,LSB_UNSIGNED_INTEGER,"frozenset({'MIPS_NAV.CK', 'S000105A.BSP', 'NULL', 'N/A'})","VICAR programs run: SSIMERGE,CATLABEL,BADLABELS.",REDR,3.479,2.213,5.091,SKEWED,"frozenset({800, 1})",1.0
C0527286326R,956.20812682177,-956.20812682177,3048391.5083078,1623641.3993434,4714106.065231323,603367.3280245715,68.18183884151331,59.55684995204347,7.081701847133189,22.13213917534793,FIXED_LENGTH,1000,809,"['C0527286326R.IMG', 1]","['C0527286326R.IMG', 3]","['C0527286326R.IMG', 5]","['C0527286326R.IMG', 10]","['C0527286326R.IMG', 10]",GO-J/JSA-SSI-2-REDR-V1.0,GALILEO ORBITER,SOLID STATE IMAGING SYSTEM,1,05272863.26,1999-11-25 18:46:37.508000+00:00,25E0022,25,25ESGLOBAL01,EUROPA,-000T07:22:23Z,000T02:18:32Z,NOT APPLICABLE,CLEAR,0,6.25,100K,8.667,ON,NORMAL,OFF,NOT INVERTED,N,INTEGER COSINE TRANSFORM,4.637,IM8,NOT POSSIBLE,N/A,WEST,95703.65,586384.8,4.364,17.929,1308.646,724.992,70.32,280.111,131.771,72.865,20.423,266.255,UNK,UNK,988.901,1172.7,94445.4,742515000.0,2.772,58.797,138.855,44.661,36.808,40.964,219.75,38.919,29.981,400.0,400.0,1565.0,1565.0,1565.0,N/A,N/A,N/A,N/A,N/A,N/A,N/A,N/A,N/A,LSB_UNSIGNED_INTEGER,"frozenset({'N/A', 'MIPS_NEAR.CK', 'S991130A.BSP', 'S000105A.BSP', 'NULL'})","VICAR programs run: SSIMERGE,CATLABEL,BADLABELS.",REDR,3.045,1.903,3.495,SKEWED,"frozenset({400, 401, 800, 1})",0.0
C0527286327R,956.20812682177,-956.20812682177,3048391.5083078,1623641.3993434,4714106.065231323,603367.3280245715,68.18183884151331,59.55684995204347,7.081701847133189,22.13213917534793,FIXED_LENGTH,1000,809,"['C0527286327R.IMG', 1]","['C0527286327R.IMG', 3]","['C0527286327R.IMG', 5]","['C0527286327R.IMG', 10]","['C0527286327R.IMG', 10]",GO-J/JSA-SSI-2-REDR-V1.0,GALILEO ORBITER,SOLID STATE IMAGING SYSTEM,1,05272863.27,1999-11-25 18:46:37.508000+00:00,25E0022,25,25ESGLOBAL01,EUROPA,-000T07:22:23Z,000T02:18:32Z,NOT APPLICABLE,CLEAR,0,6.25,100K,8.667,ON,NORMAL,OFF,NOT INVERTED,N,INTEGER COSINE TRANSFORM,4.116,IM8,NOT POSSIBLE,N/A,WEST,95703.65,586384.8,4.364,17.929,1308.646,724.992,70.32,280.111,131.771,72.865,20.423,266.255,UNK,UNK,988.901,1172.7,94445.4,742515000.0,2.772,58.797,138.855,44.661,36.808,40.964,219.75,38.919,29.981,400.0,400.0,1565.0,1565.0,1565.0,N/A,N/A,N/A,N/A,N/A,N/A,N/A,N/A,N/A,LSB_UNSIGNED_INTEGER,"frozenset({'N/A', 'MIPS_NEAR.CK', 'S991130A.BSP', 'S000105A.BSP', 'NULL'})","VICAR programs run: SSIMERGE,CATLABEL,BADLABELS.",REDR,5.977,4.605,8.679,SKEWED,"frozenset({400, 1, 800})",1.0
C0527286339R,956.44028615834,-956.44028615834,3547437.0213613,776629.51236057,4461793.934928672,-39214.05173249403,49.87633200226469,28.4875757385172,16.33677238893651,-1.4384120754670817,FIXED_LENGTH,1000,808,"['C0527286339R.IMG', 1]","['C0527286339R.IMG', 3]","['C0527286339R.IMG', 5]","['C0527286339R.IMG', 9]","['C0527286339R.IMG', 9]",GO-J/JSA-SSI-2-REDR-V1.0,GALILEO ORBITER,SOLID STATE IMAGING SYSTEM,1,05272863.39,1999-11-25 18:46:46.175000+00:00,25E0023,25,25ESGLOBAL01,EUROPA,-000T07:22:14Z,000T02:18:41Z,NOT APPLICABLE,CLEAR,0,6.25,100K,8.667,ON,NORMAL,OFF,NOT INVERTED,N,INTEGER COSINE TRANSFORM,4.501,IM8,NOT POSSIBLE,N/A,WEST,95804.95,586291.8,4.358,17.936,638.837,797.786,30.981,279.656,131.77,72.986,20.052,266.663,UNK,UNK,989.062,968.868,94305.2,742515000.0,2.772,58.807,158.175,28.663,16.761,41.039,204.435,13.436,31.887,400.0,400.0,1565.0,1565.0,1565.0,N/A,N/A,N/A,N/A,N/A,N/A,N/A,N/A,N/A,LSB_UNSIGNED_INTEGER,"frozenset({'N/A', 'MIPS_NEAR.CK', 'S991130A.BSP', 'S000105A.BSP', 'NULL'})","VICAR programs run: SSIMERGE,CATLABEL,BADLABELS.",REDR,3.46,1.87,5.739,SKEWED,"frozenset({800, 1})",0.0
C0527286340R,956.44028615834,-956.44028615834,3547437.0213613,776629.51236057,4461793.934928672,-39214.05173249403,49.87633200226469,28.4875757385172,16.33677238893651,-1.4384120754670817,FIXED_LENGTH,1000,810,"['C0527286340R.IMG', 1]","['C0527286340R.IMG', 3]","['C0527286340R.IMG', 5]","['C0527286340R.IMG', 11]","['C0527286340R.IMG', 11]",GO-J/JSA-SSI-2-REDR-V1.0,GALILEO ORBITER,SOLID STATE IMAGING SYSTEM,1,05272863.40,1999-11-25 18:46:46.175000+00:00,25E0023,25,25ESGLOBAL01,EUROPA,-000T07:22:14Z,000T02:18:41Z,NOT APPLICABLE,CLEAR,0,6.25,100K,8.667,ON,NORMAL,OFF,NOT INVERTED,N,INTEGER COSINE TRANSFORM,4.727,IM8,NOT POSSIBLE,N/A,WEST,95804.95,586291.8,4.358,17.936,638.837,797.786,30.981,279.656,131.77,72.986,20.052,266.663,UNK,UNK,989.062,968.868,94305.2,742515000.0,2.772,58.807,158.175,28.663,16.761,41.039,204.435,13.436,31.887,400.0,400.0,1565.0,1565.0,1565.0,N/A,N/A,N/A,N/A,N/A,N/A,N/A,N/A,N/A,LSB_UNSIGNED_INTEGER,"frozenset({'N/A', 'MIPS_NEAR.CK', 'S991130A.BSP', 'S000105A.BSP', 'NULL'})","VICAR programs run: SSIMERGE,CATLABEL,BADLABELS.",REDR,3.874,3.103,3.627,SKEWED,"frozenset({136, 473, 800, 1})",1.0
C0527286352R,957.49788946804,-957.49788946804,3416352.469622,49789.890252338,4403532.793663549,-792808.2524795372,54.68464927116749,1.8263447976174936,18.473851456866726,-29.081028700524755,FIXED_LENGTH,1000,808,"['C0527286352R.IMG', 1]","['C0527286352R.IMG', 3]","['C0527286352R.IMG', 5]","['C0527286352R.IMG', 9]","['C0527286352R.IMG', 9]",GO-J/JSA-SSI-2-REDR-V1.0,GALILEO ORBITER,SOLID STATE IMAGING SYSTEM,1,05272863.52,1999-11-25 18:46:54.841000+00:00,25E0024,25,25ESGLOBAL01,EUROPA,-000T07:22:06Z,000T02:18:49Z,NOT APPLICABLE,CLEAR,0,6.25,100K,8.667,ON,NORMAL,OFF,NOT INVERTED,N,INTEGER COSINE TRANSFORM,4.567,IM8,NOT POSSIBLE,N/A,WEST,95906.23,586198.8,4.352,17.943,-94.671,810.16,309.664,279.26,131.761,73.071,19.637,267.027,UNK,UNK,995.071,1011.9,94470.0,742515000.0,2.772,58.817,207.155,29.246,23.566,41.079,202.661,-12.663,33.804,400.0,400.0,1565.0,1565.0,1565.0,N/A,N/A,N/A,N/A,N/A,N/A,N/A,N/A,N/A,LSB_UNSIGNED_INTEGER,"frozenset({'N/A', 'MIPS_NEAR.CK', 'S991130A.BSP', 'S000105A.BSP', 'NULL'})","VICAR programs run: SSIMERGE,CATLABEL,BADLABELS.",REDR,3.191,1.916,4.331,SKEWED,"frozenset({800, 1})",0.0
C0527286353R,957.49788946804,-957.49788946804,3416352.469622,49789.890252338,4403532.793663549,-792808.2524795372,54.68464927116749,1.8263447976174936,18.473851456866726,-29.081028700524755,FIXED_LENGTH,1000,810,"['C0527286353R.IMG', 1]","['C0527286353R.IMG', 3]","['C0527286353R.IMG', 5]","['C0527286353R.IMG', 11]","['C0527286353R.IMG', 11]",GO-J/JSA-SSI-2-REDR-V1.0,GALILEO ORBITER,SOLID STATE IMAGING SYSTEM,1,05272863.53,1999-11-25 18:46:54.841000+00:00,25E0024,25,25ESGLOBAL01,EUROPA,-000T07:22:06Z,000T02:18:49Z,NOT APPLICABLE,CLEAR,0,6.25,100K,8.667,ON,NORMAL,OFF,NOT INVERTED,N,INTEGER COSINE TRANSFORM,4.698,IM8,NOT POSSIBLE,N/A,WEST,95906.23,586198.8,4.352,17.943,-94.671,810.16,309.664,279.26,131.761,73.071,19.637,267.027,UNK,UNK,995.071,1011.9,94470.0,742515000.0,2.772,58.817,207.155,29.246,23.566,41.079,202.661,-12.663,33.804,400.0,400.0,1565.0,1565.0,1565.0,N/A,N/A,N/A,N/A,N/A,N/A,N/A,N/A,N/A,LSB_UNSIGNED_INTEGER,"frozenset({'N/A', 'MIPS_NEAR.CK', 'S991130A.BSP', 'S000105A.BSP', 'NULL'})","VICAR programs run: SSIMERGE,CATLABEL,BADLABELS.",REDR,4.011,3.97,4.054,SKEWED,"frozenset({16, 489, 800, 1})",1.0
C0527286365R,960.61570242522,-960.61570242522,2178676.4131004,-670509.7602928,4308361.425377113,-2248801.3593774363,100.0838902718607,-24.594993205573594,21.96483592120606,-82.48836546453867,FIXED_LENGTH,1000,809,"['C0527286365R.IMG', 1]","['C0527286365R.IMG', 3]","['C0527286365R.IMG', 5]","['C0527286365R.IMG', 10]","['C0527286365R.IMG', 10]",GO-J/JSA-SSI-2-REDR-V1.0,GALILEO ORBITER,SOLID STATE IMAGING SYSTEM,1,05272863.65,1999-11-25 18:47:03.508000+00:00,25E0025,25,25ESGLOBAL01,EUROPA,-000T07:21:57Z,000T02:18:58Z,NOT APPLICABLE,CLEAR,0,6.25,100K,8.667,ON,NORMAL,OFF,NOT INVERTED,N,INTEGER COSINE TRANSFORM,4.149,IM8,NOT POSSIBLE,N/A,WEST,96007.55,586105.9,4.346,17.95,-800.897,866.634,274.626,278.833,131.753,73.174,19.24,267.415,UNK,UNK,962.611,1109.76,94650.6,742515000.0,2.772,58.827,206.129,45.298,30.075,40.893,215.882,-25.007,21.926,0.2,800.8,1565.0,1565.0,1565.0,N/A,N/A,N/A,N/A,N/A,N/A,N/A,N/A,N/A,LSB_UNSIGNED_INTEGER,"frozenset({'N/A', 'MIPS_NEAR.CK', 'S991130A.BSP', 'S000105A.BSP', 'NULL'})","VICAR programs run: SSIMERGE,CATLABEL,BADLABELS.",REDR,3.316,2.862,4.108,SKEWED,"frozenset({400, 1, 800})",0.0
C0527286366R,960.61570242522,-960.61570242522,2178676.4131004,-670509.7602928,4308361.425377113,-2248801.3593774363,100.0838902718607,-24.594993205573594,21.96483592120606,-82.48836546453867,FIXED_LENGTH,1000,809,"['C0527286366R.IMG', 1]","['C0527286366R.IMG', 3]","['C0527286366R.IMG', 5]","['C0527286366R.IMG', 10]","['C0527286366R.IMG', 10]",GO-J/JSA-SSI-2-REDR-V1.0,GALILEO ORBITER,SOLID STATE IMAGING SYSTEM,1,05272863.66,1999-11-25 18:47:03.508000+00:00,25E0025,25,25ESGLOBAL01,EUROPA,-000T07:21:57Z,000T02:18:58Z,NOT APPLICABLE,CLEAR,0,6.25,100K,8.667,ON,NORMAL,OFF,NOT INVERTED,N,INTEGER COSINE TRANSFORM,4.564,IM8,NOT POSSIBLE,N/A,WEST,96007.55,586105.9,4.346,17.95,-800.897,866.634,274.626,278.833,131.753,73.174,19.24,267.415,UNK,UNK,962.611,1109.76,94650.6,742515000.0,2.772,58.827,206.129,45.298,30.075,40.893,215.882,-25.007,21.926,0.2,800.8,1565.0,1565.0,1565.0,N/A,N/A,N/A,N/A,N/A,N/A,N/A,N/A,N/A,LSB_UNSIGNED_INTEGER,"frozenset({'N/A', 'MIPS_NEAR.CK', 'S991130A.BSP', 'S000105A.BSP', 'NULL'})","VICAR programs run: SSIMERGE,CATLABEL,BADLABELS.",REDR,3.252,2.914,3.548,SKEWED,"frozenset({400, 401, 800, 1})",1.0
C0527286379R,960.37309279971,-960.37309279971,-5434751.3321536,1610545.6766251,-3744494.68882611,558937.1400094174,379.35231372311335,59.07648526482696,317.35194755370594,20.50239381283765,FIXED_LENGTH,1000,807,"['C0527286379R.IMG', 1]","['C0527286379R.IMG', 3]","['C0527286379R.IMG', 5]","['C0527286379R.IMG', 8]","['C0527286379R.IMG', 8]",GO-J/JSA-SSI-2-REDR-V1.0,GALILEO ORBITER,SOLID STATE IMAGING SYSTEM,1,05272863.79,1999-11-25 18:47:12.175000+00:00,25E0026,25,25ESGLOBAL01,EUROPA,-000T07:21:48Z,000T02:19:07Z,NOT APPLICABLE,CLEAR,0,6.25,100K,8.667,ON,NORMAL,OFF,NOT INVERTED,N,INTEGER COSINE TRANSFORM,4.427,IM8,NOT POSSIBLE,N/A,WEST,96108.77,586012.9,4.34,17.956,1321.739,68.592,109.776,280.25,132.138,72.474,20.388,266.276,UNK,UNK,995.699,1189.72,94864.0,742515000.0,2.772,58.837,158.061,63.795,37.64,40.596,233.055,37.7,0.259,400.0,400.0,1565.0,1565.0,1565.0,N/A,N/A,N/A,N/A,N/A,N/A,N/A,N/A,N/A,LSB_UNSIGNED_INTEGER,"frozenset({'S000105A.BSP', 'NULL', 'N/A', 'MIPS_NEAR.CK'})","VICAR programs run: SSIMERGE,CATLABEL,BADLABELS.",REDR,3.539,1.805,6.1,SKEWED,"frozenset({800, 1})",1.0
C0527286400R,960.55608858832,-960.55608858832,-5541448.075066,745391.52474454,-4623156.454375566,-96055.60885882832,383.26606087847375,27.34173396458605,349.582172128288,-3.5234193253331014,FIXED_LENGTH,1000,808,"['C0527286400R.IMG', 1]","['C0527286400R.IMG', 3]","['C0527286400R.IMG', 5]","['C0527286400R.IMG', 9]","['C0527286400R.IMG', 9]",GO-J/JSA-SSI-2-REDR-V1.0,GALILEO ORBITER,SOLID STATE IMAGING SYSTEM,1,05272864.00,1999-11-25 18:47:20.841000+00:00,25E0027,25,25ESGLOBAL01,EUROPA,-000T07:21:40Z,000T02:19:15Z,NOT APPLICABLE,CLEAR,0,6.25,100K,8.667,ON,NORMAL,OFF,NOT INVERTED,N,INTEGER COSINE TRANSFORM,4.496,IM8,NOT POSSIBLE,N/A,WEST,96210.18,585920.0,4.335,17.963,632.022,135.793,138.711,279.799,132.133,72.595,20.007,266.68,UNK,UNK,974.694,971.791,94682.6,742515000.0,2.772,58.847,169.786,51.225,12.678,40.668,228.266,11.904,7.94,400.0,400.0,1565.0,1565.0,1565.0,N/A,N/A,N/A,N/A,N/A,N/A,N/A,N/A,N/A,LSB_UNSIGNED_INTEGER,"frozenset({'N/A', 'MIPS_NEAR.CK', 'S991130A.BSP', 'S000105A.BSP', 'NULL'})","VICAR programs run: SSIMERGE,CATLABEL,BADLABELS.",REDR,2.799,1.617,4.256,SKEWED,"frozenset({800, 1})",0.0
C0527286402R,960.55608858832,-960.55608858832,-5541448.075066,745391.52474454,-4623156.454375566,-96055.60885882832,383.26606087847375,27.34173396458605,349.582172128288,-3.5234193253331014,FIXED_LENGTH,1000,810,"['C0527286402R.IMG', 1]","['C0527286402R.IMG', 3]","['C0527286402R.IMG', 5]","['C0527286402R.IMG', 11]","['C0527286402R.IMG', 11]",GO-J/JSA-SSI-2-REDR-V1.0,GALILEO ORBITER,SOLID STATE IMAGING SYSTEM,1,05272864.02,1999-11-25 18:47:20.841000+00:00,25E0027,25,25ESGLOBAL01,EUROPA,-000T07:21:40Z,000T02:19:15Z,NOT APPLICABLE,CLEAR,0,6.25,100K,8.667,ON,NORMAL,OFF,NOT INVERTED,N,INTEGER COSINE TRANSFORM,4.031,IM8,NOT POSSIBLE,N/A,WEST,96210.18,585920.0,4.335,17.963,632.022,135.793,138.711,279.799,132.133,72.595,20.007,266.68,UNK,UNK,974.694,971.791,94682.6,742515000.0,2.772,58.847,169.786,51.225,12.678,40.668,228.266,11.904,7.94,400.0,400.0,1565.0,1565.0,1565.0,N/A,N/A,N/A,N/A,N/A,N/A,N/A,N/A,N/A,LSB_UNSIGNED_INTEGER,"frozenset({'N/A', 'MIPS_NEAR.CK', 'S991130A.BSP', 'S000105A.BSP', 'NULL'})","VICAR programs run: SSIMERGE,CATLABEL,BADLABELS.",REDR,5.606,5.474,5.744,SKEWED,"frozenset({16, 65, 800, 1})",2.0
C0527286413R,961.61368955987,-961.61368955987,-5654288.494612,32694.865445036,-4738832.262151004,-848143.2741918049,387.40516446264235,1.1992815632193834,353.82528069250003,-31.11077466939653,FIXED_LENGTH,1000,807,"['C0527286413R.IMG', 1]","['C0527286413R.IMG', 3]","['C0527286413R.IMG', 5]","['C0527286413R.IMG', 8]","['C0527286413R.IMG', 8]",GO-J/JSA-SSI-2-REDR-V1.0,GALILEO ORBITER,SOLID STATE IMAGING SYSTEM,1,05272864.13,1999-11-25 18:47:29.508000+00:00,25E0028,25,25ESGLOBAL01,EUROPA,-000T07:21:31Z,000T02:19:24Z,NOT APPLICABLE,CLEAR,0,6.25,100K,8.667,ON,NORMAL,OFF,NOT INVERTED,N,INTEGER COSINE TRANSFORM,4.483,IM8,NOT POSSIBLE,N/A,WEST,96311.52,585827.1,4.329,17.97,-93.878,182.343,246.216,279.411,132.131,72.701,19.603,267.029,UNK,UNK,972.675,1013.38,94837.0,742515000.0,2.772,58.858,191.546,50.261,19.708,40.728,226.608,-13.788,10.995,400.0,400.0,1565.0,1565.0,1565.0,N/A,N/A,N/A,N/A,N/A,N/A,N/A,N/A,N/A,LSB_UNSIGNED_INTEGER,"frozenset({'N/A', 'MIPS_NEAR.CK', 'S991130A.BSP', 'S000105A.BSP', 'NULL'})","VICAR programs run: SSIMERGE,CATLABEL,BADLABELS.",REDR,2.765,2.398,3.624,SKEWED,"frozenset({800, 1})",0.0
C0527286427R,964.79875406497,-964.79875406497,-7046890.0996905,-695619.90168084,-3389338.023030198,-2302009.827199015,438.4872352143339,-25.51605922638759,304.3244328187225,-84.44010723184603,FIXED_LENGTH,1000,808,"['C0527286427R.IMG', 1]","['C0527286427R.IMG', 3]","['C0527286427R.IMG', 5]","['C0527286427R.IMG', 9]","['C0527286427R.IMG', 9]",GO-J/JSA-SSI-2-REDR-V1.0,GALILEO ORBITER,SOLID STATE IMAGING SYSTEM,1,05272864.27,1999-11-25 18:47:38.175000+00:00,25E0029,25,25ESGLOBAL01,EUROPA,-000T07:21:22Z,000T02:19:33Z,NOT APPLICABLE,CLEAR,0,6.25,100K,8.667,ON,NORMAL,OFF,NOT INVERTED,N,INTEGER COSINE TRANSFORM,4.353,IM8,NOT POSSIBLE,N/A,WEST,96412.76,585734.1,4.323,17.976,-811.33,216.62,269.752,278.994,132.12,72.791,19.201,267.413,UNK,UNK,964.781,1120.77,95062.1,742515000.0,2.772,58.868,204.362,47.763,30.535,40.865,218.824,-25.714,19.247,0.5,220.8,1565.0,1565.0,1565.0,N/A,N/A,N/A,N/A,N/A,N/A,N/A,N/A,N/A,LSB_UNSIGNED_INTEGER,"frozenset({'S000105A.BSP', 'NULL', 'N/A', 'MIPS_NEAR.CK'})","VICAR programs run: SSIMERGE,CATLABEL,BADLABELS.",REDR,3.624,2.806,4.879,SKEWED,"frozenset({800, 1})",1.0
C0527286439R,964.83433073548,-964.83433073548,-4817417.8133623,420667.76820067,-3625847.4149039825,-467944.6504067071,356.7078801900138,15.430529894421262,312.99984253035734,-17.164694951363046,FIXED_LENGTH,1000,812,"['C0527286439R.IMG', 1]","['C0527286439R.IMG', 3]","['C0527286439R.IMG', 5]","['C0527286439R.IMG', 13]","['C0527286439R.IMG', 13]",GO-J/JSA-SSI-2-REDR-V1.0,GALILEO ORBITER,SOLID STATE IMAGING SYSTEM,1,05272864.39,1999-11-25 18:47:46.845000+00:00,25E0030,25,25ESGLOBAL01,EUROPA,-000T07:21:14Z,000T02:19:41Z,NOT APPLICABLE,CLEAR,0,12.5,100K,8.667,ON,NORMAL,OFF,NOT INVERTED,N,INTEGER COSINE TRANSFORM,4.757,IM8,NOT POSSIBLE,N/A,WEST,96514.23,585641.2,4.317,17.983,362.271,-604.871,182.15,279.873,132.505,72.181,19.798,266.779,UNK,UNK,1245.58,967.978,95293.4,742515000.0,2.772,58.878,176.873,79.139,39.021,40.26,252.31,0.027,339.75,400.0,400.0,1565.0,1565.0,1565.0,N/A,N/A,N/A,N/A,N/A,N/A,N/A,N/A,N/A,LSB_UNSIGNED_INTEGER,"frozenset({'N/A', 'MIPS_NEAR.CK', 'S991130A.BSP', 'S000105A.BSP', 'NULL'})","VICAR programs run: SSIMERGE,CATLABEL,BADLABELS.",REDR,3.41,2.517,4.791,SKEWED,"frozenset({800, 1})",0.0
C0527286440R,964.83433073548,-964.83433073548,-4817417.8133623,420667.76820067,-3625847.4149039825,-467944.6504067071,356.7078801900138,15.430529894421262,312.99984253035734,-17.164694951363046,FIXED_LENGTH,1000,810,"['C0527286440R.IMG', 1]","['C0527286440R.IMG', 3]","['C0527286440R.IMG', 5]","['C0527286440R.IMG', 11]","['C0527286440R.IMG', 11]",GO-J/JSA-SSI-2-REDR-V1.0,GALILEO ORBITER,SOLID STATE IMAGING SYSTEM,1,05272864.40,1999-11-25 18:47:46.845000+00:00,25E0030,25,25ESGLOBAL01,EUROPA,-000T07:21:14Z,000T02:19:41Z,NOT APPLICABLE,CLEAR,0,12.5,100K,8.667,ON,NORMAL,OFF,NOT INVERTED,N,INTEGER COSINE TRANSFORM,4.802,IM8,NOT POSSIBLE,N/A,WEST,96514.23,585641.2,4.317,17.983,362.271,-604.871,182.15,279.873,132.505,72.181,19.798,266.779,UNK,UNK,1245.58,967.978,95293.4,742515000.0,2.772,58.878,176.873,79.139,39.021,40.26,252.31,0.027,339.75,400.0,400.0,1565.0,1565.0,1565.0,N/A,N/A,N/A,N/A,N/A,N/A,N/A,N/A,N/A,LSB_UNSIGNED_INTEGER,"frozenset({'N/A', 'MIPS_NEAR.CK', 'S991130A.BSP', 'S000105A.BSP', 'NULL'})","VICAR programs run: SSIMERGE,CATLABEL,BADLABELS.",REDR,4.167,4.042,4.3,SKEWED,"frozenset({24, 265, 800, 1})",1.0
C0527286452R,965.89258217089,-965.89258217089,-4942472.3429684,-281074.74141173,-3094719.8332754867,-1367703.8963539812,361.29500999502227,-10.310112938939252,293.5175321524425,-50.16879698123004,FIXED_LENGTH,1000,811,"['C0527286452R.IMG', 1]","['C0527286452R.IMG', 3]","['C0527286452R.IMG', 5]","['C0527286452R.IMG', 12]","['C0527286452R.IMG', 12]",GO-J/JSA-SSI-2-REDR-V1.0,GALILEO ORBITER,SOLID STATE IMAGING SYSTEM,1,05272864.52,1999-11-25 18:47:55.511000+00:00,25E0031,25,25ESGLOBAL01,EUROPA,-000T07:21:05Z,000T02:19:50Z,NOT APPLICABLE,CLEAR,0,12.5,100K,8.667,ON,NORMAL,OFF,NOT INVERTED,N,INTEGER COSINE TRANSFORM,4.607,IM8,NOT POSSIBLE,N/A,WEST,96615.58,585548.3,4.312,17.99,-374.403,-481.423,217.872,279.434,132.497,72.333,19.397,267.159,UNK,UNK,1016.9,997.166,95168.4,742515000.0,2.772,58.888,185.396,58.952,22.527,40.579,235.826,-10.143,1.111,0.2,0.2,1565.0,1565.0,1565.0,N/A,N/A,N/A,N/A,N/A,N/A,N/A,N/A,N/A,LSB_UNSIGNED_INTEGER,"frozenset({'N/A', 'MIPS_NEAR.CK', 'S991130A.BSP', 'S000105A.BSP', 'NULL'})","VICAR programs run: SSIMERGE,CATLABEL,BADLABELS.",REDR,3.336,2.497,4.133,SKEWED,"frozenset({800, 1})",0.0
C0527286453R,965.89258217089,-965.89258217089,-4942472.3429684,-281074.74141173,-3094719.8332754867,-1367703.8963539812,361.29500999502227,-10.310112938939252,293.5175321524425,-50.16879698123004,FIXED_LENGTH,1000,811,"['C0527286453R.IMG', 1]","['C0527286453R.IMG', 3]","['C0527286453R.IMG', 5]","['C0527286453R.IMG', 12]","['C0527286453R.IMG', 12]",GO-J/JSA-SSI-2-REDR-V1.0,GALILEO ORBITER,SOLID STATE IMAGING SYSTEM,1,05272864.53,1999-11-25 18:47:55.511000+00:00,25E0031,25,25ESGLOBAL01,EUROPA,-000T07:21:05Z,000T02:19:50Z,NOT APPLICABLE,CLEAR,0,12.5,100K,8.667,ON,NORMAL,OFF,NOT INVERTED,N,INTEGER COSINE TRANSFORM,4.734,IM8,NOT POSSIBLE,N/A,WEST,96615.58,585548.3,4.312,17.99,-374.403,-481.423,217.872,279.434,132.497,72.333,19.397,267.159,UNK,UNK,1016.9,997.166,95168.4,742515000.0,2.772,58.888,185.396,58.952,22.527,40.579,235.826,-10.143,1.111,0.2,0.2,1565.0,1565.0,1565.0,N/A,N/A,N/A,N/A,N/A,N/A,N/A,N/A,N/A,LSB_UNSIGNED_INTEGER,"frozenset({'N/A', 'MIPS_NEAR.CK', 'S991130A.BSP', 'S000105A.BSP', 'NULL'})","VICAR programs run: SSIMERGE,CATLABEL,BADLABELS.",REDR,3.938,4.005,4.418,SKEWED,"frozenset({584, 185, 800, 1})",1.0
C0532836239R,10.074834300746,-10.074834300746,-4018408.1098583,-914291.2127927,-4008403.7993976595,-922623.1007594169,327.3993758361223,-33.537149640793324,327.03240735575525,-33.84277193008188,FIXED_LENGTH,1000,808,"['C0532836239R.IMG', 1]","['C0532836239R.IMG', 3]","['C0532836239R.IMG', 5]","['C0532836239R.IMG', 9]","['C0532836239R.IMG', 9]",GO-J/JSA-SSI-2-REDR-V1.0,GALILEO ORBITER,SOLID STATE IMAGING SYSTEM,1,05328362.39,2000-01-03 18:02:23.556000+00:00,26E0001,26,26ESTERMIN01,EUROPA,038T15:53:22Z,000T00:03:18Z,NOT APPLICABLE,CLEAR,0,12.5,100K,8.667,ON,NORMAL,OFF,NOT INVERTED,N,INTEGER COSINE TRANSFORM,5.03,IM8,NOT POSSIBLE,N/A,WEST,2631.055,674370.7,-32.487,331.702,344.908,1297.769,356.488,257.623,92.383,122.68,54.63,265.805,UNK,UNK,10.5893,10.8592,1066.13,743341000.0,2.781,45.747,186.585,77.788,0.88,78.654,253.622,-32.48,332.124,400.0,400.0,1565.0,1565.0,1565.0,N/A,N/A,N/A,N/A,N/A,N/A,N/A,N/A,N/A,LSB_UNSIGNED_INTEGER,"frozenset({'CKE26F.PLT', 'SSI_SNI P.E26AFC_FIXED_OBSID', 'S000105A.BSP', 'N/A'})","VICAR programs run: SSIMERGE,CATLABEL,BADLABELS.",REDR,9.642,8.005,11.566,SKEWED,"frozenset({800, 1})",0.0
C0532836252R,10.773863672809,-10.773863672809,-4009504.1396995,-909087.84284795,-3998827.2407997465,-917976.2803780175,327.0727689788818,-33.34628463626106,326.6811292572149,-33.672321740575114,FIXED_LENGTH,1000,809,"['C0532836252R.IMG', 1]","['C0532836252R.IMG', 3]","['C0532836252R.IMG', 5]","['C0532836252R.IMG', 10]","['C0532836252R.IMG', 10]",GO-J/JSA-SSI-2-REDR-V1.0,GALILEO ORBITER,SOLID STATE IMAGING SYSTEM,1,05328362.52,2000-01-03 18:02:32.223000+00:00,26E0002,26,26ESTERMIN01,EUROPA,038T15:53:31Z,000T00:03:27Z,NOT APPLICABLE,CLEAR,0,12.5,100K,8.667,ON,NORMAL,OFF,NOT INVERTED,N,INTEGER COSINE TRANSFORM,5.433,IM8,NOT POSSIBLE,N/A,WEST,2698.495,674272.9,-31.578,333.138,-1064.037,-2592.341,206.071,262.727,95.94,116.245,53.635,263.842,UNK,UNK,12.0071,11.4832,1134.61,743341000.0,2.781,45.757,186.618,78.099,3.341,74.95,254.04,-32.299,331.717,400.0,400.0,1565.0,1565.0,1565.0,N/A,N/A,N/A,N/A,N/A,N/A,N/A,N/A,N/A,LSB_UNSIGNED_INTEGER,"frozenset({'CKE26F.PLT', 'SSI_SNI P.E26AFC_FIXED_OBSID', 'S000105A.BSP', 'N/A'})","VICAR programs run: SSIMERGE,CATLABEL,BADLABELS.",REDR,7.284,5.272,10.164,SKEWED,"frozenset({800, 1})",0.0
C0532836800R,43.998534146787,-43.998534146787,-4226763.1813452,-441833.27990204,-4182016.672117918,-480815.9811560933,335.04205588499934,-16.206902808456643,333.40070753246,-17.63682870850568,FIXED_LENGTH,1000,809,"['C0532836800R.IMG', 1]","['C0532836800R.IMG', 3]","['C0532836800R.IMG', 5]","['C0532836800R.IMG', 10]","['C0532836800R.IMG', 10]",GO-J/JSA-SSI-2-REDR-V1.0,GALILEO ORBITER,SOLID STATE IMAGING SYSTEM,1,05328368.00,2000-01-03 18:08:01.556000+00:00,26E0003,26,26ESTERMIN01,EUROPA,038T15:59:00Z,000T00:08:56Z,NOT APPLICABLE,CLEAR,0,12.5,100K,8.667,ON,NORMAL,OFF,NOT INVERTED,N,INTEGER COSINE TRANSFORM,6.03,IM8,NOT POSSIBLE,N/A,WEST,5902.867,670570.7,-13.761,354.974,78.589,-11447.34,181.554,284.761,123.311,78.915,37.169,259.18,UNK,UNK,50.4539,45.3859,4463.48,743338000.0,2.781,46.143,184.682,73.255,26.783,46.513,251.767,-16.602,334.533,400.0,400.0,1565.0,1565.0,1565.0,N/A,N/A,N/A,N/A,N/A,N/A,N/A,N/A,N/A,LSB_UNSIGNED_INTEGER,"frozenset({'SSI_S NIP.E26AFC_FIXED_OBSID', 'S000105A.BSP', 'N/A', 'MIPS_NEAR.CK'})","VICAR programs run: SSIMERGE,CATLABEL,BADLABELS.",REDR,5.666,4.453,6.39,SKEWED,"frozenset({800, 1})",0.0
C0532836813R,45.131029371704,-45.131029371704,-4186625.0706955,-443908.80490008,-4140230.372501388,-483669.24177655124,333.56974837036626,-16.283035217330898,331.86794273764804,-17.741489266382192,FIXED_LENGTH,1000,808,"['C0532836813R.IMG', 1]","['C0532836813R.IMG', 3]","['C0532836813R.IMG', 5]","['C0532836813R.IMG', 9]","['C0532836813R.IMG', 9]",GO-J/JSA-SSI-2-REDR-V1.0,GALILEO ORBITER,SOLID STATE IMAGING SYSTEM,1,05328368.13,2000-01-03 18:08:10.223000+00:00,26E0004,26,26ESTERMIN01,EUROPA,038T15:59:09Z,000T00:09:05Z,NOT APPLICABLE,CLEAR,0,12.5,100K,8.667,ON,NORMAL,OFF,NOT INVERTED,N,INTEGER COSINE TRANSFORM,6.025,IM8,NOT POSSIBLE,N/A,WEST,5994.54,670473.5,-13.544,355.202,-12.392,-12119.921,181.887,285.033,123.916,78.223,36.798,259.199,UNK,UNK,52.8104,46.4772,4576.52,743338000.0,2.781,46.153,184.73,74.73,28.899,45.866,253.23,-16.652,332.996,400.0,400.0,1565.0,1565.0,1565.0,N/A,N/A,N/A,N/A,N/A,N/A,N/A,N/A,N/A,LSB_UNSIGNED_INTEGER,"frozenset({'SSI_S NIP.E26AFC_FIXED_OBSID', 'S000105A.BSP', 'N/A', 'MIPS_NEAR.CK'})","VICAR programs run: SSIMERGE,CATLABEL,BADLABELS.",REDR,5.29,4.482,5.854,SKEWED,"frozenset({800, 1})",0.0
C0532836826R,46.248411700588,-46.248411700588,-4152413.6445373,-443846.00709054,-4104361.544780389,-484405.8641519557,332.31483778778727,-16.280731728566938,330.5522369473183,-17.768509338856955,FIXED_LENGTH,1000,808,"['C0532836826R.IMG', 1]","['C0532836826R.IMG', 3]","['C0532836826R.IMG', 5]","['C0532836826R.IMG', 9]","['C0532836826R.IMG', 9]",GO-J/JSA-SSI-2-REDR-V1.0,GALILEO ORBITER,SOLID STATE IMAGING SYSTEM,1,05328368.26,2000-01-03 18:08:18.890000+00:00,26E0005,26,26ESTERMIN01,EUROPA,038T15:59:17Z,000T00:09:13Z,NOT APPLICABLE,CLEAR,0,12.5,100K,8.667,ON,NORMAL,OFF,NOT INVERTED,N,INTEGER COSINE TRANSFORM,6.175,IM8,NOT POSSIBLE,N/A,WEST,6086.369,670376.4,-13.333,355.423,-53.823,-12632.252,181.994,285.3,124.478,77.648,36.474,259.173,UNK,UNK,55.1991,47.6259,4687.96,743338000.0,2.781,46.163,184.7,75.982,30.693,45.321,254.659,-16.63,331.685,400.0,400.0,1565.0,1565.0,1565.0,N/A,N/A,N/A,N/A,N/A,N/A,N/A,N/A,N/A,LSB_UNSIGNED_INTEGER,"frozenset({'SSI_S NIP.E26AFC_FIXED_OBSID', 'S000105A.BSP', 'N/A', 'MIPS_NEAR.CK'})","VICAR programs run: SSIMERGE,CATLABEL,BADLABELS.",REDR,4.585,3.148,5.474,SKEWED,"frozenset({800, 1})",0.0
C0532836827R,46.248411700588,-46.248411700588,-4152413.6445373,-443846.00709054,-4104361.544780389,-484405.8641519557,332.31483778778727,-16.280731728566938,330.5522369473183,-17.768509338856955,FIXED_LENGTH,1000,810,"['C0532836827R.IMG', 1]","['C0532836827R.IMG', 3]","['C0532836827R.IMG', 5]","['C0532836827R.IMG', 11]","['C0532836827R.IMG', 11]",GO-J/JSA-SSI-2-REDR-V1.0,GALILEO ORBITER,SOLID STATE IMAGING SYSTEM,1,05328368.27,2000-01-03 18:08:18.890000+00:00,26E0005,26,26ESTERMIN01,EUROPA,038T15:59:17Z,000T00:09:13Z,NOT APPLICABLE,CLEAR,0,12.5,100K,8.667,ON,NORMAL,OFF,NOT INVERTED,N,HUFFMAN,6.049,IM8,NOT POSSIBLE,N/A,WEST,6086.369,670376.4,-13.333,355.423,-53.823,-12632.252,181.994,285.3,124.478,77.648,36.474,259.173,UNK,UNK,55.1991,47.6259,4687.96,743338000.0,2.781,46.163,184.7,75.982,30.693,45.321,254.659,-16.63,331.685,400.0,400.0,1565.0,1565.0,1565.0,N/A,N/A,N/A,N/A,N/A,N/A,N/A,N/A,N/A,LSB_UNSIGNED_INTEGER,"frozenset({'SSI_S NIP.E26AFC_FIXED_OBSID', 'S000105A.BSP', 'N/A', 'MIPS_NEAR.CK'})","VICAR programs run: SSIMERGE,CATLABEL,BADLABELS.",REDR,1.274,1.141,1.364,UNIFORM,"frozenset({152, 201, 425, 128})",1.0
C0532836839R,47.404809227266,-47.404809227266,-4112699.0341299,-446031.85001935,-4062829.174822816,-487368.84366552596,330.85806470113533,-16.36091071352169,329.0287865556762,-17.87719449949159,FIXED_LENGTH,1000,809,"['C0532836839R.IMG', 1]","['C0532836839R.IMG', 3]","['C0532836839R.IMG', 5]","['C0532836839R.IMG', 10]","['C0532836839R.IMG', 10]",GO-J/JSA-SSI-2-REDR-V1.0,GALILEO ORBITER,SOLID STATE IMAGING SYSTEM,1,05328368.39,2000-01-03 18:08:27.556000+00:00,26E0006,26,26ESTERMIN01,EUROPA,038T15:59:26Z,000T00:09:22Z,NOT APPLICABLE,CLEAR,0,12.5,100K,8.667,ON,NORMAL,OFF,NOT INVERTED,N,INTEGER COSINE TRANSFORM,6.289,IM8,NOT POSSIBLE,N/A,WEST,6178.337,670279.3,-13.128,355.637,-88.827,-13205.746,182.058,285.776,125.01,77.053,36.124,258.945,UNK,UNK,57.5729,48.79,4803.5,743338000.0,2.781,46.173,184.483,77.444,32.722,44.749,256.104,-16.692,330.166,400.0,400.0,1565.0,1565.0,1565.0,N/A,N/A,N/A,N/A,N/A,N/A,N/A,N/A,N/A,LSB_UNSIGNED_INTEGER,"frozenset({'SSI_S NIP.E26AFC_FIXED_OBSID', 'S000105A.BSP', 'N/A', 'MIPS_NEAR.CK'})","VICAR programs run: SSIMERGE,CATLABEL,BADLABELS.",REDR,4.672,4.226,5.316,SKEWED,"frozenset({400, 1, 800})",0.0
C0532837665R,104.33810156722,-104.33810156722,-4086714.7621849,275974.2786453,-3947736.410897363,182904.69204733978,329.9049346651759,10.123022676404004,324.8070646443932,6.709133743567607,FIXED_LENGTH,1000,808,"['C0532837665R.IMG', 1]","['C0532837665R.IMG', 3]","['C0532837665R.IMG', 5]","['C0532837665R.IMG', 9]","['C0532837665R.IMG', 9]",GO-J/JSA-SSI-2-REDR-V1.0,GALILEO ORBITER,SOLID STATE IMAGING SYSTEM,1,05328376.65,2000-01-03 18:16:50.223000+00:00,26E0007,26,26ESTERMIN01,EUROPA,038T16:07:49Z,000T00:17:45Z,NOT APPLICABLE,CLEAR,0,12.5,100K,8.667,ON,NORMAL,OFF,NOT INVERTED,N,INTEGER COSINE TRANSFORM,5.966,IM8,NOT POSSIBLE,N/A,WEST,11644.74,664658.6,-6.824,2.302,5409.628,-7158.431,146.464,286.264,128.497,73.684,33.339,259.834,UNK,UNK,134.38,119.473,10451.3,743333000.0,2.781,46.762,178.379,78.634,43.012,41.172,259.433,8.84,327.84,400.0,400.0,1565.0,1565.0,1565.0,N/A,N/A,N/A,N/A,N/A,N/A,N/A,N/A,N/A,LSB_UNSIGNED_INTEGER,"frozenset({'SSI_S NIP.E26AFC_FIXED_OBSID', 'S000105A.BSP', 'N/A', 'MIPS_NEAR.CK'})","VICAR programs run: SSIMERGE,CATLABEL,BADLABELS.",REDR,5.729,4.858,7.029,SKEWED,"frozenset({704, 1, 800})",0.0
C0532837666R,104.33810156722,-104.33810156722,-4086714.7621849,275974.2786453,-3947736.410897363,182904.69204733978,329.9049346651759,10.123022676404004,324.8070646443932,6.709133743567607,FIXED_LENGTH,1000,810,"['C0532837666R.IMG', 1]","['C0532837666R.IMG', 3]","['C0532837666R.IMG', 5]","['C0532837666R.IMG', 11]","['C0532837666R.IMG', 11]",GO-J/JSA-SSI-2-REDR-V1.0,GALILEO ORBITER,SOLID STATE IMAGING SYSTEM,1,05328376.66,2000-01-03 18:16:50.223000+00:00,26E0007,26,26ESTERMIN01,EUROPA,038T16:07:49Z,000T00:17:45Z,NOT APPLICABLE,CLEAR,0,12.5,100K,8.667,ON,NORMAL,OFF,NOT INVERTED,N,INTEGER COSINE TRANSFORM,5.947,IM8,NOT POSSIBLE,N/A,WEST,11644.74,664658.6,-6.824,2.302,5409.628,-7158.431,146.464,286.264,128.497,73.684,33.339,259.834,UNK,UNK,134.38,119.473,10451.3,743333000.0,2.781,46.762,178.379,78.634,43.012,41.172,259.433,8.84,327.84,400.0,400.0,1565.0,1565.0,1565.0,N/A,N/A,N/A,N/A,N/A,N/A,N/A,N/A,N/A,LSB_UNSIGNED_INTEGER,"frozenset({'SSI_S NIP.E26AFC_FIXED_OBSID', 'S000105A.BSP', 'N/A', 'MIPS_NEAR.CK'})","VICAR programs run: SSIMERGE,CATLABEL,BADLABELS.",REDR,3.954,3.183,4.856,SKEWED,"frozenset({624, 177, 800, 1})",1.0
C0532837678R,105.95450572392,-105.95450572392,-3983783.4607137,274528.12433068,-3830679.1999426354,181394.11379935432,326.1293078059643,10.069976236741802,320.51328477929826,6.653724167233526,FIXED_LENGTH,1000,813,"['C0532837678R.IMG', 1]","['C0532837678R.IMG', 3]","['C0532837678R.IMG', 5]","['C0532837678R.IMG', 14]","['C0532837678R.IMG', 14]",GO-J/JSA-SSI-2-REDR-V1.0,GALILEO ORBITER,SOLID STATE IMAGING SYSTEM,1,05328376.78,2000-01-03 18:16:58.889000+00:00,26E0008,26,26ESTERMIN01,EUROPA,038T16:07:57Z,000T00:17:53Z,NOT APPLICABLE,CLEAR,0,12.5,100K,8.667,ON,NORMAL,OFF,NOT INVERTED,N,INTEGER COSINE TRANSFORM,5.886,IM8,NOT POSSIBLE,N/A,WEST,11740.16,664561.9,-6.767,2.366,5369.233,-7872.284,149.006,286.53,128.952,73.164,33.136,259.782,UNK,UNK,146.694,122.971,10617.1,743333000.0,2.781,46.772,180.253,82.591,47.012,40.693,263.289,8.759,323.846,400.0,400.0,1565.0,1565.0,1565.0,N/A,N/A,N/A,N/A,N/A,N/A,N/A,N/A,N/A,LSB_UNSIGNED_INTEGER,"frozenset({'SSI_S NIP.E26AFC_FIXED_OBSID', 'S000105A.BSP', 'N/A', 'MIPS_NEAR.CK'})","VICAR programs run: SSIMERGE,CATLABEL,BADLABELS.",REDR,5.186,4.661,5.557,SKEWED,"frozenset({400, 1, 800})",0.0
C0532837679R,105.95450572392,-105.95450572392,-3983783.4607137,274528.12433068,-3830679.1999426354,181394.11379935432,326.1293078059643,10.069976236741802,320.51328477929826,6.653724167233526,FIXED_LENGTH,1000,811,"['C0532837679R.IMG', 1]","['C0532837679R.IMG', 3]","['C0532837679R.IMG', 5]","['C0532837679R.IMG', 12]","['C0532837679R.IMG', 12]",GO-J/JSA-SSI-2-REDR-V1.0,GALILEO ORBITER,SOLID STATE IMAGING SYSTEM,1,05328376.79,2000-01-03 18:16:58.889000+00:00,26E0008,26,26ESTERMIN01,EUROPA,038T16:07:57Z,000T00:17:53Z,NOT APPLICABLE,CLEAR,0,12.5,100K,8.667,ON,NORMAL,OFF,NOT INVERTED,N,INTEGER COSINE TRANSFORM,5.952,IM8,NOT POSSIBLE,N/A,WEST,11740.16,664561.9,-6.767,2.366,5369.233,-7872.284,149.006,286.53,128.952,73.164,33.136,259.782,UNK,UNK,146.694,122.971,10617.1,743333000.0,2.781,46.772,180.253,82.591,47.012,40.693,263.289,8.759,323.846,400.0,400.0,1565.0,1565.0,1565.0,N/A,N/A,N/A,N/A,N/A,N/A,N/A,N/A,N/A,LSB_UNSIGNED_INTEGER,"frozenset({'SSI_S NIP.E26AFC_FIXED_OBSID', 'S000105A.BSP', 'N/A', 'MIPS_NEAR.CK'})","VICAR programs run: SSIMERGE,CATLABEL,BADLABELS.",REDR,4.305,2.896,4.665,SKEWED,"frozenset({400, 401, 800, 1})",1.0
C0532837700R,108.02294851077,-108.02294851077,-3834058.5114928,299763.68211739,-3650851.590818534,203839.30383982623,320.6372414306966,10.995642661093262,313.91702162773663,7.477037009543456,FIXED_LENGTH,1000,847,"['C0532837700R.IMG', 1]","['C0532837700R.IMG', 3]","['C0532837700R.IMG', 5]","['C0532837700R.IMG', 48]","['C0532837700R.IMG', 48]",GO-J/JSA-SSI-2-REDR-V1.0,GALILEO ORBITER,SOLID STATE IMAGING SYSTEM,1,05328377.00,2000-01-03 18:17:07.556000+00:00,26E0009,26,26ESTERMIN01,EUROPA,038T16:08:06Z,000T00:18:02Z,NOT APPLICABLE,CLEAR,0,12.5,100K,8.667,ON,NORMAL,OFF,NOT INVERTED,N,INTEGER COSINE TRANSFORM,4.087,IM8,NOT POSSIBLE,N/A,WEST,11835.6,664465.1,-6.71,2.43,5511.335,-8850.247,151.077,286.955,129.53,72.438,32.984,259.658,UNK,UNK,171.836,131.763,10843.5,743333000.0,2.781,46.783,183.876,88.901,53.79,40.071,269.349,9.483,317.433,400.0,400.0,1565.0,1565.0,1565.0,N/A,N/A,N/A,N/A,N/A,N/A,N/A,N/A,N/A,LSB_UNSIGNED_INTEGER,"frozenset({'CKE26F.PLT', 'SSI_SNI P.E26AFC_FIXED_OBSID', 'S000105A.BSP', 'N/A'})","VICAR programs run: SSIMERGE,CATLABEL,BADLABELS.",REDR,8.218,5.506,15.457,SKEWED,"frozenset({800, 1, 704})",0.0
C0532837701R,108.02294851077,-108.02294851077,-3834058.5114928,299763.68211739,-3650851.590818534,203839.30383982623,320.6372414306966,10.995642661093262,313.91702162773663,7.477037009543456,FIXED_LENGTH,1000,811,"['C0532837701R.IMG', 1]","['C0532837701R.IMG', 3]","['C0532837701R.IMG', 5]","['C0532837701R.IMG', 12]","['C0532837701R.IMG', 12]",GO-J/JSA-SSI-2-REDR-V1.0,GALILEO ORBITER,SOLID STATE IMAGING SYSTEM,1,05328377.01,2000-01-03 18:17:07.556000+00:00,26E0009,26,26ESTERMIN01,EUROPA,038T16:08:06Z,000T00:18:02Z,NOT APPLICABLE,CLEAR,0,12.5,100K,8.667,ON,NORMAL,OFF,NOT INVERTED,N,INTEGER COSINE TRANSFORM,3.863,IM8,NOT POSSIBLE,N/A,WEST,11835.6,664465.1,-6.71,2.43,5511.335,-8850.247,151.077,286.955,129.53,72.438,32.984,259.658,UNK,UNK,171.836,131.763,10843.5,743333000.0,2.781,46.783,183.876,88.901,53.79,40.071,269.349,9.483,317.433,400.0,400.0,1565.0,1565.0,1565.0,N/A,N/A,N/A,N/A,N/A,N/A,N/A,N/A,N/A,LSB_UNSIGNED_INTEGER,"frozenset({'CKE26F.PLT', 'SSI_SNI P.E26AFC_FIXED_OBSID', 'S000105A.BSP', 'N/A'})","VICAR programs run: SSIMERGE,CATLABEL,BADLABELS.",REDR,6.507,6.265,6.987,SKEWED,"frozenset({32, 305, 800, 1})",1.0
C0552809300R,13832.466711271,-13832.466711271,-4910525.6825012,2379184.2743386,3430451.744395213,-2448346.6078949785,360.12317336614393,87.27094596894827,54.16747325407377,-89.80789207269764,FIXED_LENGTH,1000,810,"['C0552809300R.IMG', 1]","['C0552809300R.IMG', 3]","['C0552809300R.IMG', 5]","['C0552809300R.IMG', 11]","['C0552809300R.IMG', 11]",GO-J/JSA-SSI-2-REDR-V1.0,GALILEO ORBITER,SOLID STATE IMAGING SYSTEM,1,05528093.00,2000-05-22 23:52:05.277000+00:00,28E0001,28,28ESGLOCOL01,EUROPA,001T19:00:01Z,002T02:24:00Z,NOT APPLICABLE,GREEN,1,45.83,100K,8.667,ON,NORMAL,OFF,NOT INVERTED,Y,BARC RATE CONTROL,2.14,IM4,NOT POSSIBLE,N/A,WEST,1363819.0,1960889.0,-1.461,146.912,111.785,212.914,57.012,261.906,113.71,114.967,23.939,267.076,UNK,UNK,13829.5,13830.7,1362260.0,745814000.0,2.739,210.499,180.86,63.707,0.006,63.707,243.587,-1.461,146.912,111.6,212.8,1564.13,1561.23,1560.93,N/A,N/A,N/A,N/A,N/A,N/A,N/A,N/A,N/A,LSB_UNSIGNED_INTEGER,"frozenset({'CKG28ABA.PLT', 'S001024A.BSP', 'N/A', 'SSI_S NIP.G28AGD_FIXED_PICNOS_ACTID'})","VICAR programs run: SSIMERGE,UNMOSAIC,CATLABEL,BADL ABELS.",REDR,,,,,"frozenset({240, 1, 400})",
C0552809307R,13832.690694972,-13832.690694972,-4910605.1967151,2379222.7995352,3416674.6016580444,-2448386.253010028,360.1260900299517,87.27235911310326,54.672833134092386,-89.80934629662252,FIXED_LENGTH,1000,810,"['C0552809307R.IMG', 1]","['C0552809307R.IMG', 3]","['C0552809307R.IMG', 5]","['C0552809307R.IMG', 11]","['C0552809307R.IMG', 11]",GO-J/JSA-SSI-2-REDR-V1.0,GALILEO ORBITER,SOLID STATE IMAGING SYSTEM,1,05528093.07,2000-05-22 23:52:14.019000+00:00,28E0002,28,28ESGLOCOL01,EUROPA,001T19:00:10Z,002T02:24:09Z,NOT APPLICABLE,VIOLET,3,195.83,100K,8.667,ON,NORMAL,OFF,NOT INVERTED,Y,BARC RATE CONTROL,1.908,IM4,NOT POSSIBLE,N/A,WEST,1363841.0,1960971.0,-1.461,146.925,120.017,556.053,119.134,261.819,113.513,115.181,23.916,267.081,UNK,UNK,13828.9,13831.4,1362280.0,745814000.0,2.739,210.509,180.861,63.704,0.006,63.704,243.584,-1.461,146.925,119.8,556.2,1564.13,1561.23,1560.93,N/A,N/A,N/A,N/A,N/A,N/A,N/A,N/A,N/A,LSB_UNSIGNED_INTEGER,"frozenset({'CKG28ABA.PLT', 'S001024A.BSP', 'N/A', 'SSI_S NIP.G28AGD_FIXED_PICNOS_ACTID'})","VICAR programs run: SSIMERGE,UNMOSAIC,CATLABEL,BADL ABELS.",REDR,,,,,"frozenset({400, 1, 401, 240})",
C0552809352R,13833.356675478,-13833.356675478,-4910841.6197947,2324003.9214803,3416839.098843056,-2448504.1315596104,360.1347622736397,85.24687341400382,54.66679920679218,-89.81367020404005,FIXED_LENGTH,1000,810,"['C0552809352R.IMG', 1]","['C0552809352R.IMG', 3]","['C0552809352R.IMG', 5]","['C0552809352R.IMG', 11]","['C0552809352R.IMG', 11]",GO-J/JSA-SSI-2-REDR-V1.0,GALILEO ORBITER,SOLID STATE IMAGING SYSTEM,1,05528093.52,2000-05-22 23:52:39.969000+00:00,28E0003,28,28ESGLOCOL01,EUROPA,001T19:00:35Z,002T02:24:34Z,NOT APPLICABLE,IR-7560,4,95.83,40K,8.667,ON,NORMAL,OFF,NOT INVERTED,Y,BARC RATE CONTROL,2.096,IM4,NOT POSSIBLE,N/A,WEST,1363907.0,1961212.0,-1.462,146.964,117.415,213.613,56.592,261.912,113.721,114.956,23.944,267.074,UNK,UNK,13831.8,13831.8,1362340.0,745814000.0,2.739,210.54,180.86,63.696,0.006,63.696,243.576,-1.462,146.964,117.2,213.5,1564.13,1561.23,1560.93,N/A,N/A,N/A,N/A,N/A,N/A,N/A,N/A,N/A,LSB_UNSIGNED_INTEGER,"frozenset({'CKG28ABA.PLT', 'S001024A.BSP', 'N/A', 'SSI_S NIP.G28AGD_FIXED_PICNOS_ACTID'})","VICAR programs run: SSIMERGE,UNMOSAIC,CATLABEL,BADL ABELS.",REDR,,,,,"frozenset({240, 1, 400})",
C0552809359R,13833.581606818,-13833.581606818,-4910921.4704204,2337875.2915522,3375393.912063582,-2448543.944406828,360.13769127738107,85.75568965035718,56.187051629068264,-89.81513058055475,FIXED_LENGTH,1000,810,"['C0552809359R.IMG', 1]","['C0552809359R.IMG', 3]","['C0552809359R.IMG', 5]","['C0552809359R.IMG', 11]","['C0552809359R.IMG', 11]",GO-J/JSA-SSI-2-REDR-V1.0,GALILEO ORBITER,SOLID STATE IMAGING SYSTEM,1,05528093.59,2000-05-22 23:52:48.719000+00:00,28E0004,28,28ESGLOCOL01,EUROPA,001T19:00:44Z,002T02:24:43Z,NOT APPLICABLE,IR-9680,5,262.5,40K,8.667,ON,NORMAL,OFF,NOT INVERTED,Y,BARC RATE CONTROL,1.724,IM4,NOT POSSIBLE,N/A,WEST,1363929.0,1961294.0,-1.462,146.977,116.258,558.039,119.117,261.824,113.523,115.17,23.916,267.079,UNK,UNK,13826.6,13831.9,1362360.0,745814000.0,2.739,210.55,180.861,63.693,0.006,63.693,243.573,-1.462,146.977,116.1,558.1,1564.13,1561.23,1560.93,N/A,N/A,N/A,N/A,N/A,N/A,N/A,N/A,N/A,LSB_UNSIGNED_INTEGER,"frozenset({'CKG28ABA.PLT', 'S001024A.BSP', 'N/A', 'SSI_S NIP.G28AGD_FIXED_PICNOS_ACTID'})","VICAR programs run: SSIMERGE,UNMOSAIC,CATLABEL,BADL ABELS.",REDR,,,,,"frozenset({400, 1, 401, 240})",
C0553019400R,33911.601783232,-33911.601783232,-4917182.2585686,2272077.3194765,4476331.435386663,-2441635.328392748,360.3673434779684,83.34215181395689,15.80352179936392,-89.56171538216597,FIXED_LENGTH,1000,811,"['C0553019400R.IMG', 1]","['C0553019400R.IMG', 3]","['C0553019400R.IMG', 5]","['C0553019400R.IMG', 12]","['C0553019400R.IMG', 12]",GO-J/JSA-SSI-2-REDR-V1.0,GALILEO ORBITER,SOLID STATE IMAGING SYSTEM,1,05530194.00,2000-05-24 11:16:43.983000+00:00,28E0005,28,28ESECLIPS01,EUROPA,003T06:24:39Z,003T13:48:38Z,NOT APPLICABLE,CLEAR,0,25595.8,10K,8.667,ON,NORMAL,OFF,NOT INVERTED,Y,BARC RATE CONTROL,3.648,IM4,NOT POSSIBLE,N/A,WEST,3340413.0,3033257.0,-1.036,305.116,97.842,147.486,50.114,265.891,122.394,105.485,24.888,266.855,UNK,UNK,33901.3,33898.3,3338850.0,747113000.0,2.733,359.908,180.931,54.905,0.004,54.905,234.792,-1.036,305.116,97.5,147.2,1564.13,1561.23,1560.93,N/A,N/A,N/A,N/A,N/A,N/A,N/A,N/A,N/A,LSB_UNSIGNED_INTEGER,"frozenset({'CKG28ABA.PLT', 'S001024A.BSP', 'N/A', 'SSI_S NIP.G28AGD_FIXED_PICNOS_ACTID'})","VICAR programs run: SSIMERGE,UNMOSAIC,CATLABEL,BADL ABELS.",REDR,,,,,"frozenset({240, 1, 300})",
C0553019500R,33922.948372402,-33922.948372402,-4918827.5139983,2204991.6442061,4884904.56562588,-2442452.2828129744,360.4276931529638,80.88137968925838,0.8166357653331602,-89.59168211733468,FIXED_LENGTH,1000,812,"['C0553019500R.IMG', 1]","['C0553019500R.IMG', 3]","['C0553019500R.IMG', 5]","['C0553019500R.IMG', 13]","['C0553019500R.IMG', 13]",GO-J/JSA-SSI-2-REDR-V1.0,GALILEO ORBITER,SOLID STATE IMAGING SYSTEM,1,05530195.00,2000-05-24 11:17:44.649000+00:00,28E0006,28,28ESECLIPS01,EUROPA,003T06:25:40Z,003T13:49:39Z,NOT APPLICABLE,GREEN,1,25595.8,10K,8.667,ON,NORMAL,OFF,NOT INVERTED,Y,BARC RATE CONTROL,3.708,IM4,NOT POSSIBLE,N/A,WEST,3341530.0,3033722.0,-1.035,305.174,103.306,325.396,75.885,265.837,122.278,105.613,24.882,266.858,UNK,UNK,33919.0,33908.9,3339970.0,747113000.0,2.733,359.979,180.931,54.918,0.004,54.918,234.805,-1.035,305.174,103.1,325.3,1564.13,1561.23,1560.93,N/A,N/A,N/A,N/A,N/A,N/A,N/A,N/A,N/A,LSB_UNSIGNED_INTEGER,"frozenset({'CKG28ABA.PLT', 'S001024A.BSP', 'N/A', 'SSI_S NIP.G28AGD_FIXED_PICNOS_ACTID'})","VICAR programs run: SSIMERGE,UNMOSAIC,CATLABEL,BADL ABELS.",REDR,,,,,"frozenset({200, 1, 241, 240})",
C0553019600R,33934.29068529,-33934.29068529,-4920472.149367,2205728.8945438,4716866.40525536,-2443268.9293409293,360.4880200834788,80.90842279604122,6.9804497130753305,-89.62163755869565,FIXED_LENGTH,1000,812,"['C0553019600R.IMG', 1]","['C0553019600R.IMG', 3]","['C0553019600R.IMG', 5]","['C0553019600R.IMG', 13]","['C0553019600R.IMG', 13]",GO-J/JSA-SSI-2-REDR-V1.0,GALILEO ORBITER,SOLID STATE IMAGING SYSTEM,1,05530196.00,2000-05-24 11:18:45.316000+00:00,28E0007,28,28ESECLIPS01,EUROPA,003T06:26:41Z,003T13:50:40Z,NOT APPLICABLE,RED,2,25595.8,10K,8.667,ON,NORMAL,OFF,NOT INVERTED,Y,BARC RATE CONTROL,3.773,IM4,NOT POSSIBLE,N/A,WEST,3342646.0,3034188.0,-1.035,305.232,99.334,500.889,108.549,265.782,122.163,105.74,24.871,266.861,UNK,UNK,33927.0,33921.3,3341080.0,747113000.0,2.733,0.05,180.932,54.931,0.004,54.931,234.818,-1.035,305.232,99.1,501.0,1564.13,1561.23,1560.93,N/A,N/A,N/A,N/A,N/A,N/A,N/A,N/A,N/A,LSB_UNSIGNED_INTEGER,"frozenset({'CKG28ABA.PLT', 'S001024A.BSP', 'N/A', 'SSI_S NIP.G28AGD_FIXED_PICNOS_ACTID'})","VICAR programs run: SSIMERGE,UNMOSAIC,CATLABEL,BADL ABELS.",REDR,,,,,"frozenset({240, 1, 340, 231})",
C0553019700R,33945.62834113,-33945.62834113,-4922116.1094639,2342248.355538,4718442.33941702,-2444085.24056133,360.5483222443241,85.9160981714372,6.922642814065341,-89.65158070062789,FIXED_LENGTH,1000,812,"['C0553019700R.IMG', 1]","['C0553019700R.IMG', 3]","['C0553019700R.IMG', 5]","['C0553019700R.IMG', 13]","['C0553019700R.IMG', 13]",GO-J/JSA-SSI-2-REDR-V1.0,GALILEO ORBITER,SOLID STATE IMAGING SYSTEM,1,05530197.00,2000-05-24 11:19:45.982000+00:00,28E0008,28,28ESECLIPS01,EUROPA,003T06:27:41Z,003T13:51:40Z,NOT APPLICABLE,VIOLET,3,25595.8,10K,8.667,ON,NORMAL,OFF,NOT INVERTED,Y,BARC RATE CONTROL,3.72,IM4,NOT POSSIBLE,N/A,WEST,3343762.0,3034653.0,-1.035,305.29,104.978,675.739,133.065,265.727,122.048,105.866,24.865,266.864,UNK,UNK,33916.3,33931.4,3342200.0,747113000.0,2.733,0.121,180.933,54.944,0.004,54.944,234.831,-1.035,305.29,104.7,676.0,1564.13,1561.23,1560.93,N/A,N/A,N/A,N/A,N/A,N/A,N/A,N/A,N/A,LSB_UNSIGNED_INTEGER,"frozenset({'CKG28ABA.PLT', 'S001024A.BSP', 'N/A', 'SSI_S NIP.G28AGD_FIXED_PICNOS_ACTID'})","VICAR programs run: SSIMERGE,UNMOSAIC,CATLABEL,BADL ABELS.",REDR,,,,,"frozenset({240, 1, 331, 470})",
C0639063400R,19531.459564771,-19531.459564771,-4921927.8103223,2460963.9051611,4726613.214674575,-2363306.6073373375,360.5414152365778,90.27070761828708,6.62292663789006,-86.6885366810568,FIXED_LENGTH,1000,810,"['C0639063400R.IMG', 1]","['C0639063400R.IMG', 3]","['C0639063400R.IMG', 5]","['C0639063400R.IMG', 11]","['C0639063400R.IMG', 11]",GO-J/JSA-SSI-2-REDR-V1.0,GALILEO ORBITER,SOLID STATE IMAGING SYSTEM,1,06390634.00,2002-01-18 15:16:24.144000+00:00,33E0001,33,33ESGLOCOL01,EUROPA,000T22:54:23Z,001T01:59:23Z,NOT APPLICABLE,GREEN,1,45.83,100K,8.667,OFF,NORMAL,OFF,NOT INVERTED,Y,HUFFMAN,2.392,IM8,NOT POSSIBLE,N/A,WEST,1924670.0,1266559.0,0.21,8.646,205.075,100.379,33.047,82.448,170.02,87.809,24.946,97.844,UNK,UNK,19523.8,19526.7,1923110.0,775193000.0,1.416,354.389,182.933,14.306,0.001,14.306,165.744,0.21,8.646,204.9,100.1,1564.13,1561.23,1560.93,N/A,N/A,N/A,N/A,N/A,N/A,N/A,N/A,N/A,LSB_UNSIGNED_INTEGER,"frozenset({'N ULL', 'S020128A.BSP', 'N/A', 'CKI33AFEPRED.PLT'})","VICAR programs run: SSIMERGE,UNMOSAIC,CATLABEL,BADL ABELS.",REDR,2.128,1.841,2.268,UNIFORM,"frozenset({400, 1, 220})",0.0
C0639063413R,19532.351784139,-19532.351784139,-4922152.649603,2461076.3248015,3711146.838986438,-2363414.5658808323,360.5496625745118,90.2748312872559,43.87128615413613,-86.69249671236578,FIXED_LENGTH,1000,813,"['C0639063413R.IMG', 1]","['C0639063413R.IMG', 3]","['C0639063413R.IMG', 5]","['C0639063413R.IMG', 14]","['C0639063413R.IMG', 14]",GO-J/JSA-SSI-2-REDR-V1.0,GALILEO ORBITER,SOLID STATE IMAGING SYSTEM,1,06390634.13,2002-01-18 15:16:32.886000+00:00,33E0002,33,33ESGLOCOL01,EUROPA,000T22:54:31Z,001T01:59:31Z,NOT APPLICABLE,VIOLET,3,195.83,100K,8.667,OFF,NORMAL,OFF,NOT INVERTED,Y,HUFFMAN,1.988,IM8,NOT POSSIBLE,N/A,WEST,1924757.0,1266658.0,0.21,8.65,200.833,291.514,61.423,82.486,169.914,87.694,24.963,97.854,UNK,UNK,19525.7,19525.5,1923190.0,775193000.0,1.416,354.4,182.941,14.3,0.001,14.3,165.749,0.21,8.65,200.8,291.5,1564.13,1561.23,1560.93,N/A,N/A,N/A,N/A,N/A,N/A,N/A,N/A,N/A,LSB_UNSIGNED_INTEGER,"frozenset({'N ULL', 'S020128A.BSP', 'N/A', 'CKI33AFEPRED.PLT'})","VICAR programs run: SSIMERGE,UNMOSAIC,CATLABEL,BADL ABELS.",REDR,2.128,1.841,2.268,UNIFORM,"frozenset({400, 1, 201, 240})",0.0
C0639063426R,19533.236141252,-19533.236141252,-4922375.5075955,2461187.7537978,3984780.1728154123,-2363521.573091444,360.5578372367404,90.27891861837202,33.834131760733726,-86.69642184779825,FIXED_LENGTH,1000,813,"['C0639063426R.IMG', 1]","['C0639063426R.IMG', 3]","['C0639063426R.IMG', 5]","['C0639063426R.IMG', 14]","['C0639063426R.IMG', 14]",GO-J/JSA-SSI-2-REDR-V1.0,GALILEO ORBITER,SOLID STATE IMAGING SYSTEM,1,06390634.26,2002-01-18 15:16:41.552000+00:00,33E0003,33,33ESGLOCOL01,EUROPA,000T22:54:40Z,001T01:59:40Z,NOT APPLICABLE,IR-7560,4,195.83,100K,8.667,OFF,NORMAL,OFF,NOT INVERTED,Y,HUFFMAN,2.053,IM8,NOT POSSIBLE,N/A,WEST,1924845.0,1266756.0,0.21,8.655,206.931,489.865,114.96,82.525,169.804,87.573,24.975,97.867,UNK,UNK,19530.2,19529.5,1923280.0,775193000.0,1.416,354.41,182.952,14.295,0.001,14.295,165.754,0.21,8.655,206.9,489.9,1564.13,1561.23,1560.93,N/A,N/A,N/A,N/A,N/A,N/A,N/A,N/A,N/A,LSB_UNSIGNED_INTEGER,"frozenset({'N ULL', 'S020128A.BSP', 'N/A', 'CKI33AFEPRED.PLT'})","VICAR programs run: SSIMERGE,UNMOSAIC,CATLABEL,BADL ABELS.",REDR,2.128,1.841,2.268,UNIFORM,"frozenset({400, 1, 441, 240})",0.0
C0639063433R,19534.130698328,-19534.130698328,-4922600.9359787,2461300.4679893,3711484.832682275,-2363629.8144977163,360.56610618356484,90.28305309178059,43.85888819493414,-86.70039225480718,FIXED_LENGTH,1000,810,"['C0639063433R.IMG', 1]","['C0639063433R.IMG', 3]","['C0639063433R.IMG', 5]","['C0639063433R.IMG', 11]","['C0639063433R.IMG', 11]",GO-J/JSA-SSI-2-REDR-V1.0,GALILEO ORBITER,SOLID STATE IMAGING SYSTEM,1,06390634.33,2002-01-18 15:16:50.319000+00:00,33E0004,33,33ESGLOCOL01,EUROPA,000T22:54:49Z,001T01:59:49Z,NOT APPLICABLE,IR-9680,5,395.83,100K,8.667,OFF,NORMAL,OFF,NOT INVERTED,Y,HUFFMAN,1.94,IM8,NOT POSSIBLE,N/A,WEST,1924933.0,1266855.0,0.21,8.66,203.561,689.459,145.837,82.569,169.693,87.452,24.992,97.874,UNK,UNK,19527.5,19530.4,1923370.0,775193000.0,1.416,354.42,182.957,14.29,0.001,14.29,165.76,0.21,8.66,203.4,689.7,1564.13,1561.23,1560.93,N/A,N/A,N/A,N/A,N/A,N/A,N/A,N/A,N/A,LSB_UNSIGNED_INTEGER,"frozenset({'N ULL', 'S020128A.BSP', 'N/A', 'CKI33AFEPRED.PLT'})","VICAR programs run: SSIMERGE,UNMOSAIC,CATLABEL,BADL ABELS.",REDR,2.128,1.841,2.268,UNIFORM,"frozenset({400, 1, 220, 581})",0.0
